-- phpMyAdmin SQL Dump
-- version 4.5.1
-- http://www.phpmyadmin.net
--
-- Host: 127.0.0.1
-- Generation Time: 2016-11-29 13:56:54
-- 服务器版本： 5.5.42-log
-- PHP Version: 5.5.25

SET SQL_MODE = "NO_AUTO_VALUE_ON_ZERO";
SET time_zone = "+00:00";


/*!40101 SET @OLD_CHARACTER_SET_CLIENT=@@CHARACTER_SET_CLIENT */;
/*!40101 SET @OLD_CHARACTER_SET_RESULTS=@@CHARACTER_SET_RESULTS */;
/*!40101 SET @OLD_COLLATION_CONNECTION=@@COLLATION_CONNECTION */;
/*!40101 SET NAMES utf8mb4 */;

--
-- Database: `hun`
--

-- --------------------------------------------------------

--
-- 表的结构 `hl_admin`
--

CREATE TABLE `hl_admin` (
  `admin_id` int(11) UNSIGNED NOT NULL COMMENT '婚礼直播管理员主键id',
  `name` varchar(20) NOT NULL COMMENT '管理员用户名',
  `password` varchar(50) NOT NULL COMMENT '管理员密码',
  `time` int(10) NOT NULL DEFAULT '0' COMMENT '注册时间',
  `login_time` int(10) NOT NULL DEFAULT '0' COMMENT '最近一次登录时间',
  `ip` varchar(20) DEFAULT NULL COMMENT '管理员登录ip',
  `type` tinyint(1) NOT NULL DEFAULT '0' COMMENT '管理类型0普通管理员1超级管理员'
) ENGINE=MyISAM DEFAULT CHARSET=utf8 COMMENT='婚礼直播管理员表';

--
-- 转存表中的数据 `hl_admin`
--

INSERT INTO `hl_admin` (`admin_id`, `name`, `password`, `time`, `login_time`, `ip`, `type`) VALUES
(1, 'admin', '96e79218965eb72c92a549dd5a330112', 1473825075, 1478175091, '0.0.0.0', 1),
(3, 'normal', '96e79218965eb72c92a549dd5a330112', 1473825335, 1477885340, '0.0.0.0', 0),
(10, 'shibin', '96e79218965eb72c92a549dd5a330112', 1479198121, 1479198121, '111.165.20.133', 0),
(12, 'yutanglang', 'e10adc3949ba59abbe56e057f20f883e', 1480124622, 1480124622, '36.110.69.203', 0),
(13, 'chake', '59ee9a402f4800b4983877b34c40fbc2', 1480224997, 1480224997, '211.100.57.165', 0),
(14, 'benyuan', '25f9e794323b453885f5181f1b624d0b', 1480320865, 1480320865, '123.151.138.100', 0);

-- --------------------------------------------------------

--
-- 表的结构 `hl_app`
--

CREATE TABLE `hl_app` (
  `appid` int(10) UNSIGNED NOT NULL COMMENT '主键id',
  `appname` char(100) NOT NULL DEFAULT '' COMMENT '应用名称',
  `pubtime` int(10) UNSIGNED NOT NULL DEFAULT '0' COMMENT '发布时间',
  `active` tinyint(1) NOT NULL DEFAULT '1'
) ENGINE=MyISAM DEFAULT CHARSET=utf8;

--
-- 转存表中的数据 `hl_app`
--

INSERT INTO `hl_app` (`appid`, `appname`, `pubtime`, `active`) VALUES
(1, 'goto', 4294967295, 1),
(2, 'edu', 1479089684, 1),
(3, 'hunli', 1479091118, 1),
(5, 'children', 1479094012, 1),
(6, 'xingzhichashe', 1479545804, 1);

-- --------------------------------------------------------

--
-- 表的结构 `hl_guanggao`
--

CREATE TABLE `hl_guanggao` (
  `id` int(11) UNSIGNED NOT NULL COMMENT '主键id',
  `big_img` varchar(100) DEFAULT NULL COMMENT '大广告图',
  `small_img` varchar(100) DEFAULT NULL COMMENT '小广告图',
  `fenlei` tinyint(2) DEFAULT NULL COMMENT '广告位置',
  `url` varchar(255) NOT NULL COMMENT '广告链接'
) ENGINE=MyISAM DEFAULT CHARSET=utf8 COMMENT='广告图表';

--
-- 转存表中的数据 `hl_guanggao`
--

INSERT INTO `hl_guanggao` (`id`, `big_img`, `small_img`, `fenlei`, `url`) VALUES
(22, '/uploads/2016/11/09/58234196345bf.jpg', '/uploads/2016/11/09/582341963482b.jpg', 2, ''),
(3, '/uploads/2016/10/13/57fee38fcdb70.jpg', '/uploads/2016/10/13/57fee38fcdb70.jpg', 3, ''),
(4, '/uploads/2016/10/17/5804c44109795.png', '/uploads/2016/10/17/5804c44109795.png', 4, ''),
(13, '/uploads/2016/10/21/5808f9ab8d1d9.jpg', NULL, 1, ''),
(14, '/uploads/2016/10/21/5808fe894bd51.jpg', '/uploads/2016/10/21/5808fe894c521.jpg', 5, ''),
(16, '/uploads/2016/10/21/580903cede256.jpg', NULL, 7, ''),
(18, '/uploads/2016/10/21/5809054c025ee.jpg', '/uploads/2016/10/21/5809054c029d6.jpg', 7, ''),
(12, '/uploads/2016/10/21/5808f72e0f170.jpg', '/uploads/2016/10/21/5808f72e0f558.jpg', 8, ''),
(10, '/uploads/2016/10/20/5808e37ce5e58.jpg', '/uploads/2016/10/20/5808e37ce6240.jpg', 6, ''),
(17, '/uploads/2016/10/21/580903fc6c2e6.jpg', NULL, 7, ''),
(19, '/uploads/2016/10/21/58090651d06ce.jpg', '/uploads/2016/10/21/58090651d1286.jpg', 7, ''),
(23, NULL, '/uploads/2016/11/16/582bf571a65a7.jpg', 1, 'http://www.yinongchang.cn/mobile/goods.php?id=537'),
(24, NULL, '/uploads/2016/11/17/582d3ed2d14c7.jpg', 1, 'http://www.yinongchang.cn/mobile/goods.php?id=537'),
(25, '/uploads/2016/11/17/582d3f24e5c40.jpg', NULL, 2, '');

-- --------------------------------------------------------

--
-- 表的结构 `hl_guankan`
--

CREATE TABLE `hl_guankan` (
  `gk_id` int(11) UNSIGNED NOT NULL COMMENT '观看记录表主键id',
  `sp_id` int(11) DEFAULT NULL COMMENT '添加视频表的主键id',
  `sp_title` varchar(255) DEFAULT NULL,
  `userid` int(11) DEFAULT NULL COMMENT '会员id',
  `gk_time` int(11) DEFAULT NULL COMMENT '观看时间',
  `sp_img` varchar(255) DEFAULT NULL
) ENGINE=MyISAM DEFAULT CHARSET=utf8 COMMENT='观看记录表';

--
-- 转存表中的数据 `hl_guankan`
--

INSERT INTO `hl_guankan` (`gk_id`, `sp_id`, `sp_title`, `userid`, `gk_time`, `sp_img`) VALUES
(1, 11, '张飛&彭丽娟婚礼', 18, 1477710993, '/uploads/2016/10/21/580902ff36466.jpeg'),
(2, 11, '张飛&彭丽娟婚礼', 18, 1477711014, '/uploads/2016/10/21/580902ff36466.jpeg'),
(3, 11, '张飛&彭丽娟婚礼', 18, 1477711706, '/uploads/2016/10/21/580902ff36466.jpeg'),
(4, 11, '张飛&彭丽娟婚礼', 18, 1477711775, '/uploads/2016/10/21/580902ff36466.jpeg'),
(5, 11, '张飛&彭丽娟婚礼', 18, 1477723972, '/uploads/2016/10/21/580902ff36466.jpeg'),
(6, 11, '张飛&彭丽娟婚礼', 18, 1477724202, '/uploads/2016/10/21/580902ff36466.jpeg'),
(7, 11, '张飛&彭丽娟婚礼', 18, 1477733512, '/uploads/2016/10/21/580902ff36466.jpeg'),
(8, 11, '张飛&彭丽娟婚礼', 18, 1477733782, '/uploads/2016/10/21/580902ff36466.jpeg'),
(9, 11, '张飛&彭丽娟婚礼', 18, 1477733891, '/uploads/2016/10/21/580902ff36466.jpeg'),
(10, 11, '张飛&彭丽娟婚礼', 18, 1477734010, '/uploads/2016/10/21/580902ff36466.jpeg'),
(11, 11, '张飛&彭丽娟婚礼', 18, 1477734106, '/uploads/2016/10/21/580902ff36466.jpeg'),
(12, 11, '张飛&彭丽娟婚礼', 18, 1477734199, '/uploads/2016/10/21/580902ff36466.jpeg'),
(13, 11, '张飛&彭丽娟婚礼', 18, 1477734443, '/uploads/2016/10/21/580902ff36466.jpeg'),
(14, 11, '张飛&彭丽娟婚礼', 18, 1477734501, '/uploads/2016/10/21/580902ff36466.jpeg'),
(15, 11, '张飛&彭丽娟婚礼', 18, 1477734785, '/uploads/2016/10/21/580902ff36466.jpeg'),
(16, 11, '张飛&彭丽娟婚礼', 18, 1477734889, '/uploads/2016/10/21/580902ff36466.jpeg'),
(17, 11, '张飛&彭丽娟婚礼', 18, 1477736088, '/uploads/2016/10/21/580902ff36466.jpeg'),
(18, 11, '张飛&彭丽娟婚礼', 18, 1477736101, '/uploads/2016/10/21/580902ff36466.jpeg'),
(19, 11, '张飛&彭丽娟婚礼', 18, 1477736156, '/uploads/2016/10/21/580902ff36466.jpeg'),
(20, 11, '张飛&彭丽娟婚礼', 18, 1477736305, '/uploads/2016/10/21/580902ff36466.jpeg'),
(21, 11, '张飛&彭丽娟婚礼', 18, 1477736540, '/uploads/2016/10/21/580902ff36466.jpeg'),
(22, 11, '张飛&彭丽娟婚礼', 18, 1477737146, '/uploads/2016/10/21/580902ff36466.jpeg'),
(23, 11, '张飛&彭丽娟婚礼', 18, 1477737183, '/uploads/2016/10/21/580902ff36466.jpeg'),
(24, 11, '张飛&彭丽娟婚礼', 18, 1477737697, '/uploads/2016/10/21/580902ff36466.jpeg'),
(25, 11, '张飛&彭丽娟婚礼', 18, 1477737711, '/uploads/2016/10/21/580902ff36466.jpeg'),
(26, 11, '张飛&彭丽娟婚礼', 18, 1477738407, '/uploads/2016/10/21/580902ff36466.jpeg'),
(27, 11, '张飛&彭丽娟婚礼', 18, 1477740270, '/uploads/2016/10/21/580902ff36466.jpeg'),
(28, 11, '张飛&彭丽娟婚礼', 18, 1477876348, '/uploads/2016/10/21/580902ff36466.jpeg'),
(29, 11, '张飛&彭丽娟婚礼', 18, 1477876357, '/uploads/2016/10/21/580902ff36466.jpeg'),
(30, 11, '张飛&彭丽娟婚礼', 18, 1477876412, '/uploads/2016/10/21/580902ff36466.jpeg'),
(31, 11, '张飛&彭丽娟婚礼', 18, 1477876470, '/uploads/2016/10/21/580902ff36466.jpeg'),
(32, 11, '张飛&彭丽娟婚礼', 18, 1477876619, '/uploads/2016/10/21/580902ff36466.jpeg'),
(33, 11, '张飛&彭丽娟婚礼', 18, 1477876676, '/uploads/2016/10/21/580902ff36466.jpeg'),
(34, 11, '张飛&彭丽娟婚礼', 18, 1477879557, '/uploads/2016/10/21/580902ff36466.jpeg'),
(35, 11, '张飛&彭丽娟婚礼', 2, 1477879846, '/uploads/2016/10/21/580902ff36466.jpeg'),
(36, 11, '张飛&彭丽娟婚礼', 18, 1477879644, '/uploads/2016/10/21/580902ff36466.jpeg'),
(37, 11, '张飛&彭丽娟婚礼', 2, 1477880024, '/uploads/2016/10/21/580902ff36466.jpeg'),
(38, 11, '张飛&彭丽娟婚礼', 2, 1477879774, '/uploads/2016/10/21/580902ff36466.jpeg'),
(39, 11, '张飛&彭丽娟婚礼', 18, 1477879797, '/uploads/2016/10/21/580902ff36466.jpeg'),
(40, 11, '张飛&彭丽娟婚礼', 18, 1477882347, '/uploads/2016/10/21/580902ff36466.jpeg'),
(41, 11, '张飛&彭丽娟婚礼', 18, 1477882544, '/uploads/2016/10/21/580902ff36466.jpeg'),
(42, 11, '张飛&彭丽娟婚礼', 18, 1477882596, '/uploads/2016/10/21/580902ff36466.jpeg'),
(43, 11, '张飛&彭丽娟婚礼', 18, 1477882612, '/uploads/2016/10/21/580902ff36466.jpeg'),
(44, 11, '张飛&彭丽娟婚礼', 18, 1477882641, '/uploads/2016/10/21/580902ff36466.jpeg'),
(45, 11, '张飛&彭丽娟婚礼', 2, 1477882714, '/uploads/2016/10/21/580902ff36466.jpeg'),
(46, 11, '张飛&彭丽娟婚礼', 2, 1477882720, '/uploads/2016/10/21/580902ff36466.jpeg'),
(47, 11, '张飛&彭丽娟婚礼', 2, 1477882724, '/uploads/2016/10/21/580902ff36466.jpeg'),
(48, 11, '张飛&彭丽娟婚礼', 18, 1477882997, '/uploads/2016/10/21/580902ff36466.jpeg'),
(49, 11, '张飛&彭丽娟婚礼', 2, 1477884085, '/uploads/2016/10/21/580902ff36466.jpeg'),
(50, 11, '张飛&彭丽娟婚礼', 2, 1477884233, '/uploads/2016/10/21/580902ff36466.jpeg'),
(51, 11, '张飛&彭丽娟婚礼', 2, 1477885983, '/uploads/2016/10/21/580902ff36466.jpeg'),
(52, 11, '张飛&彭丽娟婚礼', 2, 1477885987, '/uploads/2016/10/21/580902ff36466.jpeg'),
(53, 11, '张飛&彭丽娟婚礼', 2, 1477886152, '/uploads/2016/10/21/580902ff36466.jpeg'),
(54, 11, '张飛&彭丽娟婚礼', 18, 1477889762, '/uploads/2016/10/21/580902ff36466.jpeg'),
(55, 11, '张飛&彭丽娟婚礼', 18, 1477889800, '/uploads/2016/10/21/580902ff36466.jpeg'),
(56, 11, '张飛&彭丽娟婚礼', 18, 1477889877, '/uploads/2016/10/21/580902ff36466.jpeg'),
(57, 11, '张飛&彭丽娟婚礼', 18, 1477889899, '/uploads/2016/10/21/580902ff36466.jpeg'),
(58, 11, '张飛&彭丽娟婚礼', 18, 1477889951, '/uploads/2016/10/21/580902ff36466.jpeg'),
(59, 11, '张飛&彭丽娟婚礼', 18, 1477890040, '/uploads/2016/10/21/580902ff36466.jpeg'),
(60, 11, '张飛&彭丽娟婚礼', 18, 1477890063, '/uploads/2016/10/21/580902ff36466.jpeg'),
(61, 11, '张飛&彭丽娟婚礼', 18, 1477890078, '/uploads/2016/10/21/580902ff36466.jpeg'),
(62, 11, '张飛&彭丽娟婚礼', 18, 1477890112, '/uploads/2016/10/21/580902ff36466.jpeg'),
(63, 11, '张飛&彭丽娟婚礼', 18, 1477890523, '/uploads/2016/10/21/580902ff36466.jpeg'),
(64, 11, '张飛&彭丽娟婚礼', 18, 1477890527, '/uploads/2016/10/21/580902ff36466.jpeg'),
(65, 11, '张飛&彭丽娟婚礼', 18, 1477890618, '/uploads/2016/10/21/580902ff36466.jpeg'),
(66, 11, '张飛&彭丽娟婚礼', 18, 1477890673, '/uploads/2016/10/21/580902ff36466.jpeg'),
(67, 11, '张飛&彭丽娟婚礼', 18, 1477890711, '/uploads/2016/10/21/580902ff36466.jpeg'),
(68, 11, '张飛&彭丽娟婚礼', 18, 1477890845, '/uploads/2016/10/21/580902ff36466.jpeg'),
(69, 11, '张飛&彭丽娟婚礼', 18, 1477891191, '/uploads/2016/10/21/580902ff36466.jpeg'),
(70, 11, '张飛&彭丽娟婚礼', 18, 1477891306, '/uploads/2016/10/21/580902ff36466.jpeg'),
(71, 11, '张飛&彭丽娟婚礼', 18, 1477891349, '/uploads/2016/10/21/580902ff36466.jpeg'),
(72, 11, '张飛&彭丽娟婚礼', 2, 1477891677, '/uploads/2016/10/21/580902ff36466.jpeg'),
(73, 11, '张飛&彭丽娟婚礼', 2, 1477891679, '/uploads/2016/10/21/580902ff36466.jpeg'),
(74, 11, '张飛&彭丽娟婚礼', 18, 1477891408, '/uploads/2016/10/21/580902ff36466.jpeg'),
(75, 11, '张飛&彭丽娟婚礼', 18, 1477891416, '/uploads/2016/10/21/580902ff36466.jpeg'),
(76, 11, '张飛&彭丽娟婚礼', 18, 1477891646, '/uploads/2016/10/21/580902ff36466.jpeg'),
(77, 11, '张飛&彭丽娟婚礼', 18, 1477891704, '/uploads/2016/10/21/580902ff36466.jpeg'),
(78, 11, '张飛&彭丽娟婚礼', 18, 1477891779, '/uploads/2016/10/21/580902ff36466.jpeg'),
(79, 11, '张飛&彭丽娟婚礼', 2, 1477892070, '/uploads/2016/10/21/580902ff36466.jpeg'),
(80, 11, '张飛&彭丽娟婚礼', 2, 1477892098, '/uploads/2016/10/21/580902ff36466.jpeg'),
(81, 11, '张飛&彭丽娟婚礼', 18, 1477891851, '/uploads/2016/10/21/580902ff36466.jpeg'),
(82, 11, '张飛&彭丽娟婚礼', 2, 1477892262, '/uploads/2016/10/21/580902ff36466.jpeg'),
(83, 11, '张飛&彭丽娟婚礼', 2, 1477892294, '/uploads/2016/10/21/580902ff36466.jpeg'),
(84, 11, '张飛&彭丽娟婚礼', 2, 1477892363, '/uploads/2016/10/21/580902ff36466.jpeg'),
(85, 11, '张飛&彭丽娟婚礼', 2, 1477892517, '/uploads/2016/10/21/580902ff36466.jpeg'),
(86, 11, '张飛&彭丽娟婚礼', 18, 1477892383, '/uploads/2016/10/21/580902ff36466.jpeg'),
(87, 11, '张飛&彭丽娟婚礼', 18, 1477892400, '/uploads/2016/10/21/580902ff36466.jpeg'),
(88, 11, '张飛&彭丽娟婚礼', 18, 1477893361, '/uploads/2016/10/21/580902ff36466.jpeg'),
(89, 11, '张飛&彭丽娟婚礼', 18, 1477893525, '/uploads/2016/10/21/580902ff36466.jpeg'),
(90, 11, '张飛&彭丽娟婚礼', 18, 1477893594, '/uploads/2016/10/21/580902ff36466.jpeg'),
(91, 11, '张飛&彭丽娟婚礼', 18, 1477893648, '/uploads/2016/10/21/580902ff36466.jpeg'),
(92, 11, '张飛&彭丽娟婚礼', 18, 1477893663, '/uploads/2016/10/21/580902ff36466.jpeg'),
(93, 11, '张飛&彭丽娟婚礼', 18, 1477893698, '/uploads/2016/10/21/580902ff36466.jpeg'),
(94, 11, '张飛&彭丽娟婚礼', 18, 1477893844, '/uploads/2016/10/21/580902ff36466.jpeg'),
(95, 11, '张飛&彭丽娟婚礼', 18, 1477893925, '/uploads/2016/10/21/580902ff36466.jpeg'),
(96, 11, '张飛&彭丽娟婚礼', 18, 1477893982, '/uploads/2016/10/21/580902ff36466.jpeg'),
(97, 11, '张飛&彭丽娟婚礼', 18, 1477893988, '/uploads/2016/10/21/580902ff36466.jpeg'),
(98, 11, '张飛&彭丽娟婚礼', 18, 1477894034, '/uploads/2016/10/21/580902ff36466.jpeg'),
(99, 11, '张飛&彭丽娟婚礼', 18, 1477894078, '/uploads/2016/10/21/580902ff36466.jpeg'),
(100, 11, '张飛&彭丽娟婚礼', 18, 1477894079, '/uploads/2016/10/21/580902ff36466.jpeg'),
(101, 11, '张飛&彭丽娟婚礼', 18, 1477894118, '/uploads/2016/10/21/580902ff36466.jpeg'),
(102, 11, '张飛&彭丽娟婚礼', 18, 1477894129, '/uploads/2016/10/21/580902ff36466.jpeg'),
(103, 11, '张飛&彭丽娟婚礼', 18, 1477894135, '/uploads/2016/10/21/580902ff36466.jpeg'),
(104, 11, '张飛&彭丽娟婚礼', 18, 1477894158, '/uploads/2016/10/21/580902ff36466.jpeg'),
(105, 11, '张飛&彭丽娟婚礼', 18, 1477894188, '/uploads/2016/10/21/580902ff36466.jpeg'),
(106, 11, '张飛&彭丽娟婚礼', 18, 1477894200, '/uploads/2016/10/21/580902ff36466.jpeg'),
(107, 11, '张飛&彭丽娟婚礼', 18, 1477894357, '/uploads/2016/10/21/580902ff36466.jpeg'),
(108, 11, '张飛&彭丽娟婚礼', 2, 1477895327, '/uploads/2016/10/21/580902ff36466.jpeg'),
(109, 11, '张飛&彭丽娟婚礼', 2, 1477895619, '/uploads/2016/10/21/580902ff36466.jpeg'),
(110, 11, '张飛&彭丽娟婚礼', 2, 1477895623, '/uploads/2016/10/21/580902ff36466.jpeg'),
(111, 11, '张飛&彭丽娟婚礼', 2, 1477895697, '/uploads/2016/10/21/580902ff36466.jpeg'),
(112, 11, '张飛&彭丽娟婚礼', 2, 1477895488, '/uploads/2016/10/21/580902ff36466.jpeg'),
(113, 11, '张飛&彭丽娟婚礼', 2, 1477895962, '/uploads/2016/10/21/580902ff36466.jpeg'),
(114, 11, '张飛&彭丽娟婚礼', 18, 1477895700, '/uploads/2016/10/21/580902ff36466.jpeg'),
(115, 11, '张飛&彭丽娟婚礼', 2, 1477896303, '/uploads/2016/10/21/580902ff36466.jpeg'),
(116, 11, '张飛&彭丽娟婚礼', 2, 1477896305, '/uploads/2016/10/21/580902ff36466.jpeg'),
(117, 11, '张飛&彭丽娟婚礼', 2, 1477897136, '/uploads/2016/10/21/580902ff36466.jpeg'),
(118, 11, '张飛&彭丽娟婚礼', 2, 1477897138, '/uploads/2016/10/21/580902ff36466.jpeg'),
(119, 11, '张飛&彭丽娟婚礼', 2, 1477897162, '/uploads/2016/10/21/580902ff36466.jpeg'),
(120, 11, '张飛&彭丽娟婚礼', 2, 1477897836, '/uploads/2016/10/21/580902ff36466.jpeg'),
(121, 11, '张飛&彭丽娟婚礼', 2, 1477898752, '/uploads/2016/10/21/580902ff36466.jpeg'),
(122, 11, '张飛&彭丽娟婚礼', 2, 1477899001, '/uploads/2016/10/21/580902ff36466.jpeg'),
(123, 11, '张飛&彭丽娟婚礼', 2, 1477902452, '/uploads/2016/10/21/580902ff36466.jpeg'),
(124, 11, '张飛&彭丽娟婚礼', 18, 1477905683, '/uploads/2016/10/21/580902ff36466.jpeg'),
(125, 11, '张飛&彭丽娟婚礼', 18, 1477905816, '/uploads/2016/10/21/580902ff36466.jpeg'),
(126, 11, '张飛&彭丽娟婚礼', 18, 1477905872, '/uploads/2016/10/21/580902ff36466.jpeg'),
(127, 11, '张飛&彭丽娟婚礼', 18, 1477905930, '/uploads/2016/10/21/580902ff36466.jpeg'),
(128, 11, '张飛&彭丽娟婚礼', 18, 1477906191, '/uploads/2016/10/21/580902ff36466.jpeg'),
(129, 11, '张飛&彭丽娟婚礼', 18, 1477906499, '/uploads/2016/10/21/580902ff36466.jpeg'),
(130, 11, '张飛&彭丽娟婚礼', 18, 1477906511, '/uploads/2016/10/21/580902ff36466.jpeg'),
(131, 11, '张飛&彭丽娟婚礼', 18, 1477906622, '/uploads/2016/10/21/580902ff36466.jpeg'),
(132, 11, '张飛&彭丽娟婚礼', 18, 1477906802, '/uploads/2016/10/21/580902ff36466.jpeg'),
(133, 11, '张飛&彭丽娟婚礼', 18, 1477906951, '/uploads/2016/10/21/580902ff36466.jpeg'),
(134, 11, '张飛&彭丽娟婚礼', 18, 1477906997, '/uploads/2016/10/21/580902ff36466.jpeg'),
(135, 11, '张飛&彭丽娟婚礼', 18, 1477907071, '/uploads/2016/10/21/580902ff36466.jpeg'),
(136, 11, '张飛&彭丽娟婚礼', 2, 1477907539, '/uploads/2016/10/21/580902ff36466.jpeg'),
(137, 11, '张飛&彭丽娟婚礼', 18, 1477910864, '/uploads/2016/10/21/580902ff36466.jpeg'),
(138, 11, '张飛&彭丽娟婚礼', 18, 1477910869, '/uploads/2016/10/21/580902ff36466.jpeg'),
(139, 11, '张飛&彭丽娟婚礼', 18, 1477910994, '/uploads/2016/10/21/580902ff36466.jpeg'),
(140, 11, '张飛&彭丽娟婚礼', 18, 1477911005, '/uploads/2016/10/21/580902ff36466.jpeg'),
(141, 11, '张飛&彭丽娟婚礼', 18, 1477911007, '/uploads/2016/10/21/580902ff36466.jpeg'),
(142, 11, '张飛&彭丽娟婚礼', 18, 1477911055, '/uploads/2016/10/21/580902ff36466.jpeg'),
(143, 11, '张飛&彭丽娟婚礼', 18, 1477911057, '/uploads/2016/10/21/580902ff36466.jpeg'),
(144, 11, '张飛&彭丽娟婚礼', 18, 1477911216, '/uploads/2016/10/21/580902ff36466.jpeg'),
(145, 11, '张飛&彭丽娟婚礼', 18, 1477911218, '/uploads/2016/10/21/580902ff36466.jpeg'),
(146, 11, '张飛&彭丽娟婚礼', 18, 1477911222, '/uploads/2016/10/21/580902ff36466.jpeg'),
(147, 11, '张飛&彭丽娟婚礼', 18, 1477911259, '/uploads/2016/10/21/580902ff36466.jpeg'),
(148, 11, '张飛&彭丽娟婚礼', 18, 1477911271, '/uploads/2016/10/21/580902ff36466.jpeg'),
(149, 11, '张飛&彭丽娟婚礼', 18, 1477911297, '/uploads/2016/10/21/580902ff36466.jpeg'),
(150, 11, '张飛&彭丽娟婚礼', 18, 1477911307, '/uploads/2016/10/21/580902ff36466.jpeg'),
(151, 11, '张飛&彭丽娟婚礼', 18, 1477911351, '/uploads/2016/10/21/580902ff36466.jpeg'),
(152, 11, '张飛&彭丽娟婚礼', 2, 1477911757, '/uploads/2016/10/21/580902ff36466.jpeg'),
(153, 11, '张飛&彭丽娟婚礼', 2, 1477911864, '/uploads/2016/10/21/580902ff36466.jpeg'),
(154, 11, '张飛&彭丽娟婚礼', 2, 1477912114, '/uploads/2016/10/21/580902ff36466.jpeg'),
(155, 11, '张飛&彭丽娟婚礼', 2, 1477912186, '/uploads/2016/10/21/580902ff36466.jpeg'),
(156, 11, '张飛&彭丽娟婚礼', 2, 1477912212, '/uploads/2016/10/21/580902ff36466.jpeg'),
(157, 11, '张飛&彭丽娟婚礼', 2, 1477912297, '/uploads/2016/10/21/580902ff36466.jpeg'),
(158, 11, '张飛&彭丽娟婚礼', 2, 1477912304, '/uploads/2016/10/21/580902ff36466.jpeg'),
(159, 11, '张飛&彭丽娟婚礼', 2, 1477912310, '/uploads/2016/10/21/580902ff36466.jpeg'),
(160, 11, '张飛&彭丽娟婚礼', 2, 1477912356, '/uploads/2016/10/21/580902ff36466.jpeg'),
(161, 11, '张飛&彭丽娟婚礼', 2, 1477912361, '/uploads/2016/10/21/580902ff36466.jpeg'),
(162, 11, '张飛&彭丽娟婚礼', 2, 1477912366, '/uploads/2016/10/21/580902ff36466.jpeg'),
(163, 11, '张飛&彭丽娟婚礼', 2, 1477912370, '/uploads/2016/10/21/580902ff36466.jpeg'),
(164, 11, '张飛&彭丽娟婚礼', 2, 1477912491, '/uploads/2016/10/21/580902ff36466.jpeg'),
(165, 11, '张飛&彭丽娟婚礼', 2, 1477912495, '/uploads/2016/10/21/580902ff36466.jpeg'),
(166, 11, '张飛&彭丽娟婚礼', 2, 1477912556, '/uploads/2016/10/21/580902ff36466.jpeg'),
(167, 11, '张飛&彭丽娟婚礼', 18, 1477912460, '/uploads/2016/10/21/580902ff36466.jpeg'),
(168, 11, '张飛&彭丽娟婚礼', 2, 1477912852, '/uploads/2016/10/21/580902ff36466.jpeg'),
(169, 11, '张飛&彭丽娟婚礼', 2, 1477912882, '/uploads/2016/10/21/580902ff36466.jpeg'),
(170, 11, '张飛&彭丽娟婚礼', 2, 1477913057, '/uploads/2016/10/21/580902ff36466.jpeg'),
(171, 11, '张飛&彭丽娟婚礼', 2, 1477913660, '/uploads/2016/10/21/580902ff36466.jpeg'),
(172, 11, '张飛&彭丽娟婚礼', 2, 1477913745, '/uploads/2016/10/21/580902ff36466.jpeg'),
(173, 11, '张飛&彭丽娟婚礼', 18, 1477913680, '/uploads/2016/10/21/580902ff36466.jpeg'),
(174, 11, '张飛&彭丽娟婚礼', 18, 1477914024, '/uploads/2016/10/21/580902ff36466.jpeg'),
(175, 11, '张飛&彭丽娟婚礼', 18, 1477914946, '/uploads/2016/10/21/580902ff36466.jpeg'),
(176, 11, '张飛&彭丽娟婚礼', 18, 1477915550, '/uploads/2016/10/21/580902ff36466.jpeg'),
(177, 11, '张飛&彭丽娟婚礼', 18, 1477915873, '/uploads/2016/10/21/580902ff36466.jpeg'),
(178, 11, '张飛&彭丽娟婚礼', 18, 1477915883, '/uploads/2016/10/21/580902ff36466.jpeg'),
(179, 11, '张飛&彭丽娟婚礼', 18, 1477915907, '/uploads/2016/10/21/580902ff36466.jpeg'),
(180, 11, '张飛&彭丽娟婚礼', 18, 1477915920, '/uploads/2016/10/21/580902ff36466.jpeg'),
(181, 11, '张飛&彭丽娟婚礼', 18, 1477915938, '/uploads/2016/10/21/580902ff36466.jpeg'),
(182, 11, '张飛&彭丽娟婚礼', 18, 1477916200, '/uploads/2016/10/21/580902ff36466.jpeg'),
(183, 11, '张飛&彭丽娟婚礼', 18, 1477916318, '/uploads/2016/10/21/580902ff36466.jpeg'),
(184, 11, '张飛&彭丽娟婚礼', 18, 1477916832, '/uploads/2016/10/21/580902ff36466.jpeg'),
(185, 11, '张飛&彭丽娟婚礼', 18, 1477916929, '/uploads/2016/10/21/580902ff36466.jpeg'),
(186, 11, '张飛&彭丽娟婚礼', 18, 1477916961, '/uploads/2016/10/21/580902ff36466.jpeg'),
(187, 11, '张飛&彭丽娟婚礼', 18, 1477916983, '/uploads/2016/10/21/580902ff36466.jpeg'),
(188, 11, '张飛&彭丽娟婚礼', 18, 1477917076, '/uploads/2016/10/21/580902ff36466.jpeg'),
(189, 11, '张飛&彭丽娟婚礼', 18, 1477917096, '/uploads/2016/10/21/580902ff36466.jpeg'),
(190, 11, '张飛&彭丽娟婚礼', 18, 1477917243, '/uploads/2016/10/21/580902ff36466.jpeg'),
(191, 11, '张飛&彭丽娟婚礼', 18, 1477917492, '/uploads/2016/10/21/580902ff36466.jpeg'),
(192, 11, '张飛&彭丽娟婚礼', 18, 1477918418, '/uploads/2016/10/21/580902ff36466.jpeg'),
(193, 11, '张飛&彭丽娟婚礼', 18, 1477918440, '/uploads/2016/10/21/580902ff36466.jpeg'),
(194, 11, '张飛&彭丽娟婚礼', 18, 1477918446, '/uploads/2016/10/21/580902ff36466.jpeg'),
(195, 11, '张飛&彭丽娟婚礼', 18, 1477919191, '/uploads/2016/10/21/580902ff36466.jpeg'),
(196, 11, '张飛&彭丽娟婚礼', 18, 1477921574, '/uploads/2016/10/21/580902ff36466.jpeg'),
(197, 11, '张飛&彭丽娟婚礼', 18, 1477921605, '/uploads/2016/10/21/580902ff36466.jpeg'),
(198, 11, '张飛&彭丽娟婚礼', 18, 1477921920, '/uploads/2016/10/21/580902ff36466.jpeg'),
(199, 11, '张飛&彭丽娟婚礼', 18, 1477921941, '/uploads/2016/10/21/580902ff36466.jpeg'),
(200, 11, '张飛&彭丽娟婚礼', 18, 1477922040, '/uploads/2016/10/21/580902ff36466.jpeg'),
(201, 11, '张飛&彭丽娟婚礼', 18, 1477922247, '/uploads/2016/10/21/580902ff36466.jpeg'),
(202, 11, '张飛&彭丽娟婚礼', 18, 1477922270, '/uploads/2016/10/21/580902ff36466.jpeg'),
(203, 11, '张飛&彭丽娟婚礼', 18, 1477922296, '/uploads/2016/10/21/580902ff36466.jpeg'),
(204, 11, '张飛&彭丽娟婚礼', 18, 1477922409, '/uploads/2016/10/21/580902ff36466.jpeg'),
(205, 11, '张飛&彭丽娟婚礼', 2, 1477966377, '/uploads/2016/10/21/580902ff36466.jpeg'),
(206, 11, '张飛&彭丽娟婚礼', 2, 1477966561, '/uploads/2016/10/21/580902ff36466.jpeg'),
(207, 11, '张飛&彭丽娟婚礼', 2, 1477966933, '/uploads/2016/10/21/580902ff36466.jpeg'),
(208, 11, '张飛&彭丽娟婚礼', 2, 1477967142, '/uploads/2016/10/21/580902ff36466.jpeg'),
(209, 11, '张飛&彭丽娟婚礼', 2, 1477967155, '/uploads/2016/10/21/580902ff36466.jpeg'),
(210, 11, '张飛&彭丽娟婚礼', 2, 1477967804, '/uploads/2016/10/21/580902ff36466.jpeg'),
(211, 11, '张飛&彭丽娟婚礼', 2, 1477967861, '/uploads/2016/10/21/580902ff36466.jpeg'),
(212, 11, '张飛&彭丽娟婚礼', 2, 1477967865, '/uploads/2016/10/21/580902ff36466.jpeg'),
(213, 11, '张飛&彭丽娟婚礼', 2, 1477967976, '/uploads/2016/10/21/580902ff36466.jpeg'),
(214, 11, '张飛&彭丽娟婚礼', 2, 1477968010, '/uploads/2016/10/21/580902ff36466.jpeg'),
(215, 11, '张飛&彭丽娟婚礼', 2, 1477968165, '/uploads/2016/10/21/580902ff36466.jpeg'),
(216, 11, '张飛&彭丽娟婚礼', 2, 1477968177, '/uploads/2016/10/21/580902ff36466.jpeg'),
(217, 11, '张飛&彭丽娟婚礼', 2, 1477968224, '/uploads/2016/10/21/580902ff36466.jpeg'),
(218, 2, '世纪婚礼', 18, 1478323102, '581d6b36c15b8.jpg'),
(219, 2, '世纪婚礼', 18, 1478323341, '581d6b36c15b8.jpg'),
(220, 2, '世纪婚礼', 18, 1478323354, '581d6b36c15b8.jpg'),
(221, 2, '世纪婚礼', 2, 1478323428, '581d6b36c15b8.jpg'),
(222, 2, '世纪婚礼', 18, 1478323537, '581d6b36c15b8.jpg'),
(223, 2, '世纪婚礼', 18, 1478323539, '581d6b36c15b8.jpg'),
(224, 2, '世纪婚礼', 2, 1478323822, '581d6b36c15b8.jpg'),
(225, 2, '世纪婚礼', 18, 1478324888, '581d6b36c15b8.jpg'),
(226, 2, '世纪婚礼', 18, 1478325027, '581d6b36c15b8.jpg'),
(227, 2, '世纪婚礼', 2, 1478326568, '581d6b36c15b8.jpg'),
(228, 2, '世纪婚礼', 2, 1478326575, '581d6b36c15b8.jpg'),
(229, 2, '世纪婚礼', 2, 1478327383, '581d6b36c15b8.jpg'),
(230, 2, '世纪婚礼', 2, 1478327426, '581d6b36c15b8.jpg'),
(231, 2, '世纪婚礼', 2, 1478327603, '581d6b36c15b8.jpg'),
(232, 2, '世纪婚礼', 2, 1478327963, '581d6b36c15b8.jpg'),
(233, 2, '世纪婚礼', 2, 1478328770, '581d6b36c15b8.jpg'),
(234, 2, '世纪婚礼', 2, 1478329141, '581d6b36c15b8.jpg'),
(235, 2, '世纪婚礼', 18, 1478482047, '/uploads/2016/11/05/581d96f3ec30a.jpg'),
(236, 2, '世纪婚礼', 18, 1478482060, '/uploads/2016/11/05/581d96f3ec30a.jpg'),
(237, 2, '世纪婚礼', 2, 1478484841, '/uploads/2016/11/05/581d96f3ec30a.jpg'),
(238, 2, '世纪婚礼', 2, 1478484845, '/uploads/2016/11/05/581d96f3ec30a.jpg'),
(239, 2, '世纪婚礼', 18, 1478485430, '/uploads/2016/11/05/581d96f3ec30a.jpg'),
(240, 2, '世纪婚礼', 18, 1478486310, '/uploads/2016/11/05/581d96f3ec30a.jpg'),
(241, 2, '世纪婚礼', 2, 1478486371, '/uploads/2016/11/05/581d96f3ec30a.jpg'),
(242, 2, '世纪婚礼', 2, 1478486612, '/uploads/2016/11/05/581d96f3ec30a.jpg'),
(243, 2, '世纪婚礼', 18, 1478486630, '/uploads/2016/11/05/581d96f3ec30a.jpg'),
(244, 2, '世纪婚礼', 18, 1478486641, '/uploads/2016/11/05/581d96f3ec30a.jpg'),
(245, 2, '世纪婚礼', 18, 1478486647, '/uploads/2016/11/05/581d96f3ec30a.jpg'),
(246, 5, '华泰的一天', 18, 1478486673, '/uploads/2016/11/07/581fdfe91406d.jpg'),
(247, 5, '华泰的一天', 18, 1478487157, '/uploads/2016/11/07/581fdfe91406d.jpg'),
(248, 2, '世纪婚礼', 18, 1478488770, '/uploads/2016/11/05/581d96f3ec30a.jpg'),
(249, 5, '华泰的一天', 18, 1478488803, '/uploads/2016/11/07/581fdfe91406d.jpg'),
(250, 3, 'fdsflds', 18, 1478488807, '/uploads/2016/11/05/581d96f3ec30a.jpg'),
(251, 2, '世纪婚礼', 18, 1478489045, '/uploads/2016/11/05/581d96f3ec30a.jpg'),
(252, 5, '华泰的一天', 2, 1478489228, '/uploads/2016/11/07/581fdfe91406d.jpg'),
(253, 5, '华泰的一天', 18, 1478489658, '/uploads/2016/11/07/581fdfe91406d.jpg'),
(254, 3, 'fdsflds', 18, 1478489664, '/uploads/2016/11/05/581d96f3ec30a.jpg'),
(255, 2, '世纪婚礼', 18, 1478489669, '/uploads/2016/11/05/581d96f3ec30a.jpg'),
(256, 5, '华泰的一天', 2, 1478489776, '/uploads/2016/11/07/581fdfe91406d.jpg'),
(257, 2, '世纪婚礼', 18, 1478490159, '/uploads/2016/11/05/581d96f3ec30a.jpg'),
(258, 2, '世纪婚礼', 18, 1478490267, '/uploads/2016/11/05/581d96f3ec30a.jpg'),
(259, 2, '世纪婚礼', 18, 1478490307, '/uploads/2016/11/05/581d96f3ec30a.jpg'),
(260, 6, '新世纪婚礼', 18, 1478490582, '/uploads/2016/11/07/581ff92c28ff5.jpg'),
(261, 6, '新世纪婚礼', 18, 1478491009, '/uploads/2016/11/07/581ff92c28ff5.jpg'),
(262, 6, '新世纪婚礼', 18, 1478491035, '/uploads/2016/11/07/581ff92c28ff5.jpg'),
(263, 6, '新世纪婚礼', 18, 1478491053, '/uploads/2016/11/07/581ff92c28ff5.jpg'),
(264, 6, '新世纪婚礼', 18, 1478491080, '/uploads/2016/11/07/581ff92c28ff5.jpg'),
(265, 6, '新世纪婚礼', 18, 1478491130, '/uploads/2016/11/07/581ff92c28ff5.jpg'),
(266, 6, '新世纪婚礼', 2, 1478491306, '/uploads/2016/11/07/581ff92c28ff5.jpg'),
(267, 6, '新世纪婚礼', 2, 1478491312, '/uploads/2016/11/07/581ff92c28ff5.jpg'),
(268, 6, '新世纪婚礼', 2, 1478491319, '/uploads/2016/11/07/581ff92c28ff5.jpg'),
(269, 6, '新世纪婚礼', 18, 1478491321, '/uploads/2016/11/07/581ff92c28ff5.jpg'),
(270, 6, '新世纪婚礼', 2, 1478491325, '/uploads/2016/11/07/581ff92c28ff5.jpg'),
(271, 6, '新世纪婚礼', 18, 1478491336, '/uploads/2016/11/07/581ff92c28ff5.jpg'),
(272, 6, '新世纪婚礼', 18, 1478491353, '/uploads/2016/11/07/581ff92c28ff5.jpg'),
(273, 6, '新世纪婚礼', 2, 1478491384, '/uploads/2016/11/07/581ff92c28ff5.jpg'),
(274, 6, '新世纪婚礼', 18, 1478491399, '/uploads/2016/11/07/581ff92c28ff5.jpg'),
(275, 2, '世纪婚礼', 18, 1478494505, '/uploads/2016/11/05/581d96f3ec30a.jpg'),
(276, 6, '新世纪婚礼', 2, 1478496106, '/uploads/2016/11/07/581ff92c28ff5.jpg'),
(277, 6, '新世纪婚礼', 2, 1478496111, '/uploads/2016/11/07/581ff92c28ff5.jpg'),
(278, 2, '世纪婚礼', 18, 1478496234, '/uploads/2016/11/05/581d96f3ec30a.jpg'),
(279, 6, '新世纪婚礼', 2, 1478496601, '/uploads/2016/11/07/581ff92c28ff5.jpg'),
(280, 6, '新世纪婚礼', 2, 1478497074, '/uploads/2016/11/07/581ff92c28ff5.jpg'),
(281, 2, '世纪婚礼', 18, 1478497502, '/uploads/2016/11/05/581d96f3ec30a.jpg'),
(282, 5, '华泰的一天', 2, 1478497503, '/uploads/2016/11/07/581fdfe91406d.jpg'),
(283, 2, '世纪婚礼', 18, 1478497530, '/uploads/2016/11/05/581d96f3ec30a.jpg'),
(284, 2, '世纪婚礼', 18, 1478497625, '/uploads/2016/11/05/581d96f3ec30a.jpg'),
(285, 2, '世纪婚礼', 18, 1478497647, '/uploads/2016/11/05/581d96f3ec30a.jpg'),
(286, 2, '世纪婚礼', 18, 1478497654, '/uploads/2016/11/05/581d96f3ec30a.jpg'),
(287, 2, '世纪婚礼', 18, 1478498152, '/uploads/2016/11/05/581d96f3ec30a.jpg'),
(288, 2, '世纪婚礼', 18, 1478498161, '/uploads/2016/11/05/581d96f3ec30a.jpg'),
(289, 2, '世纪婚礼', 18, 1478498362, '/uploads/2016/11/05/581d96f3ec30a.jpg'),
(290, 2, '世纪婚礼', 18, 1478498368, '/uploads/2016/11/05/581d96f3ec30a.jpg'),
(291, 2, '世纪婚礼', 18, 1478498381, '/uploads/2016/11/05/581d96f3ec30a.jpg'),
(292, 2, '世纪婚礼', 18, 1478498806, '/uploads/2016/11/05/581d96f3ec30a.jpg'),
(293, 2, '世纪婚礼', 18, 1478498814, '/uploads/2016/11/05/581d96f3ec30a.jpg'),
(294, 6, '新世纪婚礼', 2, 1478498893, '/uploads/2016/11/07/581ff92c28ff5.jpg'),
(295, 6, '新世纪婚礼', 2, 1478498908, '/uploads/2016/11/07/581ff92c28ff5.jpg'),
(296, 6, '新世纪婚礼', 2, 1478498949, '/uploads/2016/11/07/581ff92c28ff5.jpg'),
(297, 6, '新世纪婚礼', 18, 1478499212, '/uploads/2016/11/07/581ff92c28ff5.jpg'),
(298, 6, '新世纪婚礼', 2, 1478499521, '/uploads/2016/11/07/581ff92c28ff5.jpg'),
(299, 6, '新世纪婚礼', 2, 1478499796, '/uploads/2016/11/07/581ff92c28ff5.jpg'),
(300, 6, '新世纪婚礼', 2, 1478499841, '/uploads/2016/11/07/581ff92c28ff5.jpg'),
(301, 2, '世纪婚礼', 18, 1478500119, '/uploads/2016/11/05/581d96f3ec30a.jpg'),
(302, 2, '世纪婚礼', 18, 1478500368, '/uploads/2016/11/05/581d96f3ec30a.jpg'),
(303, 2, '世纪婚礼', 18, 1478500629, '/uploads/2016/11/05/581d96f3ec30a.jpg'),
(304, 2, '世纪婚礼', 18, 1478500858, '/uploads/2016/11/05/581d96f3ec30a.jpg'),
(305, 2, '世纪婚礼', 18, 1478500949, '/uploads/2016/11/05/581d96f3ec30a.jpg'),
(306, 6, '新世纪婚礼', 18, 1478501101, '/uploads/2016/11/07/581ff92c28ff5.jpg'),
(307, 2, '世纪婚礼', 18, 1478501434, '/uploads/2016/11/05/581d96f3ec30a.jpg'),
(308, 2, '世纪婚礼', 18, 1478501480, '/uploads/2016/11/05/581d96f3ec30a.jpg'),
(309, 2, '世纪婚礼', 18, 1478501712, '/uploads/2016/11/05/581d96f3ec30a.jpg'),
(310, 6, '新世纪婚礼', 2, 1478501817, '/uploads/2016/11/07/581ff92c28ff5.jpg'),
(311, 6, '新世纪婚礼', 2, 1478501828, '/uploads/2016/11/07/581ff92c28ff5.jpg'),
(312, 6, '新世纪婚礼', 2, 1478501830, '/uploads/2016/11/07/581ff92c28ff5.jpg'),
(313, 6, '新世纪婚礼', 2, 1478501832, '/uploads/2016/11/07/581ff92c28ff5.jpg'),
(314, 6, '新世纪婚礼', 2, 1478501834, '/uploads/2016/11/07/581ff92c28ff5.jpg'),
(315, 6, '新世纪婚礼', 2, 1478501836, '/uploads/2016/11/07/581ff92c28ff5.jpg'),
(316, 2, '世纪婚礼', 18, 1478501873, '/uploads/2016/11/05/581d96f3ec30a.jpg'),
(317, 2, '世纪婚礼', 2, 1478501917, '/uploads/2016/11/05/581d96f3ec30a.jpg'),
(318, 2, '世纪婚礼', 18, 1478502090, '/uploads/2016/11/05/581d96f3ec30a.jpg'),
(319, 6, '新世纪婚礼', 2, 1478502092, '/uploads/2016/11/07/581ff92c28ff5.jpg'),
(320, 2, '世纪婚礼', 18, 1478502181, '/uploads/2016/11/05/581d96f3ec30a.jpg'),
(321, 2, '世纪婚礼', 18, 1478502238, '/uploads/2016/11/05/581d96f3ec30a.jpg'),
(322, 6, '新世纪婚礼', 2, 1478502252, '/uploads/2016/11/07/581ff92c28ff5.jpg'),
(323, 2, '世纪婚礼', 18, 1478502259, '/uploads/2016/11/05/581d96f3ec30a.jpg'),
(324, 6, '新世纪婚礼', 18, 1478502290, '/uploads/2016/11/07/581ff92c28ff5.jpg'),
(325, 2, '世纪婚礼', 18, 1478502299, '/uploads/2016/11/05/581d96f3ec30a.jpg'),
(326, 2, '世纪婚礼', 18, 1478502656, '/uploads/2016/11/05/581d96f3ec30a.jpg'),
(327, 11, NULL, 2, 1478503028, NULL),
(328, 6, '新世纪婚礼', 2, 1478503157, '/uploads/2016/11/07/581ff92c28ff5.jpg'),
(329, 2, '世纪婚礼', 18, 1478503070, '/uploads/2016/11/05/581d96f3ec30a.jpg'),
(330, 2, '世纪婚礼', 18, 1478503102, '/uploads/2016/11/05/581d96f3ec30a.jpg'),
(331, 6, '新世纪婚礼', 2, 1478503435, '/uploads/2016/11/07/581ff92c28ff5.jpg'),
(332, 6, '新世纪婚礼', 2, 1478503441, '/uploads/2016/11/07/581ff92c28ff5.jpg'),
(333, 2, '世纪婚礼', 18, 1478503141, '/uploads/2016/11/05/581d96f3ec30a.jpg'),
(334, 2, '世纪婚礼', 18, 1478503145, '/uploads/2016/11/05/581d96f3ec30a.jpg'),
(335, 2, '世纪婚礼', 18, 1478503152, '/uploads/2016/11/05/581d96f3ec30a.jpg'),
(336, 2, '世纪婚礼', 18, 1478503161, '/uploads/2016/11/05/581d96f3ec30a.jpg'),
(337, 6, '新世纪婚礼', 2, 1478503480, '/uploads/2016/11/07/581ff92c28ff5.jpg'),
(338, 6, '新世纪婚礼', 2, 1478503573, '/uploads/2016/11/07/581ff92c28ff5.jpg'),
(339, 6, '新世纪婚礼', 2, 1478503592, '/uploads/2016/11/07/581ff92c28ff5.jpg'),
(340, 6, '新世纪婚礼', 2, 1478503594, '/uploads/2016/11/07/581ff92c28ff5.jpg'),
(341, 6, '新世纪婚礼', 2, 1478503598, '/uploads/2016/11/07/581ff92c28ff5.jpg'),
(342, 2, '世纪婚礼', 18, 1478503636, '/uploads/2016/11/05/581d96f3ec30a.jpg'),
(343, 2, '世纪婚礼', 18, 1478503368, '/uploads/2016/11/05/581d96f3ec30a.jpg'),
(344, 6, '新世纪婚礼', 2, 1478503730, '/uploads/2016/11/07/581ff92c28ff5.jpg'),
(345, 2, '世纪婚礼', 18, 1478504049, '/uploads/2016/11/05/581d96f3ec30a.jpg'),
(346, 2, '世纪婚礼', 18, 1478504057, '/uploads/2016/11/05/581d96f3ec30a.jpg'),
(347, 6, '新世纪婚礼', 2, 1478504731, '/uploads/2016/11/07/581ff92c28ff5.jpg'),
(348, 6, '新世纪婚礼', 2, 1478504738, '/uploads/2016/11/07/581ff92c28ff5.jpg'),
(349, 6, '新世纪婚礼', 2, 1478505406, '/uploads/2016/11/07/581ff92c28ff5.jpg'),
(350, 6, '新世纪婚礼', 2, 1478505433, '/uploads/2016/11/07/581ff92c28ff5.jpg'),
(351, 6, '新世纪婚礼', 2, 1478505506, '/uploads/2016/11/07/581ff92c28ff5.jpg'),
(352, 6, '新世纪婚礼', 2, 1478505541, '/uploads/2016/11/07/581ff92c28ff5.jpg'),
(353, 6, '新世纪婚礼', 2, 1478505546, '/uploads/2016/11/07/581ff92c28ff5.jpg'),
(354, 6, '新世纪婚礼', 2, 1478505549, '/uploads/2016/11/07/581ff92c28ff5.jpg'),
(355, 6, '新世纪婚礼', 2, 1478505650, '/uploads/2016/11/07/581ff92c28ff5.jpg'),
(356, 6, '新世纪婚礼', 2, 1478505661, '/uploads/2016/11/07/581ff92c28ff5.jpg'),
(357, 6, '新世纪婚礼', 2, 1478505914, '/uploads/2016/11/07/581ff92c28ff5.jpg'),
(358, 6, '新世纪婚礼', 2, 1478505931, '/uploads/2016/11/07/581ff92c28ff5.jpg'),
(359, 2, '世纪婚礼', 18, 1478505641, '/uploads/2016/11/05/581d96f3ec30a.jpg'),
(360, 2, '世纪婚礼', 18, 1478505649, '/uploads/2016/11/05/581d96f3ec30a.jpg'),
(361, 6, '新世纪婚礼', 2, 1478505990, '/uploads/2016/11/07/581ff92c28ff5.jpg'),
(362, 6, '新世纪婚礼', 2, 1478506024, '/uploads/2016/11/07/581ff92c28ff5.jpg'),
(363, 6, '新世纪婚礼', 2, 1478506031, '/uploads/2016/11/07/581ff92c28ff5.jpg'),
(364, 6, '新世纪婚礼', 2, 1478506082, '/uploads/2016/11/07/581ff92c28ff5.jpg'),
(365, 6, '新世纪婚礼', 2, 1478506116, '/uploads/2016/11/07/581ff92c28ff5.jpg'),
(366, 6, '新世纪婚礼', 2, 1478506263, '/uploads/2016/11/07/581ff92c28ff5.jpg'),
(367, 6, '新世纪婚礼', 2, 1478506265, '/uploads/2016/11/07/581ff92c28ff5.jpg'),
(368, 6, '新世纪婚礼', 2, 1478506314, '/uploads/2016/11/07/581ff92c28ff5.jpg'),
(369, 2, '世纪婚礼', 18, 1478506206, '/uploads/2016/11/05/581d96f3ec30a.jpg'),
(370, 6, '新世纪婚礼', 2, 1478506562, '/uploads/2016/11/07/581ff92c28ff5.jpg'),
(371, 6, '新世纪婚礼', 2, 1478506568, '/uploads/2016/11/07/581ff92c28ff5.jpg'),
(372, 6, '新世纪婚礼', 2, 1478506989, '/uploads/2016/11/07/581ff92c28ff5.jpg'),
(373, 2, '世纪婚礼', 18, 1478506708, '/uploads/2016/11/05/581d96f3ec30a.jpg'),
(374, 2, '世纪婚礼', 18, 1478506767, '/uploads/2016/11/05/581d96f3ec30a.jpg'),
(375, 2, '世纪婚礼', 18, 1478506785, '/uploads/2016/11/05/581d96f3ec30a.jpg'),
(376, 2, '世纪婚礼', 18, 1478506988, '/uploads/2016/11/05/581d96f3ec30a.jpg'),
(377, 2, '世纪婚礼', 18, 1478506991, '/uploads/2016/11/05/581d96f3ec30a.jpg'),
(378, 6, '新世纪婚礼', 2, 1478507116, '/uploads/2016/11/07/581ff92c28ff5.jpg'),
(379, 6, '新世纪婚礼', 2, 1478507143, '/uploads/2016/11/07/581ff92c28ff5.jpg'),
(380, 6, '新世纪婚礼', 2, 1478507251, '/uploads/2016/11/07/581ff92c28ff5.jpg'),
(381, 6, '新世纪婚礼', 2, 1478507253, '/uploads/2016/11/07/581ff92c28ff5.jpg'),
(382, 6, '新世纪婚礼', 2, 1478507321, '/uploads/2016/11/07/581ff92c28ff5.jpg'),
(383, 11, NULL, 2, 1478507639, NULL),
(384, 2, '世纪婚礼', 18, 1478507620, '/uploads/2016/11/05/581d96f3ec30a.jpg'),
(385, 6, '新世纪婚礼', 18, 1478507778, '/uploads/2016/11/07/581ff92c28ff5.jpg'),
(386, 2, '世纪婚礼', 18, 1478507853, '/uploads/2016/11/05/581d96f3ec30a.jpg'),
(387, 2, '世纪婚礼', 18, 1478507859, '/uploads/2016/11/05/581d96f3ec30a.jpg'),
(388, 6, '新世纪婚礼', 2, 1478508187, '/uploads/2016/11/07/581ff92c28ff5.jpg'),
(389, 6, '新世纪婚礼', 2, 1478508197, '/uploads/2016/11/07/581ff92c28ff5.jpg'),
(390, 6, '新世纪婚礼', 2, 1478510277, '/uploads/2016/11/07/581ff92c28ff5.jpg'),
(391, 6, '新世纪婚礼', 2, 1478510284, '/uploads/2016/11/07/581ff92c28ff5.jpg'),
(392, 6, '新世纪婚礼', 2, 1478510286, '/uploads/2016/11/07/581ff92c28ff5.jpg'),
(393, 6, '新世纪婚礼', 2, 1478510288, '/uploads/2016/11/07/581ff92c28ff5.jpg'),
(394, 6, '新世纪婚礼', 2, 1478510290, '/uploads/2016/11/07/581ff92c28ff5.jpg'),
(395, 6, '新世纪婚礼', 2, 1478510292, '/uploads/2016/11/07/581ff92c28ff5.jpg'),
(396, 6, '新世纪婚礼', 2, 1478510294, '/uploads/2016/11/07/581ff92c28ff5.jpg'),
(397, 6, '新世纪婚礼', 2, 1478510296, '/uploads/2016/11/07/581ff92c28ff5.jpg'),
(398, 6, '新世纪婚礼', 2, 1478510298, '/uploads/2016/11/07/581ff92c28ff5.jpg'),
(399, 6, '新世纪婚礼', 2, 1478510300, '/uploads/2016/11/07/581ff92c28ff5.jpg'),
(400, 6, '新世纪婚礼', 2, 1478510302, '/uploads/2016/11/07/581ff92c28ff5.jpg'),
(401, 6, '新世纪婚礼', 2, 1478510304, '/uploads/2016/11/07/581ff92c28ff5.jpg'),
(402, 6, '新世纪婚礼', 2, 1478510306, '/uploads/2016/11/07/581ff92c28ff5.jpg'),
(403, 6, '新世纪婚礼', 2, 1478510307, '/uploads/2016/11/07/581ff92c28ff5.jpg'),
(404, 6, '新世纪婚礼', 2, 1478510309, '/uploads/2016/11/07/581ff92c28ff5.jpg'),
(405, 6, '新世纪婚礼', 2, 1478510311, '/uploads/2016/11/07/581ff92c28ff5.jpg'),
(406, 6, '新世纪婚礼', 2, 1478510313, '/uploads/2016/11/07/581ff92c28ff5.jpg'),
(407, 6, '新世纪婚礼', 2, 1478510315, '/uploads/2016/11/07/581ff92c28ff5.jpg'),
(408, 6, '新世纪婚礼', 2, 1478510333, '/uploads/2016/11/07/581ff92c28ff5.jpg'),
(409, 6, '新世纪婚礼', 2, 1478510352, '/uploads/2016/11/07/581ff92c28ff5.jpg'),
(410, 6, '新世纪婚礼', 2, 1478510465, '/uploads/2016/11/07/581ff92c28ff5.jpg'),
(411, 6, '新世纪婚礼', 2, 1478510521, '/uploads/2016/11/07/581ff92c28ff5.jpg'),
(412, 6, '新世纪婚礼', 2, 1478510619, '/uploads/2016/11/07/581ff92c28ff5.jpg'),
(413, 6, '新世纪婚礼', 2, 1478510690, '/uploads/2016/11/07/581ff92c28ff5.jpg'),
(414, 6, '新世纪婚礼', 2, 1478510760, '/uploads/2016/11/07/581ff92c28ff5.jpg'),
(415, 6, '新世纪婚礼', 2, 1478510809, '/uploads/2016/11/07/581ff92c28ff5.jpg'),
(416, 6, '新世纪婚礼', 18, 1478512728, '/uploads/2016/11/07/581ff92c28ff5.jpg'),
(417, 6, '新世纪婚礼', 18, 1478512898, '/uploads/2016/11/07/581ff92c28ff5.jpg'),
(418, 5, '华泰的一天', 18, 1478513642, '/uploads/2016/11/07/581fdfe91406d.jpg'),
(419, 3, 'fdsflds', 18, 1478513654, '/uploads/2016/11/05/581d96f3ec30a.jpg'),
(420, 3, 'fdsflds', 18, 1478513724, '/uploads/2016/11/05/581d96f3ec30a.jpg'),
(421, 6, '新世纪婚礼', 18, 1478514098, '/uploads/2016/11/07/581ff92c28ff5.jpg'),
(422, 3, 'fdsflds', 18, 1478514312, '/uploads/2016/11/05/581d96f3ec30a.jpg'),
(423, 2, '世纪婚礼', 18, 1478514393, '/uploads/2016/11/05/581d96f3ec30a.jpg'),
(424, 6, '新世纪婚礼', 18, 1478514654, '/uploads/2016/11/07/581ff92c28ff5.jpg'),
(425, 3, 'fdsflds', 18, 1478514659, '/uploads/2016/11/05/581d96f3ec30a.jpg'),
(426, 5, '华泰的一天', 18, 1478515330, '/uploads/2016/11/07/581fdfe91406d.jpg'),
(427, 6, '新世纪婚礼', 2, 1478516350, '/uploads/2016/11/07/581ff92c28ff5.jpg'),
(428, 6, '新世纪婚礼', 2, 1478516360, '/uploads/2016/11/07/581ff92c28ff5.jpg'),
(429, 6, '新世纪婚礼', 18, 1478516817, '/uploads/2016/11/07/581ff92c28ff5.jpg'),
(430, 6, '新世纪婚礼', 18, 1478516855, '/uploads/2016/11/07/581ff92c28ff5.jpg'),
(431, 6, '新世纪婚礼', 18, 1478517161, '/uploads/2016/11/07/581ff92c28ff5.jpg'),
(432, 6, '新世纪婚礼', 18, 1478517326, '/uploads/2016/11/07/581ff92c28ff5.jpg'),
(433, 6, '新世纪婚礼', 18, 1478517346, '/uploads/2016/11/07/581ff92c28ff5.jpg'),
(434, 6, '新世纪婚礼', 18, 1478517485, '/uploads/2016/11/07/581ff92c28ff5.jpg'),
(435, 6, '新世纪婚礼', 18, 1478517579, '/uploads/2016/11/07/581ff92c28ff5.jpg'),
(436, 6, '新世纪婚礼', 18, 1478517629, '/uploads/2016/11/07/581ff92c28ff5.jpg'),
(437, 6, '新世纪婚礼', 18, 1478517768, '/uploads/2016/11/07/581ff92c28ff5.jpg'),
(438, 6, '新世纪婚礼', 18, 1478518134, '/uploads/2016/11/07/581ff92c28ff5.jpg'),
(439, 6, '新世纪婚礼', 18, 1478518154, '/uploads/2016/11/07/581ff92c28ff5.jpg'),
(440, 6, '新世纪婚礼', 18, 1478518357, '/uploads/2016/11/07/581ff92c28ff5.jpg'),
(441, 6, '新世纪婚礼', 18, 1478518365, '/uploads/2016/11/07/581ff92c28ff5.jpg'),
(442, 6, '新世纪婚礼', 18, 1478520104, '/uploads/2016/11/07/581ff92c28ff5.jpg'),
(443, 6, '新世纪婚礼', 2, 1478520794, '/uploads/2016/11/07/581ff92c28ff5.jpg'),
(444, 6, '新世纪婚礼', 2, 1478521015, '/uploads/2016/11/07/581ff92c28ff5.jpg'),
(445, 6, '新世纪婚礼', 2, 1478521019, '/uploads/2016/11/07/581ff92c28ff5.jpg'),
(446, 6, '新世纪婚礼', 2, 1478521221, '/uploads/2016/11/07/581ff92c28ff5.jpg'),
(447, 6, '新世纪婚礼', 2, 1478521453, '/uploads/2016/11/07/581ff92c28ff5.jpg'),
(448, 6, '新世纪婚礼', 18, 1478522370, '/uploads/2016/11/07/581ff92c28ff5.jpg'),
(449, 5, '华泰的一天', 18, 1478522628, '/uploads/2016/11/07/581fdfe91406d.jpg'),
(450, 6, '新世纪婚礼', 2, 1478524287, '/uploads/2016/11/07/581ff92c28ff5.jpg'),
(451, 6, '新世纪婚礼', 2, 1478524309, '/uploads/2016/11/07/581ff92c28ff5.jpg'),
(452, 5, '华泰的一天', 18, 1478524230, '/uploads/2016/11/07/581fdfe91406d.jpg'),
(453, 6, '新世纪婚礼', 18, 1478524443, '/uploads/2016/11/07/581ff92c28ff5.jpg'),
(454, 6, '新世纪婚礼', 18, 1478524705, '/uploads/2016/11/07/581ff92c28ff5.jpg'),
(455, 6, '新世纪婚礼', 2, 1478525152, '/uploads/2016/11/07/581ff92c28ff5.jpg'),
(456, 2, '世纪婚礼', 18, 1478525648, '/uploads/2016/11/05/581d96f3ec30a.jpg'),
(457, 3, 'fdsflds', 18, 1478526144, '/uploads/2016/11/05/581d96f3ec30a.jpg'),
(458, 6, '新世纪婚礼', 18, 1478526189, '/uploads/2016/11/07/581ff92c28ff5.jpg'),
(459, 3, 'fdsflds', 18, 1478526219, '/uploads/2016/11/05/581d96f3ec30a.jpg'),
(460, 3, 'fdsflds', 18, 1478526354, '/uploads/2016/11/05/581d96f3ec30a.jpg'),
(461, 2, '世纪婚礼', 18, 1478526582, '/uploads/2016/11/05/581d96f3ec30a.jpg'),
(462, 2, '世纪婚礼', 18, 1478526692, '/uploads/2016/11/05/581d96f3ec30a.jpg'),
(463, 2, '世纪婚礼', 18, 1478526693, '/uploads/2016/11/05/581d96f3ec30a.jpg'),
(464, 3, 'fdsflds', 18, 1478526761, '/uploads/2016/11/05/581d96f3ec30a.jpg'),
(465, 2, '世纪婚礼', 18, 1478526859, '/uploads/2016/11/05/581d96f3ec30a.jpg'),
(466, 6, '新世纪婚礼', 18, 1478526958, '/uploads/2016/11/07/581ff92c28ff5.jpg'),
(467, 6, '新世纪婚礼', 2, 1478527322, '/uploads/2016/11/07/581ff92c28ff5.jpg'),
(468, 6, '新世纪婚礼', 2, 1478527345, '/uploads/2016/11/07/581ff92c28ff5.jpg'),
(469, 6, '新世纪婚礼', 2, 1478527545, '/uploads/2016/11/07/581ff92c28ff5.jpg'),
(470, 6, '新世纪婚礼', 2, 1478527716, '/uploads/2016/11/07/581ff92c28ff5.jpg'),
(471, 6, '新世纪婚礼', 2, 1478527973, '/uploads/2016/11/07/581ff92c28ff5.jpg'),
(472, 6, '新世纪婚礼', 2, 1478527985, '/uploads/2016/11/07/581ff92c28ff5.jpg'),
(473, 6, '新世纪婚礼', 2, 1478528003, '/uploads/2016/11/07/581ff92c28ff5.jpg'),
(474, 6, '新世纪婚礼', 18, 1478527924, '/uploads/2016/11/07/581ff92c28ff5.jpg'),
(475, 3, 'fdsflds', 18, 1478566804, '/uploads/2016/11/05/581d96f3ec30a.jpg'),
(476, 6, '新世纪婚礼', 18, 1478567583, '/uploads/2016/11/07/581ff92c28ff5.jpg'),
(477, 6, '新世纪婚礼', 18, 1478567590, '/uploads/2016/11/07/581ff92c28ff5.jpg'),
(478, 6, '新世纪婚礼', 18, 1478567675, '/uploads/2016/11/07/581ff92c28ff5.jpg'),
(479, 6, '新世纪婚礼', 18, 1478567939, '/uploads/2016/11/07/581ff92c28ff5.jpg'),
(480, 6, '新世纪婚礼', 18, 1478567976, '/uploads/2016/11/07/581ff92c28ff5.jpg'),
(481, 6, '新世纪婚礼', 18, 1478567999, '/uploads/2016/11/07/581ff92c28ff5.jpg'),
(482, 6, '新世纪婚礼', 2, 1478569236, '/uploads/2016/11/07/581ff92c28ff5.jpg'),
(483, 6, '新世纪婚礼', 2, 1478569438, '/uploads/2016/11/07/581ff92c28ff5.jpg'),
(484, 6, '新世纪婚礼', 18, 1478569501, '/uploads/2016/11/07/581ff92c28ff5.jpg'),
(485, 6, '新世纪婚礼', 18, 1478569516, '/uploads/2016/11/07/581ff92c28ff5.jpg'),
(486, 6, '新世纪婚礼', 18, 1478570055, '/uploads/2016/11/07/581ff92c28ff5.jpg'),
(487, 6, '新世纪婚礼', 2, 1478570693, '/uploads/2016/11/07/581ff92c28ff5.jpg'),
(488, 6, '新世纪婚礼', 2, 1478570709, '/uploads/2016/11/07/581ff92c28ff5.jpg'),
(489, 6, '新世纪婚礼', 2, 1478570962, '/uploads/2016/11/07/581ff92c28ff5.jpg'),
(490, 6, '新世纪婚礼', 18, 1478571083, '/uploads/2016/11/07/581ff92c28ff5.jpg'),
(491, 6, '新世纪婚礼', 18, 1478571186, '/uploads/2016/11/07/581ff92c28ff5.jpg'),
(492, 7, '番茄的一天', 18, 1478572392, '/uploads/2016/11/08/582138cbb3665.jpg'),
(493, 7, '番茄的一天', 18, 1478572427, '/uploads/2016/11/08/582138cbb3665.jpg'),
(494, 7, '番茄的一天', 18, 1478572493, '/uploads/2016/11/08/582138cbb3665.jpg'),
(495, 7, '番茄的一天', 18, 1478572664, '/uploads/2016/11/08/582138cbb3665.jpg'),
(496, 6, '新世纪婚礼', 18, 1478572898, '/uploads/2016/11/07/581ff92c28ff5.jpg'),
(497, 8, '代码的一天', 18, 1478573082, '/uploads/2016/11/08/58213bf5a9b6c.jpg'),
(498, 8, '代码的一天', 18, 1478573115, '/uploads/2016/11/08/58213bf5a9b6c.jpg'),
(499, 8, '代码的一天', 18, 1478573202, '/uploads/2016/11/08/58213bf5a9b6c.jpg'),
(500, 8, '代码的一天', 18, 1478573223, '/uploads/2016/11/08/58213bf5a9b6c.jpg'),
(501, 8, '代码的一天', 18, 1478573397, '/uploads/2016/11/08/58213bf5a9b6c.jpg'),
(502, 8, '代码的一天', 18, 1478573433, '/uploads/2016/11/08/58213bf5a9b6c.jpg'),
(503, 8, '代码的一天', 18, 1478573479, '/uploads/2016/11/08/58213bf5a9b6c.jpg'),
(504, 9, '又是一天', 18, 1478573829, '/uploads/2016/11/08/58213ee71fcc2.jpg'),
(505, 9, '又是一天', 18, 1478573898, '/uploads/2016/11/08/58213ee71fcc2.jpg'),
(506, 9, '又是一天', 18, 1478573917, '/uploads/2016/11/08/58213ee71fcc2.jpg'),
(507, 6, '新世纪婚礼', 18, 1478574040, '/uploads/2016/11/07/581ff92c28ff5.jpg'),
(508, 6, '新世纪婚礼', 18, 1478574062, '/uploads/2016/11/07/581ff92c28ff5.jpg'),
(509, 9, '又是一天', 18, 1478574071, '/uploads/2016/11/08/58213ee71fcc2.jpg'),
(510, 9, '又是一天', 18, 1478574081, '/uploads/2016/11/08/58213ee71fcc2.jpg'),
(511, 9, '又是一天', 18, 1478574163, '/uploads/2016/11/08/58213ee71fcc2.jpg'),
(512, 8, '代码的一天', 18, 1478574320, '/uploads/2016/11/08/58213bf5a9b6c.jpg'),
(513, 8, '代码的一天', 18, 1478574326, '/uploads/2016/11/08/58213bf5a9b6c.jpg'),
(514, 8, '代码的一天', 18, 1478574430, '/uploads/2016/11/08/58213bf5a9b6c.jpg'),
(515, 9, '又是一天', 2, 1478574839, '/uploads/2016/11/08/58213ee71fcc2.jpg'),
(516, 8, '代码的一天', 18, 1478574679, '/uploads/2016/11/08/58213bf5a9b6c.jpg'),
(517, 8, '代码的一天', 18, 1478574693, '/uploads/2016/11/08/58213bf5a9b6c.jpg'),
(518, 6, '新世纪婚礼', 18, 1478575148, '/uploads/2016/11/07/581ff92c28ff5.jpg'),
(519, 6, '新世纪婚礼', 18, 1478575178, '/uploads/2016/11/07/581ff92c28ff5.jpg'),
(520, 6, '新世纪婚礼', 2, 1478575505, '/uploads/2016/11/07/581ff92c28ff5.jpg'),
(521, 6, '新世纪婚礼', 18, 1478575189, '/uploads/2016/11/07/581ff92c28ff5.jpg'),
(522, 6, '新世纪婚礼', 2, 1478575525, '/uploads/2016/11/07/581ff92c28ff5.jpg'),
(523, 6, '新世纪婚礼', 18, 1478575212, '/uploads/2016/11/07/581ff92c28ff5.jpg'),
(524, 2, '世纪婚礼', 18, 1478575220, '/uploads/2016/11/05/581d96f3ec30a.jpg'),
(525, 8, '代码的一天', 18, 1478575231, '/uploads/2016/11/08/58213bf5a9b6c.jpg'),
(526, 8, '代码的一天', 18, 1478575422, '/uploads/2016/11/08/58213bf5a9b6c.jpg'),
(527, 6, '新世纪婚礼', 18, 1478575428, '/uploads/2016/11/07/581ff92c28ff5.jpg'),
(528, 6, '新世纪婚礼', 2, 1478575766, '/uploads/2016/11/07/581ff92c28ff5.jpg'),
(529, 6, '新世纪婚礼', 2, 1478575770, '/uploads/2016/11/07/581ff92c28ff5.jpg'),
(530, 6, '新世纪婚礼', 18, 1478575638, '/uploads/2016/11/07/581ff92c28ff5.jpg'),
(531, 6, '新世纪婚礼', 18, 1478576043, '/uploads/2016/11/07/581ff92c28ff5.jpg'),
(532, 6, '新世纪婚礼', 18, 1478576273, '/uploads/2016/11/07/581ff92c28ff5.jpg'),
(533, 6, '新世纪婚礼', 2, 1478576674, '/uploads/2016/11/07/581ff92c28ff5.jpg'),
(534, 6, '新世纪婚礼', 18, 1478576361, '/uploads/2016/11/07/581ff92c28ff5.jpg'),
(535, 2, '世纪婚礼', 18, 1478576653, '/uploads/2016/11/05/581d96f3ec30a.jpg'),
(536, 9, '又是一天', 2, 1478577292, '/uploads/2016/11/08/58213ee71fcc2.jpg'),
(537, 6, '新世纪婚礼', 18, 1478577010, '/uploads/2016/11/07/581ff92c28ff5.jpg'),
(538, 6, '新世纪婚礼', 18, 1478577555, '/uploads/2016/11/07/581ff92c28ff5.jpg'),
(539, 6, '新世纪婚礼', 18, 1478577697, '/uploads/2016/11/07/581ff92c28ff5.jpg'),
(540, 6, '新世纪婚礼', 18, 1478577757, '/uploads/2016/11/07/581ff92c28ff5.jpg'),
(541, 6, '新世纪婚礼', 18, 1478577786, '/uploads/2016/11/07/581ff92c28ff5.jpg'),
(542, 6, '新世纪婚礼', 18, 1478577830, '/uploads/2016/11/07/581ff92c28ff5.jpg'),
(543, 6, '新世纪婚礼', 18, 1478577912, '/uploads/2016/11/07/581ff92c28ff5.jpg'),
(544, 6, '新世纪婚礼', 18, 1478581186, '/uploads/2016/11/07/581ff92c28ff5.jpg'),
(545, 2, '世纪婚礼', 17, 1478581268, '/uploads/2016/11/05/581d96f3ec30a.jpg'),
(546, 2, '世纪婚礼', 17, 1478581327, '/uploads/2016/11/05/581d96f3ec30a.jpg'),
(547, 2, '世纪婚礼', 17, 1478581371, '/uploads/2016/11/05/581d96f3ec30a.jpg'),
(548, 9, '又是一天', 2, 1478581754, '/uploads/2016/11/08/58213ee71fcc2.jpg'),
(549, 9, '又是一天', 2, 1478581869, '/uploads/2016/11/08/58213ee71fcc2.jpg'),
(550, 9, '又是一天', 2, 1478581971, '/uploads/2016/11/08/58213ee71fcc2.jpg'),
(551, 2, '世纪婚礼', 17, 1478581705, '/uploads/2016/11/05/581d96f3ec30a.jpg'),
(552, 9, '又是一天', 2, 1478582058, '/uploads/2016/11/08/58213ee71fcc2.jpg'),
(553, 2, '世纪婚礼', 17, 1478581865, '/uploads/2016/11/05/581d96f3ec30a.jpg'),
(554, 2, '世纪婚礼', 17, 1478582283, '/uploads/2016/11/05/581d96f3ec30a.jpg'),
(555, 8, '代码的一天', 18, 1478582336, '/uploads/2016/11/08/58213bf5a9b6c.jpg'),
(556, 9, '又是一天', 2, 1478582977, '/uploads/2016/11/08/58213ee71fcc2.jpg'),
(557, 8, '代码的一天', 18, 1478582690, '/uploads/2016/11/08/58213bf5a9b6c.jpg'),
(558, 8, '代码的一天', 18, 1478582842, '/uploads/2016/11/08/58213bf5a9b6c.jpg'),
(559, 6, '新世纪婚礼', 18, 1478583039, '/uploads/2016/11/07/581ff92c28ff5.jpg'),
(560, 2, '世纪婚礼', 18, 1478583321, '/uploads/2016/11/05/581d96f3ec30a.jpg'),
(561, 6, '新世纪婚礼', 18, 1478583365, '/uploads/2016/11/07/581ff92c28ff5.jpg'),
(562, 6, '新世纪婚礼', 18, 1478583463, '/uploads/2016/11/07/581ff92c28ff5.jpg'),
(563, 6, '新世纪婚礼', 18, 1478583523, '/uploads/2016/11/07/581ff92c28ff5.jpg'),
(564, 6, '新世纪婚礼', 18, 1478583547, '/uploads/2016/11/07/581ff92c28ff5.jpg'),
(565, 6, '新世纪婚礼', 18, 1478583571, '/uploads/2016/11/07/581ff92c28ff5.jpg'),
(566, 6, '新世纪婚礼', 18, 1478583730, '/uploads/2016/11/07/581ff92c28ff5.jpg'),
(567, 6, '新世纪婚礼', 18, 1478584164, '/uploads/2016/11/07/581ff92c28ff5.jpg'),
(568, 6, '新世纪婚礼', 18, 1478584225, '/uploads/2016/11/07/581ff92c28ff5.jpg'),
(569, 6, '新世纪婚礼', 18, 1478584281, '/uploads/2016/11/07/581ff92c28ff5.jpg'),
(570, 6, '新世纪婚礼', 18, 1478588424, '/uploads/2016/11/07/581ff92c28ff5.jpg'),
(571, 2, '世纪婚礼', 18, 1478599378, '/uploads/2016/11/05/581d96f3ec30a.jpg'),
(572, 6, '新世纪婚礼', 18, 1478600028, '/uploads/2016/11/07/581ff92c28ff5.jpg'),
(573, 6, '新世纪婚礼', 18, 1478600102, '/uploads/2016/11/07/581ff92c28ff5.jpg'),
(574, 6, '新世纪婚礼', 18, 1478600382, '/uploads/2016/11/07/581ff92c28ff5.jpg'),
(575, 6, '新世纪婚礼', 18, 1478600385, '/uploads/2016/11/07/581ff92c28ff5.jpg'),
(576, 9, '又是一天', 18, 1478600392, '/uploads/2016/11/08/58213ee71fcc2.jpg'),
(577, 6, '新世纪婚礼', 18, 1478600394, '/uploads/2016/11/07/581ff92c28ff5.jpg'),
(578, 6, '新世纪婚礼', 18, 1478600397, '/uploads/2016/11/07/581ff92c28ff5.jpg'),
(579, 6, '新世纪婚礼', 18, 1478600399, '/uploads/2016/11/07/581ff92c28ff5.jpg'),
(580, 6, '新世纪婚礼', 18, 1478600402, '/uploads/2016/11/07/581ff92c28ff5.jpg'),
(581, 6, '新世纪婚礼', 18, 1478600405, '/uploads/2016/11/07/581ff92c28ff5.jpg'),
(582, 6, '新世纪婚礼', 18, 1478600407, '/uploads/2016/11/07/581ff92c28ff5.jpg'),
(583, 6, '新世纪婚礼', 18, 1478602127, '/uploads/2016/11/07/581ff92c28ff5.jpg'),
(584, 9, '又是一天', 18, 1478603179, '/uploads/2016/11/08/58213ee71fcc2.jpg'),
(585, 11, '我苦难的一声', 18, 1478603610, '/uploads/2016/11/08/5821b23f23ecc.jpg'),
(586, 11, '我苦难的一声', 18, 1478603706, '/uploads/2016/11/08/5821b23f23ecc.jpg'),
(587, 11, '我苦难的一声', 18, 1478603873, '/uploads/2016/11/08/5821b23f23ecc.jpg'),
(588, 9, '又是一天', 2, 1478603877, '/uploads/2016/11/08/58213ee71fcc2.jpg'),
(589, 8, '代码的一天', 2, 1478603884, '/uploads/2016/11/08/58213bf5a9b6c.jpg'),
(590, 8, '代码的一天', 2, 1478603891, '/uploads/2016/11/08/58213bf5a9b6c.jpg'),
(591, 8, '代码的一天', 2, 1478603907, '/uploads/2016/11/08/58213bf5a9b6c.jpg'),
(592, 11, '我苦难的一声', 18, 1478603988, '/uploads/2016/11/08/5821b23f23ecc.jpg'),
(593, 11, '我苦难的一声', 18, 1478604029, '/uploads/2016/11/08/5821b23f23ecc.jpg'),
(594, 11, '我苦难的一声', 18, 1478604163, '/uploads/2016/11/08/5821b23f23ecc.jpg'),
(595, 6, '新世纪婚礼', 2, 1478604191, '/uploads/2016/11/07/581ff92c28ff5.jpg'),
(596, 12, '你是东方酒店开发开放', 18, 1478604417, '/uploads/2016/11/08/5821b6400c269.jpg'),
(597, 12, '你是东方酒店开发开放', 18, 1478604483, '/uploads/2016/11/08/5821b6400c269.jpg'),
(598, 10, '你好世界', 18, 1478604977, '/uploads/2016/11/08/5821aee52c73b.jpg'),
(599, 10, '你好世界', 18, 1478605041, '/uploads/2016/11/08/5821aee52c73b.jpg'),
(600, 9, '又是一天', 18, 1478605132, '/uploads/2016/11/08/58213ee71fcc2.jpg'),
(601, 10, '你好世界', 18, 1478605143, '/uploads/2016/11/08/5821aee52c73b.jpg'),
(602, 10, '你好世界', 18, 1478605220, '/uploads/2016/11/08/5821aee52c73b.jpg'),
(603, 10, '你好世界', 18, 1478605262, '/uploads/2016/11/08/5821aee52c73b.jpg'),
(604, 10, '你好世界', 18, 1478605304, '/uploads/2016/11/08/5821aee52c73b.jpg'),
(605, 6, '新世纪婚礼', 2, 1478606308, '/uploads/2016/11/07/581ff92c28ff5.jpg'),
(606, 9, '又是一天', 2, 1478606451, '/uploads/2016/11/08/58213ee71fcc2.jpg'),
(607, 8, '代码的一天', 2, 1478606857, '/uploads/2016/11/08/58213bf5a9b6c.jpg'),
(608, 9, '又是一天', 18, 1478607060, '/uploads/2016/11/08/58213ee71fcc2.jpg'),
(609, 6, '新世纪婚礼', 18, 1478607148, '/uploads/2016/11/07/581ff92c28ff5.jpg'),
(610, 9, '又是一天', 18, 1478607286, '/uploads/2016/11/08/58213ee71fcc2.jpg'),
(611, 9, '又是一天', 18, 1478607308, '/uploads/2016/11/08/58213ee71fcc2.jpg'),
(612, 9, '又是一天', 18, 1478607592, '/uploads/2016/11/08/58213ee71fcc2.jpg'),
(613, 9, '又是一天', 18, 1478607613, '/uploads/2016/11/08/58213ee71fcc2.jpg'),
(614, 6, '新世纪婚礼', 18, 1478607636, '/uploads/2016/11/07/581ff92c28ff5.jpg'),
(615, 8, '代码的一天', 2, 1478607715, '/uploads/2016/11/08/58213bf5a9b6c.jpg'),
(616, 9, '又是一天', 2, 1478607729, '/uploads/2016/11/08/58213ee71fcc2.jpg'),
(617, 8, '代码的一天', 2, 1478607785, '/uploads/2016/11/08/58213bf5a9b6c.jpg'),
(618, 10, '你好世界', 18, 1478607789, '/uploads/2016/11/08/5821aee52c73b.jpg'),
(619, 9, '又是一天', 18, 1478607795, '/uploads/2016/11/08/58213ee71fcc2.jpg'),
(620, 9, '又是一天', 18, 1478607898, '/uploads/2016/11/08/58213ee71fcc2.jpg'),
(621, 9, '又是一天', 18, 1478607950, '/uploads/2016/11/08/58213ee71fcc2.jpg'),
(622, 8, '代码的一天', 2, 1478608150, '/uploads/2016/11/08/58213bf5a9b6c.jpg'),
(623, 6, '新世纪婚礼', 18, 1478608164, '/uploads/2016/11/07/581ff92c28ff5.jpg'),
(624, 6, '新世纪婚礼', 18, 1478608319, '/uploads/2016/11/07/581ff92c28ff5.jpg'),
(625, 8, '代码的一天', 2, 1478608344, '/uploads/2016/11/08/58213bf5a9b6c.jpg'),
(626, 8, '代码的一天', 2, 1478608398, '/uploads/2016/11/08/58213bf5a9b6c.jpg'),
(627, 9, '又是一天', 18, 1478608404, '/uploads/2016/11/08/58213ee71fcc2.jpg'),
(628, 9, '又是一天', 2, 1478608419, '/uploads/2016/11/08/58213ee71fcc2.jpg'),
(629, 9, '又是一天', 2, 1478608422, '/uploads/2016/11/08/58213ee71fcc2.jpg'),
(630, 9, '又是一天', 2, 1478608425, '/uploads/2016/11/08/58213ee71fcc2.jpg'),
(631, 9, '又是一天', 2, 1478608428, '/uploads/2016/11/08/58213ee71fcc2.jpg'),
(632, 8, '代码的一天', 2, 1478608444, '/uploads/2016/11/08/58213bf5a9b6c.jpg'),
(633, 8, '代码的一天', 2, 1478608580, '/uploads/2016/11/08/58213bf5a9b6c.jpg'),
(634, 9, '又是一天', 2, 1478609315, '/uploads/2016/11/08/58213ee71fcc2.jpg'),
(635, 9, '又是一天', 18, 1478609019, '/uploads/2016/11/08/58213ee71fcc2.jpg'),
(636, 9, '又是一天', 18, 1478609042, '/uploads/2016/11/08/58213ee71fcc2.jpg'),
(637, 9, '又是一天', 18, 1478609081, '/uploads/2016/11/08/58213ee71fcc2.jpg'),
(638, 11, '我苦难的一声', 2, 1478609405, '/uploads/2016/11/08/5821b23f23ecc.jpg'),
(639, 9, '又是一天', 18, 1478609120, '/uploads/2016/11/08/58213ee71fcc2.jpg'),
(640, 9, '又是一天', 18, 1478609230, '/uploads/2016/11/08/58213ee71fcc2.jpg'),
(641, 9, '又是一天', 18, 1478609256, '/uploads/2016/11/08/58213ee71fcc2.jpg'),
(642, 9, '又是一天', 18, 1478609295, '/uploads/2016/11/08/58213ee71fcc2.jpg'),
(643, 10, '你好世界', 18, 1478609346, '/uploads/2016/11/08/5821aee52c73b.jpg'),
(644, 10, '你好世界', 18, 1478609415, '/uploads/2016/11/08/5821aee52c73b.jpg'),
(645, 10, '你好世界', 18, 1478609423, '/uploads/2016/11/08/5821aee52c73b.jpg'),
(646, 10, '你好世界', 18, 1478609441, '/uploads/2016/11/08/5821aee52c73b.jpg'),
(647, 8, '代码的一天', 2, 1478609451, '/uploads/2016/11/08/58213bf5a9b6c.jpg'),
(648, 8, '代码的一天', 2, 1478609486, '/uploads/2016/11/08/58213bf5a9b6c.jpg'),
(649, 8, '代码的一天', 2, 1478609516, '/uploads/2016/11/08/58213bf5a9b6c.jpg'),
(650, 8, '代码的一天', 2, 1478609549, '/uploads/2016/11/08/58213bf5a9b6c.jpg'),
(651, 10, '你好世界', 18, 1478609566, '/uploads/2016/11/08/5821aee52c73b.jpg'),
(652, 8, '代码的一天', 2, 1478609600, '/uploads/2016/11/08/58213bf5a9b6c.jpg'),
(653, 10, '你好世界', 18, 1478609613, '/uploads/2016/11/08/5821aee52c73b.jpg'),
(654, 8, '代码的一天', 2, 1478609641, '/uploads/2016/11/08/58213bf5a9b6c.jpg'),
(655, 8, '代码的一天', 2, 1478609671, '/uploads/2016/11/08/58213bf5a9b6c.jpg'),
(656, 10, '你好世界', 18, 1478609676, '/uploads/2016/11/08/5821aee52c73b.jpg'),
(657, 8, '代码的一天', 2, 1478609728, '/uploads/2016/11/08/58213bf5a9b6c.jpg'),
(658, 8, '代码的一天', 2, 1478609741, '/uploads/2016/11/08/58213bf5a9b6c.jpg'),
(659, 8, '代码的一天', 2, 1478609763, '/uploads/2016/11/08/58213bf5a9b6c.jpg'),
(660, 6, '新世纪婚礼', 18, 1478609807, '/uploads/2016/11/07/581ff92c28ff5.jpg'),
(661, 6, '新世纪婚礼', 18, 1478609829, '/uploads/2016/11/07/581ff92c28ff5.jpg'),
(662, 6, '新世纪婚礼', 18, 1478609908, '/uploads/2016/11/07/581ff92c28ff5.jpg'),
(663, 6, '新世纪婚礼', 18, 1478609929, '/uploads/2016/11/07/581ff92c28ff5.jpg'),
(664, 8, '代码的一天', 2, 1478609990, '/uploads/2016/11/08/58213bf5a9b6c.jpg'),
(665, 8, '代码的一天', 2, 1478610185, '/uploads/2016/11/08/58213bf5a9b6c.jpg'),
(666, 8, '代码的一天', 2, 1478610210, '/uploads/2016/11/08/58213bf5a9b6c.jpg'),
(667, 8, '代码的一天', 2, 1478610217, '/uploads/2016/11/08/58213bf5a9b6c.jpg'),
(668, 8, '代码的一天', 2, 1478610220, '/uploads/2016/11/08/58213bf5a9b6c.jpg'),
(669, 7, '番茄的一天', 18, 1478610227, '/uploads/2016/11/08/582138cbb3665.jpg'),
(670, 8, '代码的一天', 2, 1478610233, '/uploads/2016/11/08/58213bf5a9b6c.jpg'),
(671, 8, '代码的一天', 2, 1478610235, '/uploads/2016/11/08/58213bf5a9b6c.jpg');
INSERT INTO `hl_guankan` (`gk_id`, `sp_id`, `sp_title`, `userid`, `gk_time`, `sp_img`) VALUES
(672, 8, '代码的一天', 2, 1478610238, '/uploads/2016/11/08/58213bf5a9b6c.jpg'),
(673, 8, '代码的一天', 2, 1478610249, '/uploads/2016/11/08/58213bf5a9b6c.jpg'),
(674, 8, '代码的一天', 2, 1478610263, '/uploads/2016/11/08/58213bf5a9b6c.jpg'),
(675, 8, '代码的一天', 2, 1478610278, '/uploads/2016/11/08/58213bf5a9b6c.jpg'),
(676, 8, '代码的一天', 2, 1478610299, '/uploads/2016/11/08/58213bf5a9b6c.jpg'),
(677, 8, '代码的一天', 2, 1478610314, '/uploads/2016/11/08/58213bf5a9b6c.jpg'),
(678, 8, '代码的一天', 2, 1478610318, '/uploads/2016/11/08/58213bf5a9b6c.jpg'),
(679, 8, '代码的一天', 2, 1478610320, '/uploads/2016/11/08/58213bf5a9b6c.jpg'),
(680, 8, '代码的一天', 2, 1478610323, '/uploads/2016/11/08/58213bf5a9b6c.jpg'),
(681, 8, '代码的一天', 2, 1478610326, '/uploads/2016/11/08/58213bf5a9b6c.jpg'),
(682, 8, '代码的一天', 2, 1478610329, '/uploads/2016/11/08/58213bf5a9b6c.jpg'),
(683, 8, '代码的一天', 2, 1478610352, '/uploads/2016/11/08/58213bf5a9b6c.jpg'),
(684, 8, '代码的一天', 2, 1478610360, '/uploads/2016/11/08/58213bf5a9b6c.jpg'),
(685, 8, '代码的一天', 2, 1478611609, '/uploads/2016/11/08/58213bf5a9b6c.jpg'),
(686, 8, '代码的一天', 2, 1478611916, '/uploads/2016/11/08/58213bf5a9b6c.jpg'),
(687, 8, '代码的一天', 2, 1478611981, '/uploads/2016/11/08/58213bf5a9b6c.jpg'),
(688, 14, NULL, 18, 1478652295, NULL),
(689, 13, '天津与北京', 18, 1478653305, '/uploads/2016/11/09/5822752b076ff.jpg'),
(690, 13, '天津与北京', 18, 1478653368, '/uploads/2016/11/09/5822752b076ff.jpg'),
(691, 13, '天津与北京', 18, 1478653542, '/uploads/2016/11/09/5822752b076ff.jpg'),
(692, 9, '又是一天', 18, 1478653595, '/uploads/2016/11/08/58213ee71fcc2.jpg'),
(693, 9, '又是一天', 18, 1478653728, '/uploads/2016/11/08/58213ee71fcc2.jpg'),
(694, 14, '哈哈哈哈', 18, 1478653990, '/uploads/2016/11/09/5822779f29997.jpg'),
(695, 14, '哈哈哈哈', 18, 1478654055, '/uploads/2016/11/09/5822779f29997.jpg'),
(696, 14, '哈哈哈哈', 18, 1478654112, '/uploads/2016/11/09/5822779f29997.jpg'),
(697, 14, '哈哈哈哈', 18, 1478654202, '/uploads/2016/11/09/5822779f29997.jpg'),
(698, 14, '哈哈哈哈', 18, 1478654606, '/uploads/2016/11/09/5822779f29997.jpg'),
(699, 14, '哈哈哈哈', 18, 1478654720, '/uploads/2016/11/09/5822779f29997.jpg'),
(700, 14, '哈哈哈哈', 18, 1478654933, '/uploads/2016/11/09/5822779f29997.jpg'),
(701, 14, '哈哈哈哈', 18, 1478654989, '/uploads/2016/11/09/5822779f29997.jpg'),
(702, 14, '哈哈哈哈', 18, 1478655090, '/uploads/2016/11/09/5822779f29997.jpg'),
(703, 14, '哈哈哈哈', 18, 1478655146, '/uploads/2016/11/09/5822779f29997.jpg'),
(704, 14, '哈哈哈哈', 18, 1478655254, '/uploads/2016/11/09/5822779f29997.jpg'),
(705, 15, '主播的一天', 18, 1478655724, '/uploads/2016/11/09/58227e9706736.jpg'),
(706, 15, '主播的一天', 18, 1478655814, '/uploads/2016/11/09/58227e9706736.jpg'),
(707, 15, '主播的一天', 2, 1478656979, '/uploads/2016/11/09/58227e9706736.jpg'),
(708, 15, '主播的一天', 2, 1478657028, '/uploads/2016/11/09/58227e9706736.jpg'),
(709, 15, '主播的一天', 2, 1478657038, '/uploads/2016/11/09/58227e9706736.jpg'),
(710, 15, '主播的一天', 2, 1478657187, '/uploads/2016/11/09/58227e9706736.jpg'),
(711, 15, '主播的一天', 2, 1478657191, '/uploads/2016/11/09/58227e9706736.jpg'),
(712, 15, '主播的一天', 2, 1478657432, '/uploads/2016/11/09/58227e9706736.jpg'),
(713, 15, '主播的一天', 18, 1478657149, '/uploads/2016/11/09/58227e9706736.jpg'),
(714, 15, '主播的一天', 2, 1478657517, '/uploads/2016/11/09/58227e9706736.jpg'),
(715, 15, '主播的一天', 2, 1478657522, '/uploads/2016/11/09/58227e9706736.jpg'),
(716, 15, '主播的一天', 18, 1478657520, '/uploads/2016/11/09/58227e9706736.jpg'),
(717, 15, '主播的一天', 18, 1478657581, '/uploads/2016/11/09/58227e9706736.jpg'),
(718, 15, '主播的一天', 18, 1478657681, '/uploads/2016/11/09/58227e9706736.jpg'),
(719, 6, '新世纪婚礼', 18, 1478657850, '/uploads/2016/11/07/581ff92c28ff5.jpg'),
(720, 16, '你是师傅收到', 18, 1478658851, '/uploads/2016/11/09/58228ae0b730b.jpg'),
(721, 16, '你是师傅收到', 18, 1478658868, '/uploads/2016/11/09/58228ae0b730b.jpg'),
(722, 16, '你是师傅收到', 18, 1478658897, '/uploads/2016/11/09/58228ae0b730b.jpg'),
(723, 16, '你是师傅收到', 3, 1478659152, '/uploads/2016/11/09/58228ae0b730b.jpg'),
(724, 16, '你是师傅收到', 3, 1478659199, '/uploads/2016/11/09/58228ae0b730b.jpg'),
(725, 18, '征婚的一天', 3, 1478661184, '/uploads/2016/11/09/582293f789501.jpg'),
(726, 15, '主播的一天', 3, 1478661312, '/uploads/2016/11/09/58227e9706736.jpg'),
(727, 18, '征婚的一天', 3, 1478661339, '/uploads/2016/11/09/582293f789501.jpg'),
(728, 18, '征婚的一天', 3, 1478661381, '/uploads/2016/11/09/582293f789501.jpg'),
(729, 8, '代码的一天', 2, 1478663286, '/uploads/2016/11/08/58213bf5a9b6c.jpg'),
(730, 8, '代码的一天', 2, 1478663293, '/uploads/2016/11/08/58213bf5a9b6c.jpg'),
(731, 7, '番茄的一天', 2, 1478663300, '/uploads/2016/11/08/582138cbb3665.jpg'),
(732, 9, '又是一天', 2, 1478663307, '/uploads/2016/11/08/58213ee71fcc2.jpg'),
(733, 9, '又是一天', 2, 1478663309, '/uploads/2016/11/08/58213ee71fcc2.jpg'),
(734, 14, '哈哈哈哈', 2, 1478663313, '/uploads/2016/11/09/5822779f29997.jpg'),
(735, 8, '代码的一天', 2, 1478663364, '/uploads/2016/11/08/58213bf5a9b6c.jpg'),
(736, 8, '代码的一天', 2, 1478663384, '/uploads/2016/11/08/58213bf5a9b6c.jpg'),
(737, 8, '代码的一天', 2, 1478663417, '/uploads/2016/11/08/58213bf5a9b6c.jpg'),
(738, 8, '代码的一天', 2, 1478663445, '/uploads/2016/11/08/58213bf5a9b6c.jpg'),
(739, 8, '代码的一天', 2, 1478663497, '/uploads/2016/11/08/58213bf5a9b6c.jpg'),
(740, 8, '代码的一天', 2, 1478663644, '/uploads/2016/11/08/58213bf5a9b6c.jpg'),
(741, 8, '代码的一天', 2, 1478663650, '/uploads/2016/11/08/58213bf5a9b6c.jpg'),
(742, 8, '代码的一天', 2, 1478663655, '/uploads/2016/11/08/58213bf5a9b6c.jpg'),
(743, 8, '代码的一天', 2, 1478663661, '/uploads/2016/11/08/58213bf5a9b6c.jpg'),
(744, 8, '代码的一天', 2, 1478663667, '/uploads/2016/11/08/58213bf5a9b6c.jpg'),
(745, 8, '代码的一天', 2, 1478663674, '/uploads/2016/11/08/58213bf5a9b6c.jpg'),
(746, 8, '代码的一天', 2, 1478663680, '/uploads/2016/11/08/58213bf5a9b6c.jpg'),
(747, 8, '代码的一天', 2, 1478663685, '/uploads/2016/11/08/58213bf5a9b6c.jpg'),
(748, 8, '代码的一天', 2, 1478663690, '/uploads/2016/11/08/58213bf5a9b6c.jpg'),
(749, 8, '代码的一天', 2, 1478663839, '/uploads/2016/11/08/58213bf5a9b6c.jpg'),
(750, 8, '代码的一天', 2, 1478663963, '/uploads/2016/11/08/58213bf5a9b6c.jpg'),
(751, 8, '代码的一天', 2, 1478663986, '/uploads/2016/11/08/58213bf5a9b6c.jpg'),
(752, 8, '代码的一天', 2, 1478664054, '/uploads/2016/11/08/58213bf5a9b6c.jpg'),
(753, 8, '代码的一天', 2, 1478664142, '/uploads/2016/11/08/58213bf5a9b6c.jpg'),
(754, 8, '代码的一天', 2, 1478664177, '/uploads/2016/11/08/58213bf5a9b6c.jpg'),
(755, 8, '代码的一天', 2, 1478664220, '/uploads/2016/11/08/58213bf5a9b6c.jpg'),
(756, 8, '代码的一天', 18, 1478667644, '/uploads/2016/11/08/58213bf5a9b6c.jpg'),
(757, 15, '主播的一天', 2, 1478667986, '/uploads/2016/11/09/58227e9706736.jpg'),
(758, 15, '主播的一天', 2, 1478668028, '/uploads/2016/11/09/58227e9706736.jpg'),
(759, 15, '主播的一天', 2, 1478668032, '/uploads/2016/11/09/58227e9706736.jpg'),
(760, 8, '代码的一天', 18, 1478668007, '/uploads/2016/11/08/58213bf5a9b6c.jpg'),
(761, 15, '主播的一天', 18, 1478668630, '/uploads/2016/11/09/58227e9706736.jpg'),
(762, 15, '主播的一天', 18, 1478668662, '/uploads/2016/11/09/58227e9706736.jpg'),
(763, 15, '主播的一天', 18, 1478668673, '/uploads/2016/11/09/58227e9706736.jpg'),
(764, 15, '主播的一天', 18, 1478668713, '/uploads/2016/11/09/58227e9706736.jpg'),
(765, 15, '主播的一天', 18, 1478669213, '/uploads/2016/11/09/58227e9706736.jpg'),
(766, 8, '代码的一天', 18, 1478669341, '/uploads/2016/11/08/58213bf5a9b6c.jpg'),
(767, 3, 'fdsflds', 18, 1478669700, '/uploads/2016/11/05/581d96f3ec30a.jpg'),
(768, 14, '哈哈哈哈', 2, 1478670503, '/uploads/2016/11/09/5822779f29997.jpg'),
(769, 11, '我苦难的一声', 2, 1478670191, '/uploads/2016/11/08/5821b23f23ecc.jpg'),
(770, 14, '哈哈哈哈', 18, 1478670550, '/uploads/2016/11/09/5822779f29997.jpg'),
(771, 14, '哈哈哈哈', 18, 1478670655, '/uploads/2016/11/09/5822779f29997.jpg'),
(772, 15, '主播的一天', 2, 1478670396, '/uploads/2016/11/09/58227e9706736.jpg'),
(773, 14, '哈哈哈哈', 18, 1478670877, '/uploads/2016/11/09/5822779f29997.jpg'),
(774, 14, '哈哈哈哈', 18, 1478670884, '/uploads/2016/11/09/5822779f29997.jpg'),
(775, 3, 'fdsflds', 18, 1478670575, '/uploads/2016/11/05/581d96f3ec30a.jpg'),
(776, 13, '天津与北京', 18, 1478670605, '/uploads/2016/11/09/5822752b076ff.jpg'),
(777, 6, '新世纪婚礼', 31, 1478671113, '/uploads/2016/11/07/581ff92c28ff5.jpg'),
(778, 8, '代码的一天', 18, 1478671642, '/uploads/2016/11/08/58213bf5a9b6c.jpg'),
(779, 8, '代码的一天', 18, 1478671668, '/uploads/2016/11/08/58213bf5a9b6c.jpg'),
(780, 8, '代码的一天', 31, 1478671395, '/uploads/2016/11/08/58213bf5a9b6c.jpg'),
(781, 15, '主播的一天', 31, 1478671456, '/uploads/2016/11/09/58227e9706736.jpg'),
(782, 14, '哈哈哈哈', 31, 1478671491, '/uploads/2016/11/09/5822779f29997.jpg'),
(783, 15, '主播的一天', 31, 1478672436, '/uploads/2016/11/09/58227e9706736.jpg'),
(784, 6, '新世纪婚礼', 18, 1478673008, '/uploads/2016/11/07/581ff92c28ff5.jpg'),
(785, 6, '新世纪婚礼', 32, 1478673311, '/uploads/2016/11/07/581ff92c28ff5.jpg'),
(786, 6, '新世纪婚礼', 32, 1478673342, '/uploads/2016/11/07/581ff92c28ff5.jpg'),
(787, 2, '世纪婚礼', 32, 1478675869, '/uploads/2016/11/05/581d96f3ec30a.jpg'),
(788, 14, '哈哈哈哈', 32, 1478676693, '/uploads/2016/11/09/5822779f29997.jpg'),
(789, 5, '华泰的一天', 32, 1478676711, '/uploads/2016/11/07/581fdfe91406d.jpg'),
(790, 15, '主播的一天', 32, 1478677014, '/uploads/2016/11/09/58227e9706736.jpg'),
(791, 15, '主播的一天', 32, 1478677043, '/uploads/2016/11/09/58227e9706736.jpg'),
(792, 6, '新世纪婚礼', 2, 1478677196, '/uploads/2016/11/07/581ff92c28ff5.jpg'),
(793, 3, 'fdsflds', 2, 1478677233, '/uploads/2016/11/05/581d96f3ec30a.jpg'),
(794, 6, '新世纪婚礼', 2, 1478677590, '/uploads/2016/11/07/581ff92c28ff5.jpg'),
(795, 7, '番茄的一天', 2, 1478677711, '/uploads/2016/11/08/582138cbb3665.jpg'),
(796, 3, 'fdsflds', 2, 1478677738, '/uploads/2016/11/05/581d96f3ec30a.jpg'),
(797, 6, '新世纪婚礼', 2, 1478677798, '/uploads/2016/11/07/581ff92c28ff5.jpg'),
(798, 6, '新世纪婚礼', 2, 1478677820, '/uploads/2016/11/07/581ff92c28ff5.jpg'),
(799, 14, '哈哈哈哈', 2, 1478679621, '/uploads/2016/11/09/5822779f29997.jpg'),
(800, 15, '主播的一天', 2, 1478679626, '/uploads/2016/11/09/58227e9706736.jpg'),
(801, 6, '新世纪婚礼', 2, 1478680203, '/uploads/2016/11/07/581ff92c28ff5.jpg'),
(802, 6, '新世纪婚礼', 2, 1478680220, '/uploads/2016/11/07/581ff92c28ff5.jpg'),
(803, 6, '新世纪婚礼', 2, 1478680263, '/uploads/2016/11/07/581ff92c28ff5.jpg'),
(804, 6, '新世纪婚礼', 2, 1478680424, '/uploads/2016/11/07/581ff92c28ff5.jpg'),
(805, 6, '新世纪婚礼', 2, 1478680431, '/uploads/2016/11/07/581ff92c28ff5.jpg'),
(806, 6, '新世纪婚礼', 2, 1478680758, '/uploads/2016/11/07/581ff92c28ff5.jpg'),
(807, 6, '新世纪婚礼', 2, 1478680964, '/uploads/2016/11/07/581ff92c28ff5.jpg'),
(808, 6, '新世纪婚礼', 2, 1478680990, '/uploads/2016/11/07/581ff92c28ff5.jpg'),
(809, 6, '新世纪婚礼', 2, 1478681100, '/uploads/2016/11/07/581ff92c28ff5.jpg'),
(810, 15, '主播的一天', 2, 1478682879, '/uploads/2016/11/09/58227e9706736.jpg'),
(811, 2, '世纪婚礼', 31, 1478694941, '/uploads/2016/11/05/581d96f3ec30a.jpg'),
(812, 2, '世纪婚礼', 31, 1478695004, '/uploads/2016/11/05/581d96f3ec30a.jpg'),
(813, 2, '世纪婚礼', 31, 1478695036, '/uploads/2016/11/05/581d96f3ec30a.jpg'),
(814, 21, '标题党', 31, 1478695509, '/uploads/2016/11/09/58231a224691a.jpg'),
(815, 21, '标题党', 2, 1478695637, '/uploads/2016/11/09/58231a224691a.jpg'),
(816, 21, '标题党', 2, 1478695717, '/uploads/2016/11/09/58231a224691a.jpg'),
(817, 21, '标题党', 2, 1478695752, '/uploads/2016/11/09/58231a224691a.jpg'),
(818, 21, '标题党', 31, 1478695760, '/uploads/2016/11/09/58231a224691a.jpg'),
(819, 21, '标题党', 2, 1478695836, '/uploads/2016/11/09/58231a224691a.jpg'),
(820, 20, '标题', 31, 1478696038, '/uploads/2016/11/09/5822f13140cd3.jpg'),
(821, 20, '标题', 31, 1478696169, '/uploads/2016/11/09/5822f13140cd3.jpg'),
(822, 20, '标题', 31, 1478696297, '/uploads/2016/11/09/5822f13140cd3.jpg'),
(823, 20, '标题', 31, 1478696364, '/uploads/2016/11/09/5822f13140cd3.jpg'),
(824, 20, '标题', 31, 1478696409, '/uploads/2016/11/09/5822f13140cd3.jpg'),
(825, 20, '标题', 31, 1478696415, '/uploads/2016/11/09/5822f13140cd3.jpg'),
(826, 20, '标题', 31, 1478696453, '/uploads/2016/11/09/5822f13140cd3.jpg'),
(827, 21, '标题党', 2, 1478696561, '/uploads/2016/11/09/58231a224691a.jpg'),
(828, 21, '标题党', 2, 1478696619, '/uploads/2016/11/09/58231a224691a.jpg'),
(829, 20, '标题', 31, 1478696662, '/uploads/2016/11/09/5822f13140cd3.jpg'),
(830, 21, '标题党', 2, 1478696669, '/uploads/2016/11/09/58231a224691a.jpg'),
(831, 20, '标题', 31, 1478696684, '/uploads/2016/11/09/5822f13140cd3.jpg'),
(832, 20, '标题', 31, 1478696735, '/uploads/2016/11/09/5822f13140cd3.jpg'),
(833, 21, '标题党', 2, 1478696783, '/uploads/2016/11/09/58231a224691a.jpg'),
(834, 20, '标题', 31, 1478696923, '/uploads/2016/11/09/5822f13140cd3.jpg'),
(835, 21, '标题党', 2, 1478696985, '/uploads/2016/11/09/58231a224691a.jpg'),
(836, 20, '标题', 32, 1478697292, '/uploads/2016/11/09/5822f13140cd3.jpg'),
(837, 20, '标题', 32, 1478697465, '/uploads/2016/11/09/5822f13140cd3.jpg'),
(838, 20, '标题', 32, 1478697500, '/uploads/2016/11/09/5822f13140cd3.jpg'),
(839, 20, '标题', 32, 1478697653, '/uploads/2016/11/09/5822f13140cd3.jpg'),
(840, 20, '标题', 32, 1478697718, '/uploads/2016/11/09/5822f13140cd3.jpg'),
(841, 21, '标题党', 2, 1478697792, '/uploads/2016/11/09/58231a224691a.jpg'),
(842, 20, '标题', 32, 1478698141, '/uploads/2016/11/09/5822f13140cd3.jpg'),
(843, 20, '标题', 32, 1478698338, '/uploads/2016/11/09/5822f13140cd3.jpg'),
(844, 20, '标题', 32, 1478698451, '/uploads/2016/11/09/5822f13140cd3.jpg'),
(845, 21, '标题党', 32, 1478698478, '/uploads/2016/11/09/58231a224691a.jpg'),
(846, 21, '标题党', 32, 1478698783, '/uploads/2016/11/09/58231a224691a.jpg'),
(847, 21, '标题党', 32, 1478698881, '/uploads/2016/11/09/58231a224691a.jpg'),
(848, 1, '世纪婚礼', 32, 1478699202, '/uploads/2016/11/09/5823283e47e8e.jpg'),
(849, 1, '世纪婚礼', 32, 1478699263, '/uploads/2016/11/09/5823283e47e8e.jpg'),
(850, 1, '世纪婚礼', 32, 1478699290, '/uploads/2016/11/09/5823283e47e8e.jpg'),
(851, 2, '新一天的婚礼', 32, 1478699571, '/uploads/2016/11/09/582329e5ef10f.jpg'),
(852, 2, '新一天的婚礼', 32, 1478699622, '/uploads/2016/11/09/582329e5ef10f.jpg'),
(853, 2, '新一天的婚礼', 32, 1478699733, '/uploads/2016/11/09/582329e5ef10f.jpg'),
(854, 2, '新一天的婚礼', 2, 1478700315, '/uploads/2016/11/09/582329e5ef10f.jpg'),
(855, 2, '新一天的婚礼', 32, 1478700832, '/uploads/2016/11/09/582329e5ef10f.jpg'),
(856, 4, '华泰的一天', 2, 1478700859, '/uploads/2016/11/09/58232f06a3802.jpg'),
(857, 3, '番茄的一天', 32, 1478701067, '/uploads/2016/11/09/58232da6c4002.png'),
(858, 3, '番茄的一天', 32, 1478701096, '/uploads/2016/11/09/58232da6c4002.png'),
(859, 21, NULL, 2, 1478701099, NULL),
(860, 21, NULL, 2, 1478701106, NULL),
(861, 3, '番茄的一天', 32, 1478701201, '/uploads/2016/11/09/58232da6c4002.png'),
(862, 3, '番茄的一天', 32, 1478701294, '/uploads/2016/11/09/58232da6c4002.png'),
(863, 3, '番茄的一天', 32, 1478701394, '/uploads/2016/11/09/58232da6c4002.png'),
(864, 3, '番茄的一天', 32, 1478701494, '/uploads/2016/11/09/58232da6c4002.png'),
(865, 3, '番茄的一天', 32, 1478701650, '/uploads/2016/11/09/58232da6c4002.png'),
(866, 3, '番茄的一天', 32, 1478701704, '/uploads/2016/11/09/58232da6c4002.png'),
(867, 3, '番茄的一天', 32, 1478701721, '/uploads/2016/11/09/58232da6c4002.png'),
(868, 3, '番茄的一天', 32, 1478701728, '/uploads/2016/11/09/58232da6c4002.png'),
(869, 4, '华泰的一天', 2, 1478701746, '/uploads/2016/11/09/58232f06a3802.jpg'),
(870, 4, '华泰的一天', 2, 1478701750, '/uploads/2016/11/09/58232f06a3802.jpg'),
(871, 1, '世纪婚礼', 2, 1478701766, '/uploads/2016/11/09/5823283e47e8e.jpg'),
(872, 1, '世纪婚礼', 2, 1478701776, '/uploads/2016/11/09/5823283e47e8e.jpg'),
(873, 1, '世纪婚礼', 2, 1478701781, '/uploads/2016/11/09/5823283e47e8e.jpg'),
(874, 3, '番茄的一天', 32, 1478701825, '/uploads/2016/11/09/58232da6c4002.png'),
(875, 4, '华泰的一天', 32, 1478701841, '/uploads/2016/11/09/58232f06a3802.jpg'),
(876, 1, '世纪婚礼', 2, 1478701842, '/uploads/2016/11/09/5823283e47e8e.jpg'),
(877, 1, '世纪婚礼', 2, 1478701847, '/uploads/2016/11/09/5823283e47e8e.jpg'),
(878, 1, '世纪婚礼', 32, 1478701856, '/uploads/2016/11/09/5823283e47e8e.jpg'),
(879, 1, '世纪婚礼', 32, 1478701919, '/uploads/2016/11/09/5823283e47e8e.jpg'),
(880, 4, '华泰的一天', 32, 1478701937, '/uploads/2016/11/09/58232f06a3802.jpg'),
(881, 1, '世纪婚礼', 2, 1478701951, '/uploads/2016/11/09/5823283e47e8e.jpg'),
(882, 1, '世纪婚礼', 2, 1478701964, '/uploads/2016/11/09/5823283e47e8e.jpg'),
(883, 1, '世纪婚礼', 2, 1478701973, '/uploads/2016/11/09/5823283e47e8e.jpg'),
(884, 1, '世纪婚礼', 2, 1478701977, '/uploads/2016/11/09/5823283e47e8e.jpg'),
(885, 1, '世纪婚礼', 32, 1478701984, '/uploads/2016/11/09/5823283e47e8e.jpg'),
(886, 1, '世纪婚礼', 32, 1478701995, '/uploads/2016/11/09/5823283e47e8e.jpg'),
(887, 1, '世纪婚礼', 2, 1478701999, '/uploads/2016/11/09/5823283e47e8e.jpg'),
(888, 1, '世纪婚礼', 2, 1478702004, '/uploads/2016/11/09/5823283e47e8e.jpg'),
(889, 1, '世纪婚礼', 2, 1478702062, '/uploads/2016/11/09/5823283e47e8e.jpg'),
(890, 1, '世纪婚礼', 2, 1478702067, '/uploads/2016/11/09/5823283e47e8e.jpg'),
(891, 4, '华泰的一天', 32, 1478702142, '/uploads/2016/11/09/58232f06a3802.jpg'),
(892, 1, '世纪婚礼', 32, 1478702154, '/uploads/2016/11/09/5823283e47e8e.jpg'),
(893, 1, '世纪婚礼', 32, 1478702494, '/uploads/2016/11/09/5823283e47e8e.jpg'),
(894, 1, '世纪婚礼', 2, 1478702518, '/uploads/2016/11/09/5823283e47e8e.jpg'),
(895, 1, '世纪婚礼', 2, 1478702568, '/uploads/2016/11/09/5823283e47e8e.jpg'),
(896, 1, '世纪婚礼', 2, 1478702640, '/uploads/2016/11/09/5823283e47e8e.jpg'),
(897, 1, '世纪婚礼', 2, 1478702644, '/uploads/2016/11/09/5823283e47e8e.jpg'),
(898, 1, '世纪婚礼', 2, 1478703175, '/uploads/2016/11/09/5823283e47e8e.jpg'),
(899, 1, '世纪婚礼', 2, 1478703179, '/uploads/2016/11/09/5823283e47e8e.jpg'),
(900, 1, '世纪婚礼', 2, 1478703213, '/uploads/2016/11/09/5823283e47e8e.jpg'),
(901, 1, '世纪婚礼', 2, 1478703217, '/uploads/2016/11/09/5823283e47e8e.jpg'),
(902, 1, '世纪婚礼', 2, 1478703396, '/uploads/2016/11/09/5823283e47e8e.jpg'),
(903, 1, '世纪婚礼', 2, 1478703401, '/uploads/2016/11/09/5823283e47e8e.jpg'),
(904, 1, '世纪婚礼', 2, 1478703426, '/uploads/2016/11/09/5823283e47e8e.jpg'),
(905, 1, '世纪婚礼', 2, 1478703431, '/uploads/2016/11/09/5823283e47e8e.jpg'),
(906, 1, '世纪婚礼', 2, 1478703561, '/uploads/2016/11/09/5823283e47e8e.jpg'),
(907, 1, '世纪婚礼', 2, 1478703628, '/uploads/2016/11/09/5823283e47e8e.jpg'),
(908, 1, '世纪婚礼', 2, 1478703632, '/uploads/2016/11/09/5823283e47e8e.jpg'),
(909, 1, '世纪婚礼', 2, 1478703706, '/uploads/2016/11/09/5823283e47e8e.jpg'),
(910, 1, '世纪婚礼', 2, 1478703710, '/uploads/2016/11/09/5823283e47e8e.jpg'),
(911, 1, '世纪婚礼', 2, 1478703850, '/uploads/2016/11/09/5823283e47e8e.jpg'),
(912, 1, '世纪婚礼', 2, 1478703854, '/uploads/2016/11/09/5823283e47e8e.jpg'),
(913, 1, '世纪婚礼', 2, 1478703894, '/uploads/2016/11/09/5823283e47e8e.jpg'),
(914, 1, '世纪婚礼', 2, 1478703899, '/uploads/2016/11/09/5823283e47e8e.jpg'),
(915, 1, '世纪婚礼', 2, 1478703931, '/uploads/2016/11/09/5823283e47e8e.jpg'),
(916, 1, '世纪婚礼', 2, 1478703936, '/uploads/2016/11/09/5823283e47e8e.jpg'),
(917, 1, '世纪婚礼', 2, 1478703951, '/uploads/2016/11/09/5823283e47e8e.jpg'),
(918, 1, '世纪婚礼', 2, 1478703955, '/uploads/2016/11/09/5823283e47e8e.jpg'),
(919, 4, '华泰的一天', 1, 1478704125, '/uploads/2016/11/09/58232f06a3802.jpg'),
(920, 4, '华泰的一天', 1, 1478704407, '/uploads/2016/11/09/58232f06a3802.jpg'),
(921, 1, '世纪婚礼', 2, 1478704437, '/uploads/2016/11/09/5823283e47e8e.jpg'),
(922, 1, '世纪婚礼', 2, 1478704441, '/uploads/2016/11/09/5823283e47e8e.jpg'),
(923, 4, '华泰的一天', 1, 1478704470, '/uploads/2016/11/09/58232f06a3802.jpg'),
(924, 4, '华泰的一天', 2, 1478704519, '/uploads/2016/11/09/58232f06a3802.jpg'),
(925, 1, '世纪婚礼', 2, 1478704621, '/uploads/2016/11/09/5823283e47e8e.jpg'),
(926, 1, '世纪婚礼', 2, 1478704626, '/uploads/2016/11/09/5823283e47e8e.jpg'),
(927, 1, '世纪婚礼', 2, 1478704744, '/uploads/2016/11/09/5823283e47e8e.jpg'),
(928, 1, '世纪婚礼', 2, 1478704757, '/uploads/2016/11/09/5823283e47e8e.jpg'),
(929, 1, '世纪婚礼', 2, 1478704761, '/uploads/2016/11/09/5823283e47e8e.jpg'),
(930, 1, '世纪婚礼', 2, 1478704792, '/uploads/2016/11/09/5823283e47e8e.jpg'),
(931, 1, '世纪婚礼', 2, 1478704961, '/uploads/2016/11/09/5823283e47e8e.jpg'),
(932, 3, '番茄的一天', 1, 1478704963, '/uploads/2016/11/09/58232da6c4002.png'),
(933, 2, '新一天的婚礼', 1, 1478704971, '/uploads/2016/11/09/582329e5ef10f.jpg'),
(934, 2, '新一天的婚礼', 1, 1478705084, '/uploads/2016/11/09/582329e5ef10f.jpg'),
(935, 2, '新一天的婚礼', 1, 1478705164, '/uploads/2016/11/09/582329e5ef10f.jpg'),
(936, 1, '世纪婚礼', 2, 1478705257, '/uploads/2016/11/09/5823283e47e8e.jpg'),
(937, 3, '番茄的一天', 3, 1478705603, '/uploads/2016/11/09/58232da6c4002.png'),
(938, 3, '番茄的一天', 3, 1478705692, '/uploads/2016/11/09/58232da6c4002.png'),
(939, 3, '番茄的一天', 3, 1478705796, '/uploads/2016/11/09/58232da6c4002.png'),
(940, 3, '番茄的一天', 3, 1478705882, '/uploads/2016/11/09/58232da6c4002.png'),
(941, 2, '新一天的婚礼', 1, 1478738966, '/uploads/2016/11/09/582329e5ef10f.jpg'),
(942, 4, '华泰的一天', 3, 1478739766, '/uploads/2016/11/09/58232f06a3802.jpg'),
(943, 4, '华泰的一天', 3, 1478739781, '/uploads/2016/11/09/58232f06a3802.jpg'),
(944, 3, '番茄的一天', 3, 1478739786, '/uploads/2016/11/09/58232da6c4002.png'),
(945, 2, '新一天的婚礼', 3, 1478739919, '/uploads/2016/11/09/582329e5ef10f.jpg'),
(946, 2, '新一天的婚礼', 3, 1478740009, '/uploads/2016/11/09/582329e5ef10f.jpg'),
(947, 3, '番茄的一天', 3, 1478740056, '/uploads/2016/11/09/58232da6c4002.png'),
(948, 3, '番茄的一天', 3, 1478745008, '/uploads/2016/11/09/58232da6c4002.png'),
(949, 3, '番茄的一天', 3, 1478745033, '/uploads/2016/11/09/58232da6c4002.png'),
(950, 3, '番茄的一天', 3, 1478747163, '/uploads/2016/11/09/58232da6c4002.png'),
(951, 6, '推流2', 6, 1478754443, '/uploads/2016/11/10/5823ffc291b53.jpg'),
(952, 5, '推流1', 6, 1478754482, '/uploads/2016/11/10/5823ff64dbe1f.jpg'),
(953, 5, '推流1', 6, 1478755501, '/uploads/2016/11/10/5823ff64dbe1f.jpg'),
(954, 1, '世纪婚礼', 6, 1478755731, '/uploads/2016/11/09/5823283e47e8e.jpg'),
(955, 6, '推流2', 6, 1478755815, '/uploads/2016/11/10/5823ffc291b53.jpg'),
(956, 6, '推流2', 6, 1478756307, '/uploads/2016/11/10/5823ffc291b53.jpg'),
(957, 6, '推流2', 6, 1478756309, '/uploads/2016/11/10/5823ffc291b53.jpg'),
(958, 6, '推流2', 6, 1478756312, '/uploads/2016/11/10/5823ffc291b53.jpg'),
(959, 6, '推流2', 6, 1478756333, '/uploads/2016/11/10/5823ffc291b53.jpg'),
(960, 6, '推流2', 6, 1478756357, '/uploads/2016/11/10/5823ffc291b53.jpg'),
(961, 3, '番茄的一天', 5, 1478756403, '/uploads/2016/11/09/58232da6c4002.png'),
(962, 6, '推流2', 5, 1478756440, '/uploads/2016/11/10/5823ffc291b53.jpg'),
(963, 6, '推流2', 5, 1478757497, '/uploads/2016/11/10/5823ffc291b53.jpg'),
(964, 6, '推流2', 5, 1478757517, '/uploads/2016/11/10/5823ffc291b53.jpg'),
(965, 6, '推流2', 5, 1478757612, '/uploads/2016/11/10/5823ffc291b53.jpg'),
(966, 6, '推流2', 7, 1478757749, '/uploads/2016/11/10/5823ffc291b53.jpg'),
(967, 4, '华泰的一天', 2, 1478757856, '/uploads/2016/11/09/58232f06a3802.jpg'),
(968, 4, '华泰的一天', 2, 1478758032, '/uploads/2016/11/09/58232f06a3802.jpg'),
(969, 6, '推流2', 7, 1478758078, '/uploads/2016/11/10/5823ffc291b53.jpg'),
(970, 4, '华泰的一天', 2, 1478758113, '/uploads/2016/11/09/58232f06a3802.jpg'),
(971, 4, '华泰的一天', 2, 1478758115, '/uploads/2016/11/09/58232f06a3802.jpg'),
(972, 4, '华泰的一天', 2, 1478758147, '/uploads/2016/11/09/58232f06a3802.jpg'),
(973, 6, '推流2', 7, 1478758202, '/uploads/2016/11/10/5823ffc291b53.jpg'),
(974, 4, '华泰的一天', 2, 1478758227, '/uploads/2016/11/09/58232f06a3802.jpg'),
(975, 4, '华泰的一天', 2, 1478758364, '/uploads/2016/11/09/58232f06a3802.jpg'),
(976, 6, '推流2', 7, 1478758484, '/uploads/2016/11/10/5823ffc291b53.jpg'),
(977, 5, '推流1', 2, 1478758545, '/uploads/2016/11/10/5823ff64dbe1f.jpg'),
(978, 6, '推流2', 7, 1478758580, '/uploads/2016/11/10/5823ffc291b53.jpg'),
(979, 6, '推流2', 7, 1478758650, '/uploads/2016/11/10/5823ffc291b53.jpg'),
(980, 6, '推流2', 7, 1478758802, '/uploads/2016/11/10/5823ffc291b53.jpg'),
(981, 4, '华泰的一天', 7, 1478758814, '/uploads/2016/11/09/58232f06a3802.jpg'),
(982, 4, '华泰的一天', 7, 1478759038, '/uploads/2016/11/09/58232f06a3802.jpg'),
(983, 4, '华泰的一天', 7, 1478759088, '/uploads/2016/11/09/58232f06a3802.jpg'),
(984, 7, '99健康每一周', 1, 1478759476, '/uploads/2016/11/10/58241361dd8c0.jpg'),
(985, 7, '99健康每一周', 1, 1478759490, '/uploads/2016/11/10/58241361dd8c0.jpg'),
(986, 7, '99健康每一周', 1, 1478759529, '/uploads/2016/11/10/58241361dd8c0.jpg'),
(987, 7, '99健康每一周', 1, 1478759541, '/uploads/2016/11/10/58241361dd8c0.jpg'),
(988, 4, '华泰的一天', 7, 1478759574, '/uploads/2016/11/09/58232f06a3802.jpg'),
(989, 5, '推流1', 7, 1478759586, '/uploads/2016/11/10/5823ff64dbe1f.jpg'),
(990, 5, '推流1', 2, 1478759951, '/uploads/2016/11/10/5823ff64dbe1f.jpg'),
(991, 5, '推流1', 7, 1478760064, '/uploads/2016/11/10/5823ff64dbe1f.jpg'),
(992, 5, '推流1', 2, 1478760075, '/uploads/2016/11/10/5823ff64dbe1f.jpg'),
(993, 5, '推流1', 2, 1478760081, '/uploads/2016/11/10/5823ff64dbe1f.jpg'),
(994, 5, '推流1', 2, 1478760106, '/uploads/2016/11/10/5823ff64dbe1f.jpg'),
(995, 5, '推流1', 7, 1478760148, '/uploads/2016/11/10/5823ff64dbe1f.jpg'),
(996, 5, '推流1', 2, 1478760150, '/uploads/2016/11/10/5823ff64dbe1f.jpg'),
(997, 5, '推流1', 2, 1478760201, '/uploads/2016/11/10/5823ff64dbe1f.jpg'),
(998, 5, '推流1', 7, 1478760213, '/uploads/2016/11/10/5823ff64dbe1f.jpg'),
(999, 5, '推流1', 7, 1478760418, '/uploads/2016/11/10/5823ff64dbe1f.jpg'),
(1000, 5, '推流1', 7, 1478760420, '/uploads/2016/11/10/5823ff64dbe1f.jpg'),
(1001, 5, '推流1', 2, 1478760430, '/uploads/2016/11/10/5823ff64dbe1f.jpg'),
(1002, 5, '推流1', 2, 1478760458, '/uploads/2016/11/10/5823ff64dbe1f.jpg'),
(1003, 5, '推流1', 7, 1478760563, '/uploads/2016/11/10/5823ff64dbe1f.jpg'),
(1004, 5, '推流1', 2, 1478760566, '/uploads/2016/11/10/5823ff64dbe1f.jpg'),
(1005, 7, '直播卖蔬菜，健康99每一周', 1, 1478760578, '/uploads/2016/11/10/58241361dd8c0.jpg'),
(1006, 7, '直播卖蔬菜，健康99每一周', 1, 1478760584, '/uploads/2016/11/10/58241361dd8c0.jpg'),
(1007, 7, '直播卖蔬菜，健康99每一周', 1, 1478760590, '/uploads/2016/11/10/58241361dd8c0.jpg'),
(1008, 5, '推流1', 7, 1478760597, '/uploads/2016/11/10/5823ff64dbe1f.jpg'),
(1009, 7, '直播卖蔬菜，健康99每一周', 1, 1478760599, '/uploads/2016/11/10/58241361dd8c0.jpg'),
(1010, 5, '推流1', 7, 1478760976, '/uploads/2016/11/10/5823ff64dbe1f.jpg'),
(1011, 5, '推流1', 7, 1478760983, '/uploads/2016/11/10/5823ff64dbe1f.jpg'),
(1012, 5, '推流1', 2, 1478760992, '/uploads/2016/11/10/5823ff64dbe1f.jpg'),
(1013, 5, '推流1', 7, 1478761054, '/uploads/2016/11/10/5823ff64dbe1f.jpg'),
(1014, 5, '推流1', 2, 1478761056, '/uploads/2016/11/10/5823ff64dbe1f.jpg'),
(1015, 5, '推流1', 2, 1478761058, '/uploads/2016/11/10/5823ff64dbe1f.jpg'),
(1016, 5, '推流1', 2, 1478761060, '/uploads/2016/11/10/5823ff64dbe1f.jpg'),
(1017, 5, '推流1', 2, 1478761062, '/uploads/2016/11/10/5823ff64dbe1f.jpg'),
(1018, 5, '推流1', 2, 1478761064, '/uploads/2016/11/10/5823ff64dbe1f.jpg'),
(1019, 7, '直播卖蔬菜，健康99每一周', 1, 1478761076, '/uploads/2016/11/10/58241361dd8c0.jpg'),
(1020, 8, '直播卖菜，健康久久', 1, 1478761097, '/uploads/2016/11/10/58241a0638625.jpg'),
(1021, 8, '直播卖菜，健康久久', 1, 1478761103, '/uploads/2016/11/10/58241a0638625.jpg'),
(1022, 5, '推流1', 7, 1478761160, '/uploads/2016/11/10/5823ff64dbe1f.jpg'),
(1023, 5, '推流1', 7, 1478761200, '/uploads/2016/11/10/5823ff64dbe1f.jpg'),
(1024, 5, '推流1', 2, 1478761221, '/uploads/2016/11/10/5823ff64dbe1f.jpg'),
(1025, 5, '推流1', 7, 1478761255, '/uploads/2016/11/10/5823ff64dbe1f.jpg'),
(1026, 5, '推流1', 7, 1478761311, '/uploads/2016/11/10/5823ff64dbe1f.jpg'),
(1027, 5, '推流1', 7, 1478761324, '/uploads/2016/11/10/5823ff64dbe1f.jpg'),
(1028, 8, '直播卖菜，健康久久', 8, 1478761514, '/uploads/2016/11/10/58241a0638625.jpg'),
(1029, 8, '直播卖菜，健康久久', 7, 1478761544, '/uploads/2016/11/10/58241a0638625.jpg'),
(1030, 8, '直播卖菜，健康久久', 2, 1478761865, '/uploads/2016/11/10/58241a0638625.jpg'),
(1031, 6, '推流2', 6, 1478762051, '/uploads/2016/11/10/5823ffc291b53.jpg'),
(1032, 8, '直播卖菜，健康久久', 2, 1478762203, '/uploads/2016/11/10/58241a0638625.jpg'),
(1033, 9, '直播卖菜，健康久久', 2, 1478762218, '/uploads/2016/11/10/58241e8ee8ce4.jpg'),
(1034, 6, '推流2', 6, 1478762478, '/uploads/2016/11/10/5823ffc291b53.jpg'),
(1035, 9, '直播卖菜，健康久久', 6, 1478762483, '/uploads/2016/11/10/58241e8ee8ce4.jpg'),
(1036, 8, '直播卖菜，健康久久', 6, 1478762500, '/uploads/2016/11/10/58241a0638625.jpg'),
(1037, 9, '直播卖菜，健康久久', 7, 1478768797, '/uploads/2016/11/10/58241e8ee8ce4.jpg'),
(1038, 9, '直播卖菜，健康久久', 7, 1478768824, '/uploads/2016/11/10/58241e8ee8ce4.jpg'),
(1039, 4, '华泰的一天', 7, 1478827724, '/uploads/2016/11/09/58232f06a3802.jpg'),
(1040, 4, '华泰的一天', 7, 1478827745, '/uploads/2016/11/09/58232f06a3802.jpg'),
(1041, 4, '华泰的一天', 7, 1478828100, '/uploads/2016/11/09/58232f06a3802.jpg'),
(1042, 4, '华泰的一天', 7, 1478828683, '/uploads/2016/11/09/58232f06a3802.jpg'),
(1043, 4, '华泰的一天', 7, 1478829273, '/uploads/2016/11/09/58232f06a3802.jpg'),
(1044, 4, '华泰的一天', 2, 1478829468, '/uploads/2016/11/09/58232f06a3802.jpg'),
(1045, 4, '华泰的一天', 7, 1478829819, '/uploads/2016/11/09/58232f06a3802.jpg'),
(1046, 4, '华泰的一天', 7, 1478829821, '/uploads/2016/11/09/58232f06a3802.jpg'),
(1047, 4, '华泰的一天', 7, 1478829826, '/uploads/2016/11/09/58232f06a3802.jpg'),
(1048, 4, '华泰的一天', 7, 1478830069, '/uploads/2016/11/09/58232f06a3802.jpg'),
(1049, 4, '华泰的一天', 2, 1478830142, '/uploads/2016/11/09/58232f06a3802.jpg'),
(1050, 4, '华泰的一天', 2, 1478830164, '/uploads/2016/11/09/58232f06a3802.jpg'),
(1051, 4, '华泰的一天', 2, 1478830303, '/uploads/2016/11/09/58232f06a3802.jpg'),
(1052, 4, '华泰的一天', 2, 1478830771, '/uploads/2016/11/09/58232f06a3802.jpg'),
(1053, 4, '华泰的一天', 2, 1478830779, '/uploads/2016/11/09/58232f06a3802.jpg'),
(1054, 4, '华泰的一天', 2, 1478830783, '/uploads/2016/11/09/58232f06a3802.jpg'),
(1055, 4, '华泰的一天', 2, 1478830982, '/uploads/2016/11/09/58232f06a3802.jpg'),
(1056, 4, '华泰的一天', 2, 1478830995, '/uploads/2016/11/09/58232f06a3802.jpg'),
(1057, 4, '华泰的一天', 2, 1478831040, '/uploads/2016/11/09/58232f06a3802.jpg'),
(1058, 4, '华泰的一天', 2, 1478831043, '/uploads/2016/11/09/58232f06a3802.jpg'),
(1059, 4, '华泰的一天', 2, 1478831053, '/uploads/2016/11/09/58232f06a3802.jpg'),
(1060, 4, '华泰的一天', 2, 1478831070, '/uploads/2016/11/09/58232f06a3802.jpg'),
(1061, 4, '华泰的一天', 2, 1478831156, '/uploads/2016/11/09/58232f06a3802.jpg'),
(1062, 4, '华泰的一天', 7, 1478831228, '/uploads/2016/11/09/58232f06a3802.jpg'),
(1063, 4, '华泰的一天', 2, 1478831231, '/uploads/2016/11/09/58232f06a3802.jpg'),
(1064, 4, '华泰的一天', 2, 1478831457, '/uploads/2016/11/09/58232f06a3802.jpg'),
(1065, 4, '华泰的一天', 2, 1478831490, '/uploads/2016/11/09/58232f06a3802.jpg'),
(1066, 4, '华泰的一天', 2, 1478831518, '/uploads/2016/11/09/58232f06a3802.jpg'),
(1067, 4, '华泰的一天', 2, 1478831603, '/uploads/2016/11/09/58232f06a3802.jpg'),
(1068, 4, '华泰的一天', 2, 1478831606, '/uploads/2016/11/09/58232f06a3802.jpg'),
(1069, 4, '华泰的一天', 2, 1478832024, '/uploads/2016/11/09/58232f06a3802.jpg'),
(1070, 2, '新一天的婚礼', 7, 1478832052, '/uploads/2016/11/09/582329e5ef10f.jpg'),
(1071, 2, '新一天的婚礼', 7, 1478832055, '/uploads/2016/11/09/582329e5ef10f.jpg'),
(1072, 4, '华泰的一天', 7, 1478832072, '/uploads/2016/11/09/58232f06a3802.jpg'),
(1073, 4, '华泰的一天', 2, 1478832093, '/uploads/2016/11/09/58232f06a3802.jpg'),
(1074, 4, '华泰的一天', 2, 1478832178, '/uploads/2016/11/09/58232f06a3802.jpg'),
(1075, 4, '华泰的一天', 7, 1478832241, '/uploads/2016/11/09/58232f06a3802.jpg'),
(1076, 4, '华泰的一天', 2, 1478832309, '/uploads/2016/11/09/58232f06a3802.jpg'),
(1077, 4, '华泰的一天', 7, 1478833380, '/uploads/2016/11/09/58232f06a3802.jpg'),
(1078, 4, '华泰的一天', 7, 1478833577, '/uploads/2016/11/09/58232f06a3802.jpg'),
(1079, 4, '华泰的一天', 7, 1478833626, '/uploads/2016/11/09/58232f06a3802.jpg'),
(1080, 4, '华泰的一天', 7, 1478834084, '/uploads/2016/11/09/58232f06a3802.jpg'),
(1081, 4, '华泰的一天', 7, 1478840776, '/uploads/2016/11/09/58232f06a3802.jpg'),
(1082, 4, '华泰的一天', 7, 1478840790, '/uploads/2016/11/09/58232f06a3802.jpg'),
(1083, 4, '华泰的一天', 7, 1478841058, '/uploads/2016/11/09/58232f06a3802.jpg'),
(1084, 4, '华泰的一天', 7, 1478841453, '/uploads/2016/11/09/58232f06a3802.jpg'),
(1085, 4, '华泰的一天', 7, 1478841468, '/uploads/2016/11/09/58232f06a3802.jpg'),
(1086, 4, '华泰的一天', 2, 1478842316, '/uploads/2016/11/09/58232f06a3802.jpg'),
(1087, 4, '华泰的一天', 7, 1478843422, '/uploads/2016/11/09/58232f06a3802.jpg'),
(1088, 4, '华泰的一天', 7, 1478843447, '/uploads/2016/11/09/58232f06a3802.jpg'),
(1089, 4, '华泰的一天', 7, 1478843473, '/uploads/2016/11/09/58232f06a3802.jpg'),
(1090, 4, '华泰的一天', 7, 1478843745, '/uploads/2016/11/09/58232f06a3802.jpg'),
(1091, 4, '华泰的一天', 7, 1478843903, '/uploads/2016/11/09/58232f06a3802.jpg'),
(1092, 4, '华泰的一天', 7, 1478843915, '/uploads/2016/11/09/58232f06a3802.jpg'),
(1093, 4, '华泰的一天', 7, 1478844082, '/uploads/2016/11/09/58232f06a3802.jpg'),
(1094, 4, '华泰的一天', 7, 1478844589, '/uploads/2016/11/09/58232f06a3802.jpg'),
(1095, 4, '华泰的一天', 7, 1478844608, '/uploads/2016/11/09/58232f06a3802.jpg'),
(1096, 4, '华泰的一天', 7, 1478845145, '/uploads/2016/11/09/58232f06a3802.jpg'),
(1097, 4, '华泰的一天', 7, 1478845191, '/uploads/2016/11/09/58232f06a3802.jpg'),
(1098, 4, '华泰的一天', 7, 1478845392, '/uploads/2016/11/09/58232f06a3802.jpg'),
(1099, 4, '华泰的一天', 7, 1478845409, '/uploads/2016/11/09/58232f06a3802.jpg'),
(1100, 4, '华泰的一天', 7, 1478845426, '/uploads/2016/11/09/58232f06a3802.jpg'),
(1101, 4, '华泰的一天', 7, 1478845494, '/uploads/2016/11/09/58232f06a3802.jpg'),
(1102, 4, '华泰的一天', 7, 1478845591, '/uploads/2016/11/09/58232f06a3802.jpg'),
(1103, 4, '华泰的一天', 7, 1478845605, '/uploads/2016/11/09/58232f06a3802.jpg'),
(1104, 4, '华泰的一天', 2, 1478845653, '/uploads/2016/11/09/58232f06a3802.jpg'),
(1105, 4, '华泰的一天', 2, 1478845781, '/uploads/2016/11/09/58232f06a3802.jpg'),
(1106, 4, '华泰的一天', 7, 1478846106, '/uploads/2016/11/09/58232f06a3802.jpg'),
(1107, 4, '华泰的一天', 2, 1478846113, '/uploads/2016/11/09/58232f06a3802.jpg'),
(1108, 4, '华泰的一天', 7, 1478846124, '/uploads/2016/11/09/58232f06a3802.jpg'),
(1109, 4, '华泰的一天', 2, 1478846143, '/uploads/2016/11/09/58232f06a3802.jpg'),
(1110, 4, '华泰的一天', 2, 1478846147, '/uploads/2016/11/09/58232f06a3802.jpg'),
(1111, 4, '华泰的一天', 2, 1478846290, '/uploads/2016/11/09/58232f06a3802.jpg'),
(1112, 4, '华泰的一天', 2, 1478846434, '/uploads/2016/11/09/58232f06a3802.jpg'),
(1113, 4, '华泰的一天', 2, 1478846643, '/uploads/2016/11/09/58232f06a3802.jpg'),
(1114, 4, '华泰的一天', 2, 1478846769, '/uploads/2016/11/09/58232f06a3802.jpg'),
(1115, 4, '华泰的一天', 2, 1478847101, '/uploads/2016/11/09/58232f06a3802.jpg'),
(1116, 8, '直播卖菜，健康久久', 2, 1478847250, '/uploads/2016/11/10/58241a0638625.jpg'),
(1117, 9, '直播卖菜，健康久久', 2, 1478847294, '/uploads/2016/11/10/58241e8ee8ce4.jpg'),
(1118, 9, '直播卖菜，健康久久', 2, 1478847311, '/uploads/2016/11/10/58241e8ee8ce4.jpg'),
(1119, 4, '华泰的一天', 2, 1478847516, '/uploads/2016/11/09/58232f06a3802.jpg'),
(1120, 9, '直播卖菜，健康久久', 2, 1478847720, '/uploads/2016/11/10/58241e8ee8ce4.jpg'),
(1121, 9, '直播卖菜，健康久久', 2, 1478847737, '/uploads/2016/11/10/58241e8ee8ce4.jpg'),
(1122, 9, '直播卖菜，健康久久', 2, 1478847842, '/uploads/2016/11/10/58241e8ee8ce4.jpg'),
(1123, 9, '直播卖菜，健康久久', 2, 1478847859, '/uploads/2016/11/10/58241e8ee8ce4.jpg'),
(1124, 9, '直播卖菜，健康久久', 2, 1478847878, '/uploads/2016/11/10/58241e8ee8ce4.jpg'),
(1125, 4, '华泰的一天', 2, 1478848084, '/uploads/2016/11/09/58232f06a3802.jpg'),
(1126, 4, '华泰的一天', 2, 1478848137, '/uploads/2016/11/09/58232f06a3802.jpg'),
(1127, 4, '华泰的一天', 2, 1478848287, '/uploads/2016/11/09/58232f06a3802.jpg'),
(1128, 4, '华泰的一天', 2, 1478848665, '/uploads/2016/11/09/58232f06a3802.jpg'),
(1129, 4, '华泰的一天', 2, 1478848769, '/uploads/2016/11/09/58232f06a3802.jpg'),
(1130, 4, '华泰的一天', 2, 1478848874, '/uploads/2016/11/09/58232f06a3802.jpg'),
(1131, 4, '华泰的一天', 2, 1478849582, '/uploads/2016/11/09/58232f06a3802.jpg'),
(1132, 9, '直播卖菜，健康久久', 2, 1478849626, '/uploads/2016/11/10/58241e8ee8ce4.jpg'),
(1133, 4, '华泰的一天', 2, 1478849728, '/uploads/2016/11/09/58232f06a3802.jpg'),
(1134, 9, '直播卖菜，健康久久', 2, 1478849755, '/uploads/2016/11/10/58241e8ee8ce4.jpg'),
(1135, 4, '华泰的一天', 7, 1478849888, '/uploads/2016/11/09/58232f06a3802.jpg'),
(1136, 4, '华泰的一天', 7, 1478849914, '/uploads/2016/11/09/58232f06a3802.jpg'),
(1137, 4, '华泰的一天', 7, 1478849940, '/uploads/2016/11/09/58232f06a3802.jpg'),
(1138, 4, '华泰的一天', 7, 1478849965, '/uploads/2016/11/09/58232f06a3802.jpg'),
(1139, 9, '直播卖菜，健康久久', 6, 1479198029, '/uploads/2016/11/10/58241e8ee8ce4.jpg'),
(1140, 10, '华泰直播', 6, 1479199393, '/uploads/2016/11/15/582ac74051b7e.jpg'),
(1141, 7, '直播卖蔬菜，健康99每一周', 7, 1479200868, '/uploads/2016/11/10/58241361dd8c0.jpg'),
(1142, 10, '华泰直播', 7, 1479200893, '/uploads/2016/11/15/582ac74051b7e.jpg'),
(1143, 10, '华泰直播', 7, 1479200991, '/uploads/2016/11/15/582ac74051b7e.jpg'),
(1144, 10, '华泰直播', 6, 1479204970, '/uploads/2016/11/15/582ac74051b7e.jpg'),
(1145, 10, '华泰直播', 6, 1479205582, '/uploads/2016/11/15/582ac74051b7e.jpg'),
(1146, 8, '直播卖菜，健康久久', 7, 1479212426, '/uploads/2016/11/10/58241a0638625.jpg'),
(1147, 8, '直播卖菜，健康久久', 7, 1479212455, '/uploads/2016/11/10/58241a0638625.jpg'),
(1148, 7, '直播卖蔬菜，健康99每一周', 7, 1479212496, '/uploads/2016/11/10/58241361dd8c0.jpg'),
(1149, 7, '直播卖蔬菜，健康99每一周', 7, 1479212513, '/uploads/2016/11/10/58241361dd8c0.jpg'),
(1150, 7, '直播卖蔬菜，健康99每一周', 7, 1479212801, '/uploads/2016/11/10/58241361dd8c0.jpg'),
(1151, 10, '华泰直播', 7, 1479216274, '/uploads/2016/11/15/582ac74051b7e.jpg'),
(1152, 9, '直播卖菜，健康久久', 7, 1479216280, '/uploads/2016/11/10/58241e8ee8ce4.jpg'),
(1153, 10, '华泰直播', 7, 1479216284, '/uploads/2016/11/15/582ac74051b7e.jpg'),
(1154, 12, '很好', 7, 1479216304, '/uploads/2016/11/15/582acc6e04185.jpg'),
(1155, 6, '推流2', 7, 1479216307, '/uploads/2016/11/10/5823ffc291b53.jpg'),
(1156, 9, '直播卖菜，健康久久', 7, 1479216312, '/uploads/2016/11/10/58241e8ee8ce4.jpg'),
(1157, 10, '华泰直播', 7, 1479216323, '/uploads/2016/11/15/582ac74051b7e.jpg'),
(1158, 10, '华泰直播', 7, 1479216327, '/uploads/2016/11/15/582ac74051b7e.jpg'),
(1159, 10, '华泰直播', 7, 1479216373, '/uploads/2016/11/15/582ac74051b7e.jpg'),
(1160, 1, '世纪婚礼', 7, 1479216620, '/uploads/2016/11/09/5823283e47e8e.jpg'),
(1161, 10, '华泰直播', 7, 1479216626, '/uploads/2016/11/15/582ac74051b7e.jpg'),
(1162, 10, '华泰直播', 8, 1479271267, '/uploads/2016/11/15/582ac74051b7e.jpg'),
(1163, 13, '“菜有话说”直播健康   99每一周', 8, 1479271314, '/uploads/2016/11/15/582b2946f0535.jpg'),
(1164, 13, '“菜有话说”直播健康   99每一周', 1, 1479276920, '/uploads/2016/11/15/582b2946f0535.jpg'),
(1165, 13, '“菜有话说”直播健康   99每一周', 1, 1479276924, '/uploads/2016/11/15/582b2946f0535.jpg'),
(1166, 13, '“菜有话说”直播健康   99每一周', 1, 1479276931, '/uploads/2016/11/15/582b2946f0535.jpg'),
(1167, 13, '“菜有话说”直播健康   99每一周', 1, 1479276932, '/uploads/2016/11/15/582b2946f0535.jpg'),
(1168, 13, '“菜有话说”直播健康   99每一周', 1, 1479276944, '/uploads/2016/11/15/582b2946f0535.jpg'),
(1169, 13, '“菜有话说”直播健康   99每一周', 1, 1479276945, '/uploads/2016/11/15/582b2946f0535.jpg'),
(1170, 13, '“菜有话说”直播健康   99每一周', 1, 1479276945, '/uploads/2016/11/15/582b2946f0535.jpg'),
(1171, 13, '“菜有话说”直播健康   99每一周', 1, 1479276946, '/uploads/2016/11/15/582b2946f0535.jpg'),
(1172, 13, '“菜有话说”直播健康   99每一周', 1, 1479276948, '/uploads/2016/11/15/582b2946f0535.jpg'),
(1173, 13, '“菜有话说”直播健康   99每一周', 1, 1479276949, '/uploads/2016/11/15/582b2946f0535.jpg'),
(1174, 13, '“菜有话说”直播健康   99每一周', 1, 1479276978, '/uploads/2016/11/15/582b2946f0535.jpg'),
(1175, 13, '“菜有话说”直播健康   99每一周', 1, 1479276980, '/uploads/2016/11/15/582b2946f0535.jpg'),
(1176, 13, '“菜有话说”直播健康   99每一周', 1, 1479359424, '/uploads/2016/11/15/582b2946f0535.jpg'),
(1177, 13, '“菜有话说”直播健康   99每一周', 1, 1479359426, '/uploads/2016/11/15/582b2946f0535.jpg'),
(1178, 13, '“菜有话说”直播健康   99每一周', 1, 1479359435, '/uploads/2016/11/15/582b2946f0535.jpg'),
(1179, 13, '“菜有话说”直播健康   99每一周', 1, 1479359436, '/uploads/2016/11/15/582b2946f0535.jpg'),
(1180, 3, '番茄的一天', 1, 1479360056, '/uploads/2016/11/09/58232da6c4002.png'),
(1181, 3, '番茄的一天', 1, 1479360057, '/uploads/2016/11/09/58232da6c4002.png'),
(1182, 13, '“菜有话说”直播健康   99每一周', 7, 1479362083, '/uploads/2016/11/15/582b2946f0535.jpg'),
(1183, 13, '“菜有话说”直播健康   99每一周', 7, 1479362084, '/uploads/2016/11/15/582b2946f0535.jpg'),
(1184, 13, '“菜有话说”直播健康   99每一周', 7, 1479362317, '/uploads/2016/11/15/582b2946f0535.jpg'),
(1185, 13, '“菜有话说”直播健康   99每一周', 7, 1479362318, '/uploads/2016/11/15/582b2946f0535.jpg'),
(1186, 13, '“菜有话说”直播健康   99每一周', 7, 1479362333, '/uploads/2016/11/15/582b2946f0535.jpg'),
(1187, 13, '“菜有话说”直播健康   99每一周', 7, 1479362333, '/uploads/2016/11/15/582b2946f0535.jpg'),
(1188, 13, '“菜有话说”直播健康   99每一周', 10, 1479363256, '/uploads/2016/11/15/582b2946f0535.jpg'),
(1189, 13, '“菜有话说”直播健康   99每一周', 10, 1479363256, '/uploads/2016/11/15/582b2946f0535.jpg'),
(1190, 13, '“菜有话说”直播健康   99每一周', 10, 1479363330, '/uploads/2016/11/15/582b2946f0535.jpg'),
(1191, 13, '“菜有话说”直播健康   99每一周', 10, 1479363331, '/uploads/2016/11/15/582b2946f0535.jpg'),
(1192, 13, '“菜有话说”直播健康   99每一周', 10, 1479363412, '/uploads/2016/11/15/582b2946f0535.jpg'),
(1193, 13, '“菜有话说”直播健康   99每一周', 10, 1479363413, '/uploads/2016/11/15/582b2946f0535.jpg'),
(1194, 13, '“菜有话说”直播健康   99每一周', 10, 1479364421, '/uploads/2016/11/15/582b2946f0535.jpg'),
(1195, 13, '“菜有话说”直播健康   99每一周', 10, 1479364423, '/uploads/2016/11/15/582b2946f0535.jpg'),
(1196, 13, '“菜有话说”直播健康   99每一周', 10, 1479365255, '/uploads/2016/11/15/582b2946f0535.jpg'),
(1197, 13, '“菜有话说”直播健康   99每一周', 10, 1479365256, '/uploads/2016/11/15/582b2946f0535.jpg'),
(1198, 13, '“菜有话说”直播健康   99每一周', 10, 1479365288, '/uploads/2016/11/15/582b2946f0535.jpg'),
(1199, 13, '“菜有话说”直播健康   99每一周', 10, 1479365289, '/uploads/2016/11/15/582b2946f0535.jpg'),
(1200, 13, '“菜有话说”直播健康   99每一周', 10, 1479365484, '/uploads/2016/11/15/582b2946f0535.jpg'),
(1201, 13, '“菜有话说”直播健康   99每一周', 10, 1479365485, '/uploads/2016/11/15/582b2946f0535.jpg'),
(1202, 13, '“菜有话说”直播健康   99每一周', 10, 1479365530, '/uploads/2016/11/15/582b2946f0535.jpg'),
(1203, 13, '“菜有话说”直播健康   99每一周', 10, 1479365531, '/uploads/2016/11/15/582b2946f0535.jpg'),
(1204, 13, '“菜有话说”直播健康   99每一周', 10, 1479365565, '/uploads/2016/11/15/582b2946f0535.jpg'),
(1205, 13, '“菜有话说”直播健康   99每一周', 10, 1479365566, '/uploads/2016/11/15/582b2946f0535.jpg'),
(1206, 10, '华泰直播', 10, 1479365639, '/uploads/2016/11/15/582ac74051b7e.jpg'),
(1207, 10, '华泰直播', 10, 1479365639, '/uploads/2016/11/15/582ac74051b7e.jpg'),
(1208, 13, '“菜有话说”直播健康   99每一周', 10, 1479365652, '/uploads/2016/11/15/582b2946f0535.jpg'),
(1209, 13, '“菜有话说”直播健康   99每一周', 10, 1479365653, '/uploads/2016/11/15/582b2946f0535.jpg'),
(1210, 13, '“菜有话说”直播健康   99每一周', 10, 1479366569, '/uploads/2016/11/15/582b2946f0535.jpg'),
(1211, 13, '“菜有话说”直播健康   99每一周', 10, 1479366570, '/uploads/2016/11/15/582b2946f0535.jpg'),
(1212, 13, '“菜有话说”直播健康   99每一周', 8, 1479379661, '/uploads/2016/11/15/582b2946f0535.jpg'),
(1213, 13, '“菜有话说”直播健康   99每一周', 8, 1479379663, '/uploads/2016/11/15/582b2946f0535.jpg'),
(1214, 13, '“菜有话说”直播健康   99每一周', 6, 1479382124, '/uploads/2016/11/15/582b2946f0535.jpg'),
(1215, 13, '“菜有话说”直播健康   99每一周', 6, 1479382125, '/uploads/2016/11/15/582b2946f0535.jpg'),
(1216, 13, '“菜有话说”直播健康   99每一周', 10, 1479427909, '/uploads/2016/11/15/582b2946f0535.jpg'),
(1217, 13, '“菜有话说”直播健康   99每一周', 10, 1479427910, '/uploads/2016/11/15/582b2946f0535.jpg'),
(1218, 13, '“菜有话说”直播健康   99每一周', 11, 1479446924, '/uploads/2016/11/15/582b2946f0535.jpg'),
(1219, 13, '“菜有话说”直播健康   99每一周', 11, 1479446925, '/uploads/2016/11/15/582b2946f0535.jpg'),
(1220, 13, '“菜有话说”直播健康   99每一周', 11, 1479446991, '/uploads/2016/11/15/582b2946f0535.jpg'),
(1221, 13, '“菜有话说”直播健康   99每一周', 11, 1479446992, '/uploads/2016/11/15/582b2946f0535.jpg'),
(1222, 13, '“菜有话说”直播健康   99每一周', 11, 1479447010, '/uploads/2016/11/15/582b2946f0535.jpg'),
(1223, 13, '“菜有话说”直播健康   99每一周', 11, 1479447010, '/uploads/2016/11/15/582b2946f0535.jpg'),
(1224, 13, '“菜有话说”直播健康   99每一周', 11, 1479447035, '/uploads/2016/11/15/582b2946f0535.jpg'),
(1225, 13, '“菜有话说”直播健康   99每一周', 11, 1479447036, '/uploads/2016/11/15/582b2946f0535.jpg'),
(1226, 13, '“菜有话说”直播健康   99每一周', 11, 1479448799, '/uploads/2016/11/15/582b2946f0535.jpg'),
(1227, 13, '“菜有话说”直播健康   99每一周', 11, 1479448800, '/uploads/2016/11/15/582b2946f0535.jpg'),
(1228, 13, '“菜有话说”直播健康   99每一周', 12, 1479460334, '/uploads/2016/11/15/582b2946f0535.jpg'),
(1229, 13, '“菜有话说”直播健康   99每一周', 12, 1479460335, '/uploads/2016/11/15/582b2946f0535.jpg'),
(1230, 13, '“菜有话说”直播健康   99每一周', 12, 1479460381, '/uploads/2016/11/15/582b2946f0535.jpg'),
(1231, 13, '“菜有话说”直播健康   99每一周', 12, 1479460382, '/uploads/2016/11/15/582b2946f0535.jpg'),
(1232, 14, '津狮车友会', 1, 1479520954, '/uploads/2016/11/19/582fb22e4565b.png'),
(1233, 14, '津狮车友会', 1, 1479520955, '/uploads/2016/11/19/582fb22e4565b.png'),
(1234, 14, '津狮车友会', 1, 1479521072, '/uploads/2016/11/19/582fb22e4565b.png'),
(1235, 14, '津狮车友会', 1, 1479521073, '/uploads/2016/11/19/582fb22e4565b.png'),
(1236, 14, '津狮车友会', 1, 1479521093, '/uploads/2016/11/19/582fb22e4565b.png'),
(1237, 14, '津狮车友会', 1, 1479521093, '/uploads/2016/11/19/582fb22e4565b.png'),
(1238, 14, '津狮车友会', 1, 1479521122, '/uploads/2016/11/19/582fb22e4565b.png'),
(1239, 14, '津狮车友会', 1, 1479521122, '/uploads/2016/11/19/582fb22e4565b.png'),
(1240, 14, '津狮车友会', 1, 1479521139, '/uploads/2016/11/19/582fb22e4565b.png'),
(1241, 14, '津狮车友会', 1, 1479521140, '/uploads/2016/11/19/582fb22e4565b.png'),
(1242, 14, '津狮车友会', 1, 1479521171, '/uploads/2016/11/19/582fb22e4565b.png'),
(1243, 14, '津狮车友会', 1, 1479521172, '/uploads/2016/11/19/582fb22e4565b.png'),
(1244, 14, '津狮车友会', 1, 1479521182, '/uploads/2016/11/19/582fb22e4565b.png'),
(1245, 14, '津狮车友会', 1, 1479521183, '/uploads/2016/11/19/582fb22e4565b.png'),
(1246, 14, '津狮车友会', 1, 1479521205, '/uploads/2016/11/19/582fb22e4565b.png'),
(1247, 14, '津狮车友会', 1, 1479521205, '/uploads/2016/11/19/582fb22e4565b.png'),
(1248, 14, '津狮车友会', 1, 1479521255, '/uploads/2016/11/19/582fb22e4565b.png'),
(1249, 14, '津狮车友会', 1, 1479521256, '/uploads/2016/11/19/582fb22e4565b.png'),
(1250, 14, '津狮车友会', 1, 1479521684, '/uploads/2016/11/19/582fb22e4565b.png'),
(1251, 14, '津狮车友会', 1, 1479521685, '/uploads/2016/11/19/582fb22e4565b.png'),
(1252, 14, '津狮车友会', 1, 1479521690, '/uploads/2016/11/19/582fb22e4565b.png'),
(1253, 14, '津狮车友会', 1, 1479521691, '/uploads/2016/11/19/582fb22e4565b.png'),
(1254, 14, '津狮车友会', 6, 1479521808, '/uploads/2016/11/19/582fb22e4565b.png'),
(1255, 14, '津狮车友会', 6, 1479521809, '/uploads/2016/11/19/582fb22e4565b.png'),
(1256, 14, '津狮车友会', 1, 1479521867, '/uploads/2016/11/19/582fb22e4565b.png'),
(1257, 14, '津狮车友会', 1, 1479521869, '/uploads/2016/11/19/582fb22e4565b.png'),
(1258, 14, '津狮车友会', 6, 1479522390, '/uploads/2016/11/19/582fb22e4565b.png'),
(1259, 14, '津狮车友会', 6, 1479522391, '/uploads/2016/11/19/582fb22e4565b.png'),
(1260, 14, '津狮车友会', 14, 1479523017, '/uploads/2016/11/19/582fb22e4565b.png'),
(1261, 14, '津狮车友会', 14, 1479523019, '/uploads/2016/11/19/582fb22e4565b.png'),
(1262, 14, '津狮车友会', 14, 1479523044, '/uploads/2016/11/19/582fb22e4565b.png'),
(1263, 14, '津狮车友会', 14, 1479523045, '/uploads/2016/11/19/582fb22e4565b.png'),
(1264, 14, '津狮车友会', 14, 1479523186, '/uploads/2016/11/19/582fb22e4565b.png'),
(1265, 14, '津狮车友会', 14, 1479523188, '/uploads/2016/11/19/582fb22e4565b.png'),
(1266, 14, '津狮车友会', 1, 1479523306, '/uploads/2016/11/19/582fb22e4565b.png'),
(1267, 14, '津狮车友会', 1, 1479523306, '/uploads/2016/11/19/582fb22e4565b.png'),
(1268, 14, '津狮车友会', 1, 1479523545, '/uploads/2016/11/19/582fb22e4565b.png'),
(1269, 14, '津狮车友会', 1, 1479523546, '/uploads/2016/11/19/582fb22e4565b.png'),
(1270, 14, '津狮车友会', 15, 1479524160, '/uploads/2016/11/19/582fb22e4565b.png'),
(1271, 14, '津狮车友会', 15, 1479524161, '/uploads/2016/11/19/582fb22e4565b.png'),
(1272, 15, '相遇伯爵——行知茶社24节沏', 1, 1479546719, '/uploads/2016/11/19/5830171f5e757.png'),
(1273, 15, '相遇伯爵——行知茶社24节沏', 1, 1479546720, '/uploads/2016/11/19/5830171f5e757.png'),
(1274, 15, '相遇伯爵——行知茶社沙龙', 1, 1479549646, '/uploads/2016/11/19/58301ab5557d4.png'),
(1275, 15, '相遇伯爵——行知茶社沙龙', 1, 1479549650, '/uploads/2016/11/19/58301ab5557d4.png'),
(1276, 15, '相遇伯爵——行知茶社沙龙', 1, 1479549808, '/uploads/2016/11/19/58301ab5557d4.png'),
(1277, 15, '相遇伯爵——行知茶社沙龙', 1, 1479549810, '/uploads/2016/11/19/58301ab5557d4.png'),
(1278, 15, '相遇伯爵——行知茶社沙龙', 1, 1479549815, '/uploads/2016/11/19/58301ab5557d4.png'),
(1279, 15, '相遇伯爵——行知茶社沙龙', 1, 1479549816, '/uploads/2016/11/19/58301ab5557d4.png'),
(1280, 8, '直播卖菜，健康久久', 1, 1479564637, '/uploads/2016/11/10/58241a0638625.jpg'),
(1281, 8, '直播卖菜，健康久久', 1, 1479564641, '/uploads/2016/11/10/58241a0638625.jpg'),
(1282, 8, '直播卖菜，健康久久', 1, 1479564645, '/uploads/2016/11/10/58241a0638625.jpg'),
(1283, 8, '直播卖菜，健康久久', 1, 1479564647, '/uploads/2016/11/10/58241a0638625.jpg'),
(1284, 8, '直播卖菜，健康久久', 1, 1479564694, '/uploads/2016/11/10/58241a0638625.jpg'),
(1285, 14, '津狮车友会', 1, 1479564701, '/uploads/2016/11/19/582fb22e4565b.png'),
(1286, 14, '津狮车友会', 1, 1479564702, '/uploads/2016/11/19/582fb22e4565b.png'),
(1287, 15, NULL, 1, 1479565554, NULL),
(1288, 15, NULL, 1, 1479565557, NULL),
(1289, 13, '“菜有话说”直播健康   99每一周', 1, 1479631172, '/uploads/2016/11/15/582b2946f0535.jpg'),
(1290, 13, '“菜有话说”直播健康   99每一周', 1, 1479631177, '/uploads/2016/11/15/582b2946f0535.jpg'),
(1291, 13, '“菜有话说”直播健康   99每一周', 1, 1479631186, '/uploads/2016/11/15/582b2946f0535.jpg'),
(1292, 13, '“菜有话说”直播健康   99每一周', 1, 1479631187, '/uploads/2016/11/15/582b2946f0535.jpg'),
(1293, 13, '“菜有话说”直播健康   99每一周', 1, 1479631197, '/uploads/2016/11/15/582b2946f0535.jpg'),
(1294, 13, '“菜有话说”直播健康   99每一周', 1, 1479631198, '/uploads/2016/11/15/582b2946f0535.jpg'),
(1295, 13, '“菜有话说”直播健康   99每一周', 1, 1479631214, '/uploads/2016/11/15/582b2946f0535.jpg'),
(1296, 13, '“菜有话说”直播健康   99每一周', 1, 1479631216, '/uploads/2016/11/15/582b2946f0535.jpg'),
(1297, 14, '津狮车友会', 7, 1479698033, '/uploads/2016/11/19/582fb22e4565b.png'),
(1298, 14, '津狮车友会', 7, 1479698033, '/uploads/2016/11/19/582fb22e4565b.png'),
(1299, 14, '津狮车友会', 7, 1479698173, '/uploads/2016/11/19/582fb22e4565b.png'),
(1300, 14, '津狮车友会', 7, 1479698173, '/uploads/2016/11/19/582fb22e4565b.png'),
(1301, 14, '津狮车友会', 7, 1479698183, '/uploads/2016/11/19/582fb22e4565b.png'),
(1302, 14, '津狮车友会', 7, 1479698184, '/uploads/2016/11/19/582fb22e4565b.png'),
(1303, 13, '“菜有话说”直播健康   99每一周', 7, 1479698195, '/uploads/2016/11/15/582b2946f0535.jpg'),
(1304, 13, '“菜有话说”直播健康   99每一周', 7, 1479698196, '/uploads/2016/11/15/582b2946f0535.jpg'),
(1305, 13, '“菜有话说”直播健康   99每一周', 7, 1479698281, '/uploads/2016/11/15/582b2946f0535.jpg'),
(1306, 13, '“菜有话说”直播健康   99每一周', 7, 1479698282, '/uploads/2016/11/15/582b2946f0535.jpg'),
(1307, 13, '“菜有话说”直播健康   99每一周', 7, 1479698290, '/uploads/2016/11/15/582b2946f0535.jpg'),
(1308, 13, '“菜有话说”直播健康   99每一周', 7, 1479698290, '/uploads/2016/11/15/582b2946f0535.jpg'),
(1309, 14, '津狮车友会', 16, 1479706404, '/uploads/2016/11/19/582fb22e4565b.png'),
(1310, 14, '津狮车友会', 16, 1479706405, '/uploads/2016/11/19/582fb22e4565b.png'),
(1311, 14, '津狮车友会', 16, 1479706435, '/uploads/2016/11/19/582fb22e4565b.png'),
(1312, 14, '津狮车友会', 16, 1479706436, '/uploads/2016/11/19/582fb22e4565b.png'),
(1313, 14, '津狮车友会', 16, 1479706480, '/uploads/2016/11/19/582fb22e4565b.png'),
(1314, 14, '津狮车友会', 16, 1479706481, '/uploads/2016/11/19/582fb22e4565b.png'),
(1315, 14, '津狮车友会', 16, 1479707035, '/uploads/2016/11/19/582fb22e4565b.png'),
(1316, 14, '津狮车友会', 16, 1479707036, '/uploads/2016/11/19/582fb22e4565b.png'),
(1317, 14, '津狮车友会', 2, 1479730401, '/uploads/2016/11/19/582fb22e4565b.png'),
(1318, 14, '津狮车友会', 2, 1479730401, '/uploads/2016/11/19/582fb22e4565b.png'),
(1319, 14, '津狮车友会', 2, 1479730405, '/uploads/2016/11/19/582fb22e4565b.png'),
(1320, 14, '津狮车友会', 2, 1479730406, '/uploads/2016/11/19/582fb22e4565b.png'),
(1321, 16, '格雷伯爵对话正山小种', 17, 1479873363, '/uploads/2016/11/21/5832fc45d3f16.jpg'),
(1322, 16, '格雷伯爵对话正山小种', 17, 1479873366, '/uploads/2016/11/21/5832fc45d3f16.jpg'),
(1323, 16, '格雷伯爵对话正山小种', 2, 1479879179, '/uploads/2016/11/21/5832fc45d3f16.jpg'),
(1324, 16, '格雷伯爵对话正山小种', 2, 1479879179, '/uploads/2016/11/21/5832fc45d3f16.jpg'),
(1325, 16, '格雷伯爵对话正山小种', 6, 1479879672, '/uploads/2016/11/21/5832fc45d3f16.jpg'),
(1326, 16, '格雷伯爵对话正山小种', 6, 1479879675, '/uploads/2016/11/21/5832fc45d3f16.jpg'),
(1327, 14, '津狮车友会', 6, 1479883644, '/uploads/2016/11/19/582fb22e4565b.png'),
(1328, 14, '津狮车友会', 6, 1479883644, '/uploads/2016/11/19/582fb22e4565b.png'),
(1329, 16, '格雷伯爵对话正山小种', 18, 1479884096, '/uploads/2016/11/21/5832fc45d3f16.jpg'),
(1330, 16, '格雷伯爵对话正山小种', 18, 1479884110, '/uploads/2016/11/21/5832fc45d3f16.jpg'),
(1331, 16, '格雷伯爵对话正山小种', 18, 1479884207, '/uploads/2016/11/21/5832fc45d3f16.jpg');
INSERT INTO `hl_guankan` (`gk_id`, `sp_id`, `sp_title`, `userid`, `gk_time`, `sp_img`) VALUES
(1332, 16, '格雷伯爵对话正山小种', 18, 1479884208, '/uploads/2016/11/21/5832fc45d3f16.jpg'),
(1333, 16, '格雷伯爵对话正山小种', 2, 1479884417, '/uploads/2016/11/21/5832fc45d3f16.jpg'),
(1334, 16, '格雷伯爵对话正山小种', 2, 1479884418, '/uploads/2016/11/21/5832fc45d3f16.jpg'),
(1335, 16, '格雷伯爵对话正山小种', 2, 1479884461, '/uploads/2016/11/21/5832fc45d3f16.jpg'),
(1336, 16, '格雷伯爵对话正山小种', 2, 1479884462, '/uploads/2016/11/21/5832fc45d3f16.jpg'),
(1337, 16, '格雷伯爵对话正山小种', 18, 1479884479, '/uploads/2016/11/21/5832fc45d3f16.jpg'),
(1338, 16, '格雷伯爵对话正山小种', 18, 1479884479, '/uploads/2016/11/21/5832fc45d3f16.jpg'),
(1339, 16, '格雷伯爵对话正山小种', 18, 1479884824, '/uploads/2016/11/21/5832fc45d3f16.jpg'),
(1340, 16, '格雷伯爵对话正山小种', 18, 1479884825, '/uploads/2016/11/21/5832fc45d3f16.jpg'),
(1341, 16, '格雷伯爵对话正山小种', 2, 1479884853, '/uploads/2016/11/21/5832fc45d3f16.jpg'),
(1342, 16, '格雷伯爵对话正山小种', 2, 1479884855, '/uploads/2016/11/21/5832fc45d3f16.jpg'),
(1343, 16, '格雷伯爵对话正山小种', 2, 1479884858, '/uploads/2016/11/21/5832fc45d3f16.jpg'),
(1344, 16, '格雷伯爵对话正山小种', 2, 1479884859, '/uploads/2016/11/21/5832fc45d3f16.jpg'),
(1345, 16, '格雷伯爵对话正山小种', 2, 1479884984, '/uploads/2016/11/21/5832fc45d3f16.jpg'),
(1346, 16, '格雷伯爵对话正山小种', 2, 1479884986, '/uploads/2016/11/21/5832fc45d3f16.jpg'),
(1347, 16, '格雷伯爵对话正山小种', 18, 1479885258, '/uploads/2016/11/21/5832fc45d3f16.jpg'),
(1348, 16, '格雷伯爵对话正山小种', 18, 1479885259, '/uploads/2016/11/21/5832fc45d3f16.jpg'),
(1349, 16, '格雷伯爵对话正山小种', 2, 1479885477, '/uploads/2016/11/21/5832fc45d3f16.jpg'),
(1350, 16, '格雷伯爵对话正山小种', 2, 1479885478, '/uploads/2016/11/21/5832fc45d3f16.jpg'),
(1351, 16, '格雷伯爵对话正山小种', 2, 1479885481, '/uploads/2016/11/21/5832fc45d3f16.jpg'),
(1352, 16, '格雷伯爵对话正山小种', 2, 1479885482, '/uploads/2016/11/21/5832fc45d3f16.jpg'),
(1353, 16, '格雷伯爵对话正山小种', 18, 1479885700, '/uploads/2016/11/21/5832fc45d3f16.jpg'),
(1354, 16, '格雷伯爵对话正山小种', 18, 1479885701, '/uploads/2016/11/21/5832fc45d3f16.jpg'),
(1355, 16, '格雷伯爵对话正山小种', 18, 1479885730, '/uploads/2016/11/21/5832fc45d3f16.jpg'),
(1356, 16, '格雷伯爵对话正山小种', 18, 1479885730, '/uploads/2016/11/21/5832fc45d3f16.jpg'),
(1357, 16, '格雷伯爵对话正山小种', 2, 1479886349, '/uploads/2016/11/21/5832fc45d3f16.jpg'),
(1358, 16, '格雷伯爵对话正山小种', 2, 1479886350, '/uploads/2016/11/21/5832fc45d3f16.jpg'),
(1359, 16, '格雷伯爵对话正山小种', 2, 1479886351, '/uploads/2016/11/21/5832fc45d3f16.jpg'),
(1360, 16, '格雷伯爵对话正山小种', 2, 1479886353, '/uploads/2016/11/21/5832fc45d3f16.jpg'),
(1361, 16, '格雷伯爵对话正山小种', 2, 1479886749, '/uploads/2016/11/21/5832fc45d3f16.jpg'),
(1362, 16, '格雷伯爵对话正山小种', 2, 1479886750, '/uploads/2016/11/21/5832fc45d3f16.jpg'),
(1363, 16, '格雷伯爵对话正山小种', 2, 1479887081, '/uploads/2016/11/21/5832fc45d3f16.jpg'),
(1364, 16, '格雷伯爵对话正山小种', 2, 1479887083, '/uploads/2016/11/21/5832fc45d3f16.jpg'),
(1365, 16, '格雷伯爵对话正山小种', 18, 1479889176, '/uploads/2016/11/21/5832fc45d3f16.jpg'),
(1366, 16, '格雷伯爵对话正山小种', 18, 1479889176, '/uploads/2016/11/21/5832fc45d3f16.jpg'),
(1367, 16, '格雷伯爵对话正山小种', 18, 1479889189, '/uploads/2016/11/21/5832fc45d3f16.jpg'),
(1368, 16, '格雷伯爵对话正山小种', 18, 1479889190, '/uploads/2016/11/21/5832fc45d3f16.jpg'),
(1369, 16, '格雷伯爵对话正山小种', 18, 1479889228, '/uploads/2016/11/21/5832fc45d3f16.jpg'),
(1370, 16, '格雷伯爵对话正山小种', 18, 1479889228, '/uploads/2016/11/21/5832fc45d3f16.jpg'),
(1371, 16, '格雷伯爵对话正山小种', 2, 1479889283, '/uploads/2016/11/21/5832fc45d3f16.jpg'),
(1372, 16, '格雷伯爵对话正山小种', 2, 1479889284, '/uploads/2016/11/21/5832fc45d3f16.jpg'),
(1373, 16, '格雷伯爵对话正山小种', 18, 1479893881, '/uploads/2016/11/21/5832fc45d3f16.jpg'),
(1374, 16, '格雷伯爵对话正山小种', 18, 1479893882, '/uploads/2016/11/21/5832fc45d3f16.jpg'),
(1375, 16, '格雷伯爵对话正山小种', 18, 1479896881, '/uploads/2016/11/21/5832fc45d3f16.jpg'),
(1376, 16, '格雷伯爵对话正山小种', 18, 1479896881, '/uploads/2016/11/21/5832fc45d3f16.jpg'),
(1377, 16, '格雷伯爵对话正山小种', 18, 1479897048, '/uploads/2016/11/21/5832fc45d3f16.jpg'),
(1378, 16, '格雷伯爵对话正山小种', 18, 1479897049, '/uploads/2016/11/21/5832fc45d3f16.jpg'),
(1379, 16, '格雷伯爵对话正山小种', 2, 1479967472, '/uploads/2016/11/21/5832fc45d3f16.jpg'),
(1380, 16, '格雷伯爵对话正山小种', 2, 1479967472, '/uploads/2016/11/21/5832fc45d3f16.jpg'),
(1381, 13, '“菜有话说”直播健康   99每一周.002期', 20, 1479969596, '/uploads/2016/11/24/5836844c6e5d3.jpeg'),
(1382, 13, '“菜有话说”直播健康   99每一周.002期', 20, 1479969597, '/uploads/2016/11/24/5836844c6e5d3.jpeg'),
(1383, 13, '“菜有话说”直播健康   99每一周.002期', 10, 1479972705, '/uploads/2016/11/24/5836844c6e5d3.jpeg'),
(1384, 13, '“菜有话说”直播健康   99每一周.002期', 10, 1479972706, '/uploads/2016/11/24/5836844c6e5d3.jpeg'),
(1385, 13, '“菜有话说”直播健康   99每一周.002期', 2, 1479981574, '/uploads/2016/11/24/5836844c6e5d3.jpeg'),
(1386, 13, '“菜有话说”直播健康   99每一周.002期', 2, 1479981574, '/uploads/2016/11/24/5836844c6e5d3.jpeg'),
(1387, 14, '津狮车友会', 2, 1479981599, '/uploads/2016/11/19/582fb22e4565b.png'),
(1388, 14, '津狮车友会', 2, 1479981599, '/uploads/2016/11/19/582fb22e4565b.png'),
(1389, 16, '格雷伯爵对话正山小种', 2, 1479981612, '/uploads/2016/11/21/5832fc45d3f16.jpg'),
(1390, 16, '格雷伯爵对话正山小种', 2, 1479981613, '/uploads/2016/11/21/5832fc45d3f16.jpg'),
(1391, 7, '直播卖蔬菜，健康99每一周', 2, 1479981627, '/uploads/2016/11/10/58241361dd8c0.jpg'),
(1392, 7, '直播卖蔬菜，健康99每一周', 2, 1479981628, '/uploads/2016/11/10/58241361dd8c0.jpg'),
(1393, 13, '“菜有话说”直播健康   99每一周.002期', 2, 1479981636, '/uploads/2016/11/24/5836844c6e5d3.jpeg'),
(1394, 13, '“菜有话说”直播健康   99每一周.002期', 2, 1479981637, '/uploads/2016/11/24/5836844c6e5d3.jpeg'),
(1395, 13, '“菜有话说”直播健康   99每一周.002期', 2, 1479981706, '/uploads/2016/11/24/5836844c6e5d3.jpeg'),
(1396, 13, '“菜有话说”直播健康   99每一周.002期', 2, 1479981706, '/uploads/2016/11/24/5836844c6e5d3.jpeg'),
(1397, 13, '“菜有话说”直播健康   99每一周.002期', 7, 1479982117, '/uploads/2016/11/24/5836844c6e5d3.jpeg'),
(1398, 13, '“菜有话说”直播健康   99每一周.002期', 7, 1479982118, '/uploads/2016/11/24/5836844c6e5d3.jpeg'),
(1399, 13, '“菜有话说”直播健康   99每一周.002期', 2, 1479982370, '/uploads/2016/11/24/5836844c6e5d3.jpeg'),
(1400, 13, '“菜有话说”直播健康   99每一周.002期', 2, 1479982370, '/uploads/2016/11/24/5836844c6e5d3.jpeg'),
(1401, 13, '“菜有话说”直播健康   99每一周.002期', 2, 1479982639, '/uploads/2016/11/24/5836844c6e5d3.jpeg'),
(1402, 13, '“菜有话说”直播健康   99每一周.002期', 2, 1479982639, '/uploads/2016/11/24/5836844c6e5d3.jpeg'),
(1403, 13, '“菜有话说”直播健康   99每一周.002期', 2, 1479982793, '/uploads/2016/11/24/5836844c6e5d3.jpeg'),
(1404, 13, '“菜有话说”直播健康   99每一周.002期', 2, 1479982795, '/uploads/2016/11/24/5836844c6e5d3.jpeg'),
(1405, 13, '“菜有话说”直播健康   99每一周.002期', 2, 1479983008, '/uploads/2016/11/24/5836844c6e5d3.jpeg'),
(1406, 13, '“菜有话说”直播健康   99每一周.002期', 2, 1479983008, '/uploads/2016/11/24/5836844c6e5d3.jpeg'),
(1407, 13, '“菜有话说”直播健康   99每一周.002期', 2, 1479983013, '/uploads/2016/11/24/5836844c6e5d3.jpeg'),
(1408, 13, '“菜有话说”直播健康   99每一周.002期', 2, 1479983013, '/uploads/2016/11/24/5836844c6e5d3.jpeg'),
(1409, 13, '“菜有话说”直播健康   99每一周.002期', 2, 1479983019, '/uploads/2016/11/24/5836844c6e5d3.jpeg'),
(1410, 13, '“菜有话说”直播健康   99每一周.002期', 2, 1479983019, '/uploads/2016/11/24/5836844c6e5d3.jpeg'),
(1411, 13, '“菜有话说”直播健康   99每一周.002期', 2, 1479983027, '/uploads/2016/11/24/5836844c6e5d3.jpeg'),
(1412, 13, '“菜有话说”直播健康   99每一周.002期', 2, 1479983027, '/uploads/2016/11/24/5836844c6e5d3.jpeg'),
(1413, 13, '“菜有话说”直播健康   99每一周.002期', 2, 1479983034, '/uploads/2016/11/24/5836844c6e5d3.jpeg'),
(1414, 13, '“菜有话说”直播健康   99每一周.002期', 2, 1479983035, '/uploads/2016/11/24/5836844c6e5d3.jpeg'),
(1415, 13, '“菜有话说”直播健康   99每一周.002期', 2, 1479983043, '/uploads/2016/11/24/5836844c6e5d3.jpeg'),
(1416, 13, '“菜有话说”直播健康   99每一周.002期', 2, 1479983044, '/uploads/2016/11/24/5836844c6e5d3.jpeg'),
(1417, 13, '“菜有话说”直播健康   99每一周.002期', 2, 1479983053, '/uploads/2016/11/24/5836844c6e5d3.jpeg'),
(1418, 13, '“菜有话说”直播健康   99每一周.002期', 2, 1479983054, '/uploads/2016/11/24/5836844c6e5d3.jpeg'),
(1419, 13, '“菜有话说”直播健康   99每一周.002期', 2, 1479983067, '/uploads/2016/11/24/5836844c6e5d3.jpeg'),
(1420, 13, '“菜有话说”直播健康   99每一周.002期', 2, 1479983067, '/uploads/2016/11/24/5836844c6e5d3.jpeg'),
(1421, 13, '“菜有话说”直播健康   99每一周.002期', 2, 1479983086, '/uploads/2016/11/24/5836844c6e5d3.jpeg'),
(1422, 13, '“菜有话说”直播健康   99每一周.002期', 2, 1479983087, '/uploads/2016/11/24/5836844c6e5d3.jpeg'),
(1423, 13, '“菜有话说”直播健康   99每一周.002期', 2, 1479983128, '/uploads/2016/11/24/5836844c6e5d3.jpeg'),
(1424, 13, '“菜有话说”直播健康   99每一周.002期', 2, 1479983129, '/uploads/2016/11/24/5836844c6e5d3.jpeg'),
(1425, 13, '“菜有话说”直播健康   99每一周.002期', 2, 1479983258, '/uploads/2016/11/24/5836844c6e5d3.jpeg'),
(1426, 13, '“菜有话说”直播健康   99每一周.002期', 2, 1479983259, '/uploads/2016/11/24/5836844c6e5d3.jpeg'),
(1427, 13, '“菜有话说”直播健康   99每一周.002期', 2, 1479983865, '/uploads/2016/11/24/5836844c6e5d3.jpeg'),
(1428, 13, '“菜有话说”直播健康   99每一周.002期', 2, 1479983867, '/uploads/2016/11/24/5836844c6e5d3.jpeg'),
(1429, 13, '“菜有话说”直播健康   99每一周.002期', 2, 1479983937, '/uploads/2016/11/24/5836844c6e5d3.jpeg'),
(1430, 13, '“菜有话说”直播健康   99每一周.002期', 2, 1479983938, '/uploads/2016/11/24/5836844c6e5d3.jpeg'),
(1431, 13, '“菜有话说”直播健康   99每一周.002期', 2, 1479984122, '/uploads/2016/11/24/5836844c6e5d3.jpeg'),
(1432, 13, '“菜有话说”直播健康   99每一周.002期', 2, 1479984122, '/uploads/2016/11/24/5836844c6e5d3.jpeg'),
(1433, 13, '“菜有话说”直播健康   99每一周.002期', 2, 1479984128, '/uploads/2016/11/24/5836844c6e5d3.jpeg'),
(1434, 13, '“菜有话说”直播健康   99每一周.002期', 2, 1479984129, '/uploads/2016/11/24/5836844c6e5d3.jpeg'),
(1435, 13, '“菜有话说”直播健康   99每一周.002期', 2, 1479984408, '/uploads/2016/11/24/5836844c6e5d3.jpeg'),
(1436, 13, '“菜有话说”直播健康   99每一周.002期', 2, 1479984408, '/uploads/2016/11/24/5836844c6e5d3.jpeg'),
(1437, 14, '津狮车友会', 7, 1479984894, '/uploads/2016/11/19/582fb22e4565b.png'),
(1438, 14, '津狮车友会', 7, 1479984895, '/uploads/2016/11/19/582fb22e4565b.png'),
(1439, 17, '御螳螂训练直播', 2, 1480125909, '/uploads/2016/11/26/5838ecf10b25f.jpg'),
(1440, 17, '御螳螂训练直播', 2, 1480125910, '/uploads/2016/11/26/5838ecf10b25f.jpg'),
(1441, 17, '御螳螂训练直播', 2, 1480125924, '/uploads/2016/11/26/5838ecf10b25f.jpg'),
(1442, 17, '御螳螂训练直播', 2, 1480125925, '/uploads/2016/11/26/5838ecf10b25f.jpg'),
(1443, 17, '御螳螂训练直播', 2, 1480125936, '/uploads/2016/11/26/5838ecf10b25f.jpg'),
(1444, 17, '御螳螂训练直播', 2, 1480125936, '/uploads/2016/11/26/5838ecf10b25f.jpg'),
(1445, 16, '格雷伯爵对话正山小种', 2, 1480126661, '/uploads/2016/11/21/5832fc45d3f16.jpg'),
(1446, 16, '格雷伯爵对话正山小种', 2, 1480126663, '/uploads/2016/11/21/5832fc45d3f16.jpg'),
(1447, 13, '“菜有话说”直播健康   99每一周.002期', 2, 1480126676, '/uploads/2016/11/24/5836844c6e5d3.jpeg'),
(1448, 13, '“菜有话说”直播健康   99每一周.002期', 2, 1480126676, '/uploads/2016/11/24/5836844c6e5d3.jpeg'),
(1449, 14, '津狮车友会', 2, 1480126683, '/uploads/2016/11/19/582fb22e4565b.png'),
(1450, 14, '津狮车友会', 2, 1480126684, '/uploads/2016/11/19/582fb22e4565b.png'),
(1451, 16, '格雷伯爵对话正山小种', 2, 1480126750, '/uploads/2016/11/21/5832fc45d3f16.jpg'),
(1452, 16, '格雷伯爵对话正山小种', 2, 1480126751, '/uploads/2016/11/21/5832fc45d3f16.jpg'),
(1453, 14, '津狮车友会', 2, 1480126761, '/uploads/2016/11/19/582fb22e4565b.png'),
(1454, 14, '津狮车友会', 2, 1480126762, '/uploads/2016/11/19/582fb22e4565b.png'),
(1455, 7, '直播卖蔬菜，健康99每一周', 2, 1480126770, '/uploads/2016/11/10/58241361dd8c0.jpg'),
(1456, 7, '直播卖蔬菜，健康99每一周', 2, 1480126771, '/uploads/2016/11/10/58241361dd8c0.jpg'),
(1457, 16, '格雷伯爵对话正山小种', 2, 1480126803, '/uploads/2016/11/21/5832fc45d3f16.jpg'),
(1458, 16, '格雷伯爵对话正山小种', 2, 1480126804, '/uploads/2016/11/21/5832fc45d3f16.jpg'),
(1459, 14, '津狮车友会', 2, 1480126828, '/uploads/2016/11/19/582fb22e4565b.png'),
(1460, 14, '津狮车友会', 2, 1480126829, '/uploads/2016/11/19/582fb22e4565b.png'),
(1461, 14, '津狮车友会', 2, 1480126874, '/uploads/2016/11/19/582fb22e4565b.png'),
(1462, 14, '津狮车友会', 2, 1480126875, '/uploads/2016/11/19/582fb22e4565b.png'),
(1463, 13, '“菜有话说”直播健康   99每一周.002期', 2, 1480127056, '/uploads/2016/11/24/5836844c6e5d3.jpeg'),
(1464, 13, '“菜有话说”直播健康   99每一周.002期', 2, 1480127057, '/uploads/2016/11/24/5836844c6e5d3.jpeg'),
(1465, 13, '“菜有话说”直播健康   99每一周.002期', 2, 1480127113, '/uploads/2016/11/24/5836844c6e5d3.jpeg'),
(1466, 13, '“菜有话说”直播健康   99每一周.002期', 2, 1480127114, '/uploads/2016/11/24/5836844c6e5d3.jpeg'),
(1467, 13, '“菜有话说”直播健康   99每一周.002期', 2, 1480127260, '/uploads/2016/11/24/5836844c6e5d3.jpeg'),
(1468, 13, '“菜有话说”直播健康   99每一周.002期', 2, 1480127261, '/uploads/2016/11/24/5836844c6e5d3.jpeg'),
(1469, 13, '“菜有话说”直播健康   99每一周.002期', 2, 1480127672, '/uploads/2016/11/24/5836844c6e5d3.jpeg'),
(1470, 13, '“菜有话说”直播健康   99每一周.002期', 2, 1480127673, '/uploads/2016/11/24/5836844c6e5d3.jpeg'),
(1471, 13, '“菜有话说”直播健康   99每一周.002期', 2, 1480127674, '/uploads/2016/11/24/5836844c6e5d3.jpeg'),
(1472, 13, '“菜有话说”直播健康   99每一周.002期', 2, 1480127675, '/uploads/2016/11/24/5836844c6e5d3.jpeg'),
(1473, 14, '津狮车友会', 2, 1480127712, '/uploads/2016/11/19/582fb22e4565b.png'),
(1474, 14, '津狮车友会', 2, 1480127713, '/uploads/2016/11/19/582fb22e4565b.png'),
(1475, 13, '“菜有话说”直播健康   99每一周.002期', 2, 1480127925, '/uploads/2016/11/24/5836844c6e5d3.jpeg'),
(1476, 13, '“菜有话说”直播健康   99每一周.002期', 2, 1480127926, '/uploads/2016/11/24/5836844c6e5d3.jpeg'),
(1477, 17, '御螳螂训练直播', 2, 1480129559, '/uploads/2016/11/26/5838ecf10b25f.jpg'),
(1478, 17, '御螳螂训练直播', 2, 1480129560, '/uploads/2016/11/26/5838ecf10b25f.jpg'),
(1479, 16, '格雷伯爵对话正山小种', 2, 1480129566, '/uploads/2016/11/21/5832fc45d3f16.jpg'),
(1480, 16, '格雷伯爵对话正山小种', 2, 1480129567, '/uploads/2016/11/21/5832fc45d3f16.jpg'),
(1481, 17, '御螳螂训练直播', 2, 1480129788, '/uploads/2016/11/26/5838ecf10b25f.jpg'),
(1482, 17, '御螳螂训练直播', 2, 1480129789, '/uploads/2016/11/26/5838ecf10b25f.jpg'),
(1483, 13, '“菜有话说”直播健康   99每一周.002期', 2, 1480129798, '/uploads/2016/11/24/5836844c6e5d3.jpeg'),
(1484, 13, '“菜有话说”直播健康   99每一周.002期', 2, 1480129799, '/uploads/2016/11/24/5836844c6e5d3.jpeg'),
(1485, 14, '津狮车友会', 2, 1480129806, '/uploads/2016/11/19/582fb22e4565b.png'),
(1486, 14, '津狮车友会', 2, 1480129807, '/uploads/2016/11/19/582fb22e4565b.png'),
(1487, 13, '“菜有话说”直播健康   99每一周.002期', 2, 1480129866, '/uploads/2016/11/24/5836844c6e5d3.jpeg'),
(1488, 13, '“菜有话说”直播健康   99每一周.002期', 2, 1480129867, '/uploads/2016/11/24/5836844c6e5d3.jpeg'),
(1489, 14, '津狮车友会', 2, 1480130155, '/uploads/2016/11/19/582fb22e4565b.png'),
(1490, 14, '津狮车友会', 2, 1480130156, '/uploads/2016/11/19/582fb22e4565b.png'),
(1491, 17, '御螳螂训练直播', 2, 1480130279, '/uploads/2016/11/26/5838ecf10b25f.jpg'),
(1492, 17, '御螳螂训练直播', 2, 1480130279, '/uploads/2016/11/26/5838ecf10b25f.jpg'),
(1493, 13, '“菜有话说”直播健康   99每一周.002期', 2, 1480130355, '/uploads/2016/11/24/5836844c6e5d3.jpeg'),
(1494, 13, '“菜有话说”直播健康   99每一周.002期', 2, 1480130356, '/uploads/2016/11/24/5836844c6e5d3.jpeg'),
(1495, 13, '“菜有话说”直播健康   99每一周.002期', 2, 1480130444, '/uploads/2016/11/24/5836844c6e5d3.jpeg'),
(1496, 13, '“菜有话说”直播健康   99每一周.002期', 2, 1480130445, '/uploads/2016/11/24/5836844c6e5d3.jpeg'),
(1497, 13, '“菜有话说”直播健康   99每一周.002期', 2, 1480130449, '/uploads/2016/11/24/5836844c6e5d3.jpeg'),
(1498, 13, '“菜有话说”直播健康   99每一周.002期', 2, 1480130449, '/uploads/2016/11/24/5836844c6e5d3.jpeg'),
(1499, 13, '“菜有话说”直播健康   99每一周.002期', 2, 1480130747, '/uploads/2016/11/24/5836844c6e5d3.jpeg'),
(1500, 13, '“菜有话说”直播健康   99每一周.002期', 2, 1480130747, '/uploads/2016/11/24/5836844c6e5d3.jpeg'),
(1501, 13, '“菜有话说”直播健康   99每一周.002期', 2, 1480130771, '/uploads/2016/11/24/5836844c6e5d3.jpeg'),
(1502, 13, '“菜有话说”直播健康   99每一周.002期', 2, 1480130771, '/uploads/2016/11/24/5836844c6e5d3.jpeg'),
(1503, 13, '“菜有话说”直播健康   99每一周.002期', 2, 1480130828, '/uploads/2016/11/24/5836844c6e5d3.jpeg'),
(1504, 13, '“菜有话说”直播健康   99每一周.002期', 2, 1480130829, '/uploads/2016/11/24/5836844c6e5d3.jpeg'),
(1505, 13, '“菜有话说”直播健康   99每一周.002期', 2, 1480131258, '/uploads/2016/11/24/5836844c6e5d3.jpeg'),
(1506, 13, '“菜有话说”直播健康   99每一周.002期', 2, 1480131259, '/uploads/2016/11/24/5836844c6e5d3.jpeg'),
(1507, 13, '“菜有话说”直播健康   99每一周.002期', 2, 1480131335, '/uploads/2016/11/24/5836844c6e5d3.jpeg'),
(1508, 13, '“菜有话说”直播健康   99每一周.002期', 2, 1480131336, '/uploads/2016/11/24/5836844c6e5d3.jpeg'),
(1509, 14, '津狮车友会', 2, 1480131339, '/uploads/2016/11/19/582fb22e4565b.png'),
(1510, 14, '津狮车友会', 2, 1480131340, '/uploads/2016/11/19/582fb22e4565b.png'),
(1511, 14, '津狮车友会', 2, 1480132269, '/uploads/2016/11/19/582fb22e4565b.png'),
(1512, 14, '津狮车友会', 2, 1480132270, '/uploads/2016/11/19/582fb22e4565b.png'),
(1513, 14, '津狮车友会', 2, 1480132301, '/uploads/2016/11/19/582fb22e4565b.png'),
(1514, 14, '津狮车友会', 2, 1480132302, '/uploads/2016/11/19/582fb22e4565b.png'),
(1515, 14, '津狮车友会', 2, 1480132852, '/uploads/2016/11/19/582fb22e4565b.png'),
(1516, 14, '津狮车友会', 2, 1480132853, '/uploads/2016/11/19/582fb22e4565b.png'),
(1517, 14, '津狮车友会', 2, 1480132854, '/uploads/2016/11/19/582fb22e4565b.png'),
(1518, 14, '津狮车友会', 2, 1480132854, '/uploads/2016/11/19/582fb22e4565b.png'),
(1519, 14, '津狮车友会', 2, 1480132855, '/uploads/2016/11/19/582fb22e4565b.png'),
(1520, 14, '津狮车友会', 2, 1480132855, '/uploads/2016/11/19/582fb22e4565b.png'),
(1521, 14, '津狮车友会', 2, 1480132858, '/uploads/2016/11/19/582fb22e4565b.png'),
(1522, 14, '津狮车友会', 2, 1480132859, '/uploads/2016/11/19/582fb22e4565b.png'),
(1523, 17, '御螳螂训练直播', 2, 1480132863, '/uploads/2016/11/26/5838ecf10b25f.jpg'),
(1524, 17, '御螳螂训练直播', 2, 1480132864, '/uploads/2016/11/26/5838ecf10b25f.jpg'),
(1525, 17, '御螳螂训练直播', 2, 1480132865, '/uploads/2016/11/26/5838ecf10b25f.jpg'),
(1526, 17, '御螳螂训练直播', 2, 1480132865, '/uploads/2016/11/26/5838ecf10b25f.jpg'),
(1527, 17, '御螳螂训练直播', 2, 1480132923, '/uploads/2016/11/26/5838ecf10b25f.jpg'),
(1528, 17, '御螳螂训练直播', 2, 1480132923, '/uploads/2016/11/26/5838ecf10b25f.jpg'),
(1529, 17, '御螳螂训练直播', 2, 1480132924, '/uploads/2016/11/26/5838ecf10b25f.jpg'),
(1530, 17, '御螳螂训练直播', 2, 1480132925, '/uploads/2016/11/26/5838ecf10b25f.jpg'),
(1531, 17, '御螳螂训练直播', 2, 1480132944, '/uploads/2016/11/26/5838ecf10b25f.jpg'),
(1532, 17, '御螳螂训练直播', 2, 1480132945, '/uploads/2016/11/26/5838ecf10b25f.jpg'),
(1533, 17, '御螳螂训练直播', 2, 1480132965, '/uploads/2016/11/26/5838ecf10b25f.jpg'),
(1534, 17, '御螳螂训练直播', 2, 1480132966, '/uploads/2016/11/26/5838ecf10b25f.jpg'),
(1535, 17, '御螳螂训练直播', 2, 1480133069, '/uploads/2016/11/26/5838ecf10b25f.jpg'),
(1536, 17, '御螳螂训练直播', 2, 1480133070, '/uploads/2016/11/26/5838ecf10b25f.jpg'),
(1537, 17, '御螳螂训练直播', 2, 1480137012, '/uploads/2016/11/26/5838ecf10b25f.jpg'),
(1538, 17, '御螳螂训练直播', 2, 1480137013, '/uploads/2016/11/26/5838ecf10b25f.jpg'),
(1539, 13, '“菜有话说”直播健康   99每一周.002期', 2, 1480137076, '/uploads/2016/11/24/5836844c6e5d3.jpeg'),
(1540, 13, '“菜有话说”直播健康   99每一周.002期', 2, 1480137077, '/uploads/2016/11/24/5836844c6e5d3.jpeg'),
(1541, 13, '“菜有话说”直播健康   99每一周.002期', 2, 1480137697, '/uploads/2016/11/24/5836844c6e5d3.jpeg'),
(1542, 13, '“菜有话说”直播健康   99每一周.002期', 2, 1480137698, '/uploads/2016/11/24/5836844c6e5d3.jpeg'),
(1543, 13, '“菜有话说”直播健康   99每一周.002期', 2, 1480137720, '/uploads/2016/11/24/5836844c6e5d3.jpeg'),
(1544, 13, '“菜有话说”直播健康   99每一周.002期', 2, 1480137721, '/uploads/2016/11/24/5836844c6e5d3.jpeg'),
(1545, 13, '“菜有话说”直播健康   99每一周.002期', 2, 1480137732, '/uploads/2016/11/24/5836844c6e5d3.jpeg'),
(1546, 13, '“菜有话说”直播健康   99每一周.002期', 2, 1480137732, '/uploads/2016/11/24/5836844c6e5d3.jpeg'),
(1547, 13, '“菜有话说”直播健康   99每一周.002期', 2, 1480137735, '/uploads/2016/11/24/5836844c6e5d3.jpeg'),
(1548, 13, '“菜有话说”直播健康   99每一周.002期', 2, 1480137735, '/uploads/2016/11/24/5836844c6e5d3.jpeg'),
(1549, 17, '御螳螂训练直播', 22, 1480140645, '/uploads/2016/11/26/5838ecf10b25f.jpg'),
(1550, 17, '御螳螂训练直播', 22, 1480140648, '/uploads/2016/11/26/5838ecf10b25f.jpg'),
(1551, 17, '御螳螂训练直播', 22, 1480140710, '/uploads/2016/11/26/5838ecf10b25f.jpg'),
(1552, 17, '御螳螂训练直播', 22, 1480140711, '/uploads/2016/11/26/5838ecf10b25f.jpg'),
(1553, 13, '“菜有话说”直播健康   99每一周.002期', 2, 1480143410, '/uploads/2016/11/24/5836844c6e5d3.jpeg'),
(1554, 13, '“菜有话说”直播健康   99每一周.002期', 2, 1480143411, '/uploads/2016/11/24/5836844c6e5d3.jpeg'),
(1555, 13, '“菜有话说”直播健康   99每一周.002期', 2, 1480143471, '/uploads/2016/11/24/5836844c6e5d3.jpeg'),
(1556, 13, '“菜有话说”直播健康   99每一周.002期', 2, 1480143472, '/uploads/2016/11/24/5836844c6e5d3.jpeg'),
(1557, 13, '“菜有话说”直播健康   99每一周.002期', 2, 1480143621, '/uploads/2016/11/24/5836844c6e5d3.jpeg'),
(1558, 13, '“菜有话说”直播健康   99每一周.002期', 2, 1480143622, '/uploads/2016/11/24/5836844c6e5d3.jpeg'),
(1559, 13, '“菜有话说”直播健康   99每一周.002期', 2, 1480143739, '/uploads/2016/11/24/5836844c6e5d3.jpeg'),
(1560, 13, '“菜有话说”直播健康   99每一周.002期', 2, 1480143740, '/uploads/2016/11/24/5836844c6e5d3.jpeg'),
(1561, 13, '“菜有话说”直播健康   99每一周.002期', 2, 1480144124, '/uploads/2016/11/24/5836844c6e5d3.jpeg'),
(1562, 13, '“菜有话说”直播健康   99每一周.002期', 2, 1480144127, '/uploads/2016/11/24/5836844c6e5d3.jpeg'),
(1563, 17, '御螳螂训练直播', 2, 1480144152, '/uploads/2016/11/26/5838ecf10b25f.jpg'),
(1564, 17, '御螳螂训练直播', 2, 1480144153, '/uploads/2016/11/26/5838ecf10b25f.jpg'),
(1565, 13, '“菜有话说”直播健康   99每一周.002期', 2, 1480144177, '/uploads/2016/11/24/5836844c6e5d3.jpeg'),
(1566, 13, '“菜有话说”直播健康   99每一周.002期', 2, 1480144178, '/uploads/2016/11/24/5836844c6e5d3.jpeg'),
(1567, 13, '“菜有话说”直播健康   99每一周.002期', 2, 1480144265, '/uploads/2016/11/24/5836844c6e5d3.jpeg'),
(1568, 13, '“菜有话说”直播健康   99每一周.002期', 2, 1480144265, '/uploads/2016/11/24/5836844c6e5d3.jpeg'),
(1569, 13, '“菜有话说”直播健康   99每一周.002期', 2, 1480145546, '/uploads/2016/11/24/5836844c6e5d3.jpeg'),
(1570, 13, '“菜有话说”直播健康   99每一周.002期', 2, 1480145547, '/uploads/2016/11/24/5836844c6e5d3.jpeg'),
(1571, 13, '“菜有话说”直播健康   99每一周.002期', 2, 1480145560, '/uploads/2016/11/24/5836844c6e5d3.jpeg'),
(1572, 13, '“菜有话说”直播健康   99每一周.002期', 2, 1480145561, '/uploads/2016/11/24/5836844c6e5d3.jpeg'),
(1573, 13, '“菜有话说”直播健康   99每一周.002期', 2, 1480145582, '/uploads/2016/11/24/5836844c6e5d3.jpeg'),
(1574, 13, '“菜有话说”直播健康   99每一周.002期', 2, 1480145582, '/uploads/2016/11/24/5836844c6e5d3.jpeg'),
(1575, 13, '“菜有话说”直播健康   99每一周.002期', 2, 1480145588, '/uploads/2016/11/24/5836844c6e5d3.jpeg'),
(1576, 13, '“菜有话说”直播健康   99每一周.002期', 2, 1480145589, '/uploads/2016/11/24/5836844c6e5d3.jpeg'),
(1577, 13, '“菜有话说”直播健康   99每一周.002期', 2, 1480145590, '/uploads/2016/11/24/5836844c6e5d3.jpeg'),
(1578, 13, '“菜有话说”直播健康   99每一周.002期', 2, 1480145590, '/uploads/2016/11/24/5836844c6e5d3.jpeg'),
(1579, 13, '“菜有话说”直播健康   99每一周.002期', 2, 1480145629, '/uploads/2016/11/24/5836844c6e5d3.jpeg'),
(1580, 13, '“菜有话说”直播健康   99每一周.002期', 2, 1480145631, '/uploads/2016/11/24/5836844c6e5d3.jpeg'),
(1581, 17, '御螳螂训练直播', 2, 1480146229, '/uploads/2016/11/26/5838ecf10b25f.jpg'),
(1582, 17, '御螳螂训练直播', 2, 1480146230, '/uploads/2016/11/26/5838ecf10b25f.jpg'),
(1583, 13, '“菜有话说”直播健康   99每一周.002期', 1, 1480150689, '/uploads/2016/11/24/5836844c6e5d3.jpeg'),
(1584, 13, '“菜有话说”直播健康   99每一周.002期', 1, 1480150690, '/uploads/2016/11/24/5836844c6e5d3.jpeg'),
(1585, 16, '格雷伯爵对话正山小种', 1, 1480151498, '/uploads/2016/11/21/5832fc45d3f16.jpg'),
(1586, 16, '格雷伯爵对话正山小种', 1, 1480151499, '/uploads/2016/11/21/5832fc45d3f16.jpg'),
(1587, 16, '格雷伯爵对话正山小种', 23, 1480220179, '/uploads/2016/11/21/5832fc45d3f16.jpg'),
(1588, 16, '格雷伯爵对话正山小种', 23, 1480220181, '/uploads/2016/11/21/5832fc45d3f16.jpg'),
(1589, 16, '格雷伯爵对话正山小种', 1, 1480225493, '/uploads/2016/11/21/5832fc45d3f16.jpg'),
(1590, 16, '格雷伯爵对话正山小种', 1, 1480225497, '/uploads/2016/11/21/5832fc45d3f16.jpg'),
(1591, 16, '格雷伯爵对话正山小种', 1, 1480225501, '/uploads/2016/11/21/5832fc45d3f16.jpg'),
(1592, 16, '格雷伯爵对话正山小种', 1, 1480225502, '/uploads/2016/11/21/5832fc45d3f16.jpg'),
(1593, 16, '格雷伯爵对话正山小种', 1, 1480225504, '/uploads/2016/11/21/5832fc45d3f16.jpg'),
(1594, 16, '格雷伯爵对话正山小种', 1, 1480225505, '/uploads/2016/11/21/5832fc45d3f16.jpg'),
(1595, 16, '格雷伯爵对话正山小种', 1, 1480225507, '/uploads/2016/11/21/5832fc45d3f16.jpg'),
(1596, 16, '格雷伯爵对话正山小种', 1, 1480225508, '/uploads/2016/11/21/5832fc45d3f16.jpg'),
(1597, 16, '格雷伯爵对话正山小种', 1, 1480225510, '/uploads/2016/11/21/5832fc45d3f16.jpg'),
(1598, 16, '格雷伯爵对话正山小种', 1, 1480225511, '/uploads/2016/11/21/5832fc45d3f16.jpg'),
(1599, 16, '格雷伯爵对话正山小种', 1, 1480225519, '/uploads/2016/11/21/5832fc45d3f16.jpg'),
(1600, 16, '格雷伯爵对话正山小种', 1, 1480225520, '/uploads/2016/11/21/5832fc45d3f16.jpg'),
(1601, 16, '格雷伯爵对话正山小种', 1, 1480225522, '/uploads/2016/11/21/5832fc45d3f16.jpg'),
(1602, 16, '格雷伯爵对话正山小种', 1, 1480225549, '/uploads/2016/11/21/5832fc45d3f16.jpg'),
(1603, 16, '格雷伯爵对话正山小种', 1, 1480225549, '/uploads/2016/11/21/5832fc45d3f16.jpg'),
(1604, 18, '格雷伯爵对话正山小种', 1, 1480225647, '/uploads/2016/11/27/583a731e62bf6.jpg'),
(1605, 18, '格雷伯爵对话正山小种', 1, 1480225648, '/uploads/2016/11/27/583a731e62bf6.jpg'),
(1606, 18, '格雷伯爵对话正山小种', 1, 1480227594, '/uploads/2016/11/27/583a731e62bf6.jpg'),
(1607, 18, '格雷伯爵对话正山小种', 1, 1480227595, '/uploads/2016/11/27/583a731e62bf6.jpg'),
(1608, 18, '格雷伯爵对话正山小种', 1, 1480228238, '/uploads/2016/11/27/583a731e62bf6.jpg'),
(1609, 18, '格雷伯爵对话正山小种', 1, 1480228239, '/uploads/2016/11/27/583a731e62bf6.jpg'),
(1610, 18, '格雷伯爵对话正山小种', 24, 1480229126, '/uploads/2016/11/27/583a731e62bf6.jpg'),
(1611, 18, '格雷伯爵对话正山小种', 24, 1480229129, '/uploads/2016/11/27/583a731e62bf6.jpg'),
(1612, 18, '格雷伯爵对话正山小种', 18, 1480229465, '/uploads/2016/11/27/583a731e62bf6.jpg'),
(1613, 18, '格雷伯爵对话正山小种', 18, 1480229483, '/uploads/2016/11/27/583a731e62bf6.jpg'),
(1614, 18, '格雷伯爵对话正山小种', 24, 1480229487, '/uploads/2016/11/27/583a731e62bf6.jpg'),
(1615, 18, '格雷伯爵对话正山小种', 24, 1480229489, '/uploads/2016/11/27/583a731e62bf6.jpg'),
(1616, 18, '格雷伯爵对话正山小种', 18, 1480229541, '/uploads/2016/11/27/583a731e62bf6.jpg'),
(1617, 18, '格雷伯爵对话正山小种', 18, 1480229541, '/uploads/2016/11/27/583a731e62bf6.jpg'),
(1618, 18, '格雷伯爵对话正山小种', 24, 1480229995, '/uploads/2016/11/27/583a731e62bf6.jpg'),
(1619, 18, '格雷伯爵对话正山小种', 24, 1480229997, '/uploads/2016/11/27/583a731e62bf6.jpg'),
(1620, 18, '格雷伯爵对话正山小种', 24, 1480230435, '/uploads/2016/11/27/583a731e62bf6.jpg'),
(1621, 18, '格雷伯爵对话正山小种', 24, 1480230437, '/uploads/2016/11/27/583a731e62bf6.jpg'),
(1622, 18, '格雷伯爵对话正山小种', 24, 1480230457, '/uploads/2016/11/27/583a731e62bf6.jpg'),
(1623, 18, '格雷伯爵对话正山小种', 24, 1480230459, '/uploads/2016/11/27/583a731e62bf6.jpg'),
(1624, 18, '格雷伯爵对话正山小种', 24, 1480231165, '/uploads/2016/11/27/583a731e62bf6.jpg'),
(1625, 18, '格雷伯爵对话正山小种', 24, 1480231166, '/uploads/2016/11/27/583a731e62bf6.jpg'),
(1626, 18, '格雷伯爵对话正山小种', 24, 1480231219, '/uploads/2016/11/27/583a731e62bf6.jpg'),
(1627, 18, '格雷伯爵对话正山小种', 24, 1480231221, '/uploads/2016/11/27/583a731e62bf6.jpg'),
(1628, 18, '格雷伯爵对话正山小种', 24, 1480231414, '/uploads/2016/11/27/583a731e62bf6.jpg'),
(1629, 18, '格雷伯爵对话正山小种', 24, 1480231415, '/uploads/2016/11/27/583a731e62bf6.jpg'),
(1630, 18, '格雷伯爵对话正山小种', 24, 1480231481, '/uploads/2016/11/27/583a731e62bf6.jpg'),
(1631, 18, '格雷伯爵对话正山小种', 24, 1480231483, '/uploads/2016/11/27/583a731e62bf6.jpg'),
(1632, 18, '格雷伯爵对话正山小种', 24, 1480231766, '/uploads/2016/11/27/583a731e62bf6.jpg'),
(1633, 18, '格雷伯爵对话正山小种', 24, 1480231767, '/uploads/2016/11/27/583a731e62bf6.jpg'),
(1634, 18, '格雷伯爵对话正山小种', 24, 1480234603, '/uploads/2016/11/27/583a731e62bf6.jpg'),
(1635, 18, '格雷伯爵对话正山小种', 24, 1480234605, '/uploads/2016/11/27/583a731e62bf6.jpg'),
(1636, 18, '格雷伯爵对话正山小种', 25, 1480256538, '/uploads/2016/11/27/583a731e62bf6.jpg'),
(1637, 18, '格雷伯爵对话正山小种', 25, 1480256542, '/uploads/2016/11/27/583a731e62bf6.jpg'),
(1638, 7, '直播卖蔬菜，健康99每一周', 26, 1480296114, '/uploads/2016/11/10/58241361dd8c0.jpg'),
(1639, 7, '直播卖蔬菜，健康99每一周', 26, 1480296117, '/uploads/2016/11/10/58241361dd8c0.jpg'),
(1640, 18, '格雷伯爵对话正山小种', 7, 1480388048, '/uploads/2016/11/27/583a731e62bf6.jpg'),
(1641, 18, '格雷伯爵对话正山小种', 7, 1480388049, '/uploads/2016/11/27/583a731e62bf6.jpg'),
(1642, 18, '格雷伯爵对话正山小种', 7, 1480388135, '/uploads/2016/11/27/583a731e62bf6.jpg'),
(1643, 18, '格雷伯爵对话正山小种', 7, 1480388136, '/uploads/2016/11/27/583a731e62bf6.jpg'),
(1644, 13, '“菜有话说”直播健康   99每一周.002期', 28, 1480388150, '/uploads/2016/11/24/5836844c6e5d3.jpeg'),
(1645, 13, '“菜有话说”直播健康   99每一周.002期', 28, 1480388153, '/uploads/2016/11/24/5836844c6e5d3.jpeg'),
(1646, 18, '格雷伯爵对话正山小种', 7, 1480388237, '/uploads/2016/11/27/583a731e62bf6.jpg'),
(1647, 18, '格雷伯爵对话正山小种', 7, 1480388237, '/uploads/2016/11/27/583a731e62bf6.jpg'),
(1648, 18, '格雷伯爵对话正山小种', 7, 1480388265, '/uploads/2016/11/27/583a731e62bf6.jpg'),
(1649, 18, '格雷伯爵对话正山小种', 7, 1480388265, '/uploads/2016/11/27/583a731e62bf6.jpg'),
(1650, 19, '文创农业长老会', 7, 1480388471, '/uploads/2016/11/28/583bd256e2a69.jpg'),
(1651, 19, '文创农业长老会', 7, 1480388472, '/uploads/2016/11/28/583bd256e2a69.jpg'),
(1652, 19, '文创农业长老会', 7, 1480388485, '/uploads/2016/11/28/583bd256e2a69.jpg'),
(1653, 19, '文创农业长老会', 7, 1480388486, '/uploads/2016/11/28/583bd256e2a69.jpg'),
(1654, 19, '文创农业长老会', 7, 1480388489, '/uploads/2016/11/28/583bd256e2a69.jpg'),
(1655, 19, '文创农业长老会', 7, 1480388489, '/uploads/2016/11/28/583bd256e2a69.jpg'),
(1656, 19, '文创农业长老会', 7, 1480388497, '/uploads/2016/11/28/583bd256e2a69.jpg'),
(1657, 19, '文创农业长老会', 7, 1480388498, '/uploads/2016/11/28/583bd256e2a69.jpg'),
(1658, 19, '文创农业长老会', 7, 1480388541, '/uploads/2016/11/28/583bd256e2a69.jpg'),
(1659, 19, '文创农业长老会', 7, 1480388542, '/uploads/2016/11/28/583bd256e2a69.jpg'),
(1660, 19, '文创农业长老会', 7, 1480388867, '/uploads/2016/11/28/583bd256e2a69.jpg'),
(1661, 19, '文创农业长老会', 7, 1480388867, '/uploads/2016/11/28/583bd256e2a69.jpg'),
(1662, 19, '文创农业长老会', 7, 1480388882, '/uploads/2016/11/28/583bd256e2a69.jpg'),
(1663, 19, '文创农业长老会', 7, 1480388883, '/uploads/2016/11/28/583bd256e2a69.jpg'),
(1664, 19, '文创农业长老会', 7, 1480388917, '/uploads/2016/11/28/583bd256e2a69.jpg'),
(1665, 19, '文创农业长老会', 7, 1480388918, '/uploads/2016/11/28/583bd256e2a69.jpg'),
(1666, 19, '文创农业长老会', 7, 1480388925, '/uploads/2016/11/28/583bd256e2a69.jpg'),
(1667, 19, '文创农业长老会', 7, 1480388926, '/uploads/2016/11/28/583bd256e2a69.jpg'),
(1668, 19, '文创农业长老会', 7, 1480388927, '/uploads/2016/11/28/583bd256e2a69.jpg'),
(1669, 19, '文创农业长老会', 7, 1480388927, '/uploads/2016/11/28/583bd256e2a69.jpg'),
(1670, 18, '格雷伯爵对话正山小种', 7, 1480389219, '/uploads/2016/11/27/583a731e62bf6.jpg'),
(1671, 18, '格雷伯爵对话正山小种', 7, 1480389219, '/uploads/2016/11/27/583a731e62bf6.jpg'),
(1672, 18, '格雷伯爵对话正山小种', 7, 1480389360, '/uploads/2016/11/27/583a731e62bf6.jpg'),
(1673, 18, '格雷伯爵对话正山小种', 7, 1480389361, '/uploads/2016/11/27/583a731e62bf6.jpg'),
(1674, 18, '格雷伯爵对话正山小种', 7, 1480389368, '/uploads/2016/11/27/583a731e62bf6.jpg'),
(1675, 18, '格雷伯爵对话正山小种', 7, 1480389369, '/uploads/2016/11/27/583a731e62bf6.jpg'),
(1676, 17, '御螳螂训练直播', 7, 1480389379, '/uploads/2016/11/26/5838ecf10b25f.jpg'),
(1677, 17, '御螳螂训练直播', 7, 1480389380, '/uploads/2016/11/26/5838ecf10b25f.jpg'),
(1678, 14, '津狮车友会', 7, 1480389430, '/uploads/2016/11/19/582fb22e4565b.png'),
(1679, 14, '津狮车友会', 7, 1480389431, '/uploads/2016/11/19/582fb22e4565b.png'),
(1680, 7, '直播卖蔬菜，健康99每一周', 7, 1480389462, '/uploads/2016/11/10/58241361dd8c0.jpg'),
(1681, 7, '直播卖蔬菜，健康99每一周', 7, 1480389462, '/uploads/2016/11/10/58241361dd8c0.jpg'),
(1682, 13, '“菜有话说”直播健康   99每一周.002期', 2, 1480397089, '/uploads/2016/11/24/5836844c6e5d3.jpeg'),
(1683, 13, '“菜有话说”直播健康   99每一周.002期', 2, 1480397090, '/uploads/2016/11/24/5836844c6e5d3.jpeg'),
(1684, 13, '“菜有话说”直播健康   99每一周.002期', 2, 1480397515, '/uploads/2016/11/24/5836844c6e5d3.jpeg'),
(1685, 13, '“菜有话说”直播健康   99每一周.002期', 2, 1480397516, '/uploads/2016/11/24/5836844c6e5d3.jpeg');

-- --------------------------------------------------------

--
-- 表的结构 `hl_hongbao`
--

CREATE TABLE `hl_hongbao` (
  `hb_id` int(11) UNSIGNED NOT NULL,
  `xl_img` varchar(100) DEFAULT NULL,
  `xn_img` varchar(100) DEFAULT NULL,
  `v_id` int(11) NOT NULL,
  `hb_title` char(20) NOT NULL,
  `video_name` varchar(255) CHARACTER SET utf8 COLLATE utf8_estonian_ci NOT NULL COMMENT '视频名字'
) ENGINE=MyISAM DEFAULT CHARSET=utf8;

--
-- 转存表中的数据 `hl_hongbao`
--

INSERT INTO `hl_hongbao` (`hb_id`, `xl_img`, `xn_img`, `v_id`, `hb_title`, `video_name`) VALUES
(4, '/uploads/2016/11/15/582ac771e03f4.png', NULL, 10, '', 'huatai');

-- --------------------------------------------------------

--
-- 表的结构 `hl_hx_video`
--

CREATE TABLE `hl_hx_video` (
  `hx_id` int(255) NOT NULL,
  `hx_name` char(255) NOT NULL,
  `hx_zs` tinyint(255) DEFAULT NULL,
  `hx_img` varchar(255) DEFAULT NULL,
  `safe_code` char(6) DEFAULT NULL,
  `url` varchar(255) DEFAULT NULL,
  `v_id` int(11) DEFAULT NULL,
  `time` int(11) DEFAULT NULL
) ENGINE=MyISAM DEFAULT CHARSET=utf8;

-- --------------------------------------------------------

--
-- 表的结构 `hl_invite`
--

CREATE TABLE `hl_invite` (
  `inv_id` int(11) NOT NULL,
  `vid` int(11) NOT NULL,
  `uid` int(11) DEFAULT '0',
  `v_title` char(255) NOT NULL,
  `v_img` varchar(255) NOT NULL,
  `inv_num` smallint(6) NOT NULL,
  `uname` char(50) NOT NULL,
  `uimg` varchar(255) NOT NULL,
  `wid` int(11) DEFAULT '0',
  `inv_time` int(11) UNSIGNED DEFAULT '0'
) ENGINE=MyISAM DEFAULT CHARSET=utf8;

--
-- 转存表中的数据 `hl_invite`
--

INSERT INTO `hl_invite` (`inv_id`, `vid`, `uid`, `v_title`, `v_img`, `inv_num`, `uname`, `uimg`, `wid`, `inv_time`) VALUES
(0, 1, 0, '世纪婚礼', '/uploads/2016/11/09/5823283e47e8e.jpg', 15, '杂烩饭', 'http://wx.qlogo.cn/mmopen/BDbSZ5gYtG37uiawq0JNyulfYBaXdYjLzPYJo1Ux8wXZ50ibs7qAKsXLEB3RkU9Orhib03DtiavhySGA9AcuHGX5BwZrKYictTibEY/0', 2, 1478705856),
(0, 3, 0, '番茄的一天', '/uploads/2016/11/09/58232da6c4002.png', 1, '白猫', 'http://wx.qlogo.cn/mmopen/8KvRU2Omsj2vJatJeX9dyJeKvRjcWmicsEM1VYZzyuS6UcddeeicBnBRkQ6AB2Yv1UE5iaIkZj7qAyia04BY13jkQehn4gDbiaKibE/0', 4, 1478740202),
(0, 3, 3, '番茄的一天', '/uploads/2016/11/09/58232da6c4002.png', 1, '186*****629', '/Public/Home/img/default.jpg', 0, 1478745033),
(0, 5, 0, '推流1', '/uploads/2016/11/10/5823ff64dbe1f.jpg', 2, '时斌111', 'http://wx.qlogo.cn/mmopen/DA3VibyHJIqXibC6ib4RhsxoXkeOiaslY6H5SO7KGJ8eqAdCP6ic4y49b9EWadxTNdE7lczAyddSOhv8JNNAeQvoVYJZlH7drIkfp/0', 7, 1478756159),
(0, 13, 0, '“菜有话说”直播健康   99每一周', '/uploads/2016/11/15/582b2946f0535.jpg', 3, '盛开在今天', 'http://wx.qlogo.cn/mmopen/icxFL5aarYWLr3tSicmSWA9hBDD4NMfRe9lQcfA9jSzFI3XzMfJ0RRTLQ6qQXpP6eWV0sr4N48YchKQIXBicoc8EA/0', 43, 1479366540),
(0, 13, 0, '“菜有话说”直播健康   99每一周.002期', '/uploads/2016/11/24/5836844c6e5d3.jpeg', 1, '张飛（策划农场、直播、婚礼）', 'http://wx.qlogo.cn/mmopen/ajNVdqHZLLBjt7bVYmvcmlkWkOk5crJF8q8YTRNoA9EgKfMIsjLNgicaXWm6OUicZcF8S2MxbcNnsAFK94kI5QeQ/0', 3, 1480121892),
(0, 14, 2, '津狮车友会', '/uploads/2016/11/19/582fb22e4565b.png', 1, '182*****805', '/Public/Home/img/default.jpg', 0, 1480126840);

-- --------------------------------------------------------

--
-- 表的结构 `hl_jx_video`
--

CREATE TABLE `hl_jx_video` (
  `jx_id` int(11) NOT NULL COMMENT '主键id',
  `jx_name` varchar(100) DEFAULT NULL COMMENT '精选视频名称',
  `jx_zs` tinyint(1) DEFAULT '1' COMMENT '是否显示1显示0不显示 默认1',
  `safe_code` varchar(6) DEFAULT NULL,
  `jx_img` varchar(100) DEFAULT NULL COMMENT '精选视频图片',
  `end_time` int(11) DEFAULT NULL,
  `start_time` int(10) DEFAULT NULL COMMENT '添加时间',
  `video_file` char(55) DEFAULT NULL COMMENT '乐视的主键id',
  `video_type` char(55) DEFAULT NULL,
  `url` varchar(255) NOT NULL DEFAULT '0',
  `v_id` int(11) DEFAULT NULL,
  `c_id` int(11) DEFAULT NULL,
  `order` int(11) NOT NULL COMMENT '历史片段顺序',
  `a_id` int(11) NOT NULL COMMENT '管理员id',
  `type` tinyint(4) NOT NULL DEFAULT '1' COMMENT '视频类型(历史或录制)'
) ENGINE=MyISAM DEFAULT CHARSET=utf8 COMMENT='精选视频表';

--
-- 转存表中的数据 `hl_jx_video`
--

INSERT INTO `hl_jx_video` (`jx_id`, `jx_name`, `jx_zs`, `safe_code`, `jx_img`, `end_time`, `start_time`, `video_file`, `video_type`, `url`, `v_id`, `c_id`, `order`, `a_id`, `type`) VALUES
(38, '津狮车友会-第4部分', 1, '0', '/uploads/2016/11/19/582fb22e4565b.png', 1479883655, 1479883608, 'jinshi', 'goto', 'http://zhenghunin.oss-cn-hangzhou.aliyuncs.com/record/goto/jinshi_3.m3u8', 14, 3, 4, 1, 1),
(39, '“菜有话说”直播健康   99每一周.002期-第9部分', 1, '0', '/uploads/2016/11/24/5836844c6e5d3.jpeg', 1480073145, 1480073083, 'jiankang', 'goto', 'http://zhenghunin.oss-cn-hangzhou.aliyuncs.com/record/goto/jiankang_8.m3u8', 13, 3, 9, 1, 1),
(40, '格雷伯爵对话正山小种-第3部分', 1, '0', '/uploads/2016/11/21/5832fc45d3f16.jpg', 1480224238, 1480224193, 'chake', 'goto', 'http://zhenghunin.oss-cn-hangzhou.aliyuncs.com/record/goto/chake_3.m3u8', 16, 3, 3, 1, 1),
(33, '“菜有话说”直播健康   99每一周-第6部分', 1, '0', '/uploads/2016/11/15/582b2946f0535.jpg', 1479868330, 1479868221, 'jiankang', 'goto', 'http://zhenghunin.oss-cn-hangzhou.aliyuncs.com/record/goto/jiankang_5.m3u8', 13, 3, 6, 1, 1),
(32, '“菜有话说”直播健康   99每一周-第5部分', 1, '0', '/uploads/2016/11/15/582b2946f0535.jpg', 1479867890, 1479867688, 'jiankang', 'goto', 'http://zhenghunin.oss-cn-hangzhou.aliyuncs.com/record/goto/jiankang_4.m3u8', 13, 3, 5, 1, 1),
(31, '“菜有话说”——天津阿甘农场2016.11.20', 1, '0', '/uploads/2016/11/15/582b2946f0535.jpg', 1479614072, 1479613578, 'jiankang', 'goto', 'http://zhenghunin.oss-cn-hangzhou.aliyuncs.com/record/goto/jiankang_3.m3u8', 13, 3, 4, 1, 1),
(34, '格雷伯爵对话正山小种-第1部分', 1, '0', '/uploads/2016/11/21/5832fc45d3f16.jpg', 1479884020, 1479883893, 'chake', 'goto', 'http://zhenghunin.oss-cn-hangzhou.aliyuncs.com/record/goto/chake_1.m3u8', 16, 3, 1, 1, 1),
(35, '格雷伯爵对话正山小种-第2部分', 1, '0', '/uploads/2016/11/21/5832fc45d3f16.jpg', 1479893191, 1479892947, 'chake', 'goto', 'http://zhenghunin.oss-cn-hangzhou.aliyuncs.com/record/goto/chake_2.m3u8', 16, 3, 2, 1, 1),
(36, '“菜有话说”直播健康   99每一周.002期-第7部分', 1, '0', '/uploads/2016/11/24/5836844c6e5d3.jpeg', 1479971475, 1479968990, 'jiankang', 'goto', 'http://zhenghunin.oss-cn-hangzhou.aliyuncs.com/record/goto/jiankang_6.m3u8', 13, 3, 7, 1, 1),
(15, '财富会所', 1, '0', '/uploads/2016/11/15/582ae01b31890.jpg', NULL, 1476946802, 'huatai', 'children', 'http://zhenghunout.oss-cn-hangzhou.aliyuncs.com/Act-m3u8-segment/365cf8cd02354492ad936593bab9faa6/财富会所.m3u8', 10, 3, 0, 10, 0),
(43, '格雷伯爵对话正山小种-第3部分', 1, '0', '/uploads/2016/11/27/583a731e62bf6.jpg', 1480233301, 1480228903, '24cha', 'goto', 'http://zhenghunin.oss-cn-hangzhou.aliyuncs.com/record/goto/24cha_2.m3u8', 18, 3, 3, 13, 1),
(45, '格雷伯爵对话正山小种-第3部分', 1, '0', '/uploads/2016/11/27/583a731e62bf6.jpg', 1480228674, 1480228490, '24cha', 'goto', 'http://zhenghunin.oss-cn-hangzhou.aliyuncs.com/record/goto/24cha_1.m3u8', 18, 3, 3, 13, 1),
(46, '格雷伯爵对话正山小种-第3部分', 1, '0', '/uploads/2016/11/27/583a731e62bf6.jpg', 1480226208, 1480226043, '24cha', 'goto', 'http://zhenghunin.oss-cn-hangzhou.aliyuncs.com/record/goto/24cha.m3u8', 18, 3, 3, 13, 1),
(37, '“菜有话说”直播健康   99每一周.002期-第8部分', 1, '0', '/uploads/2016/11/24/5836844c6e5d3.jpeg', 1479972352, 1479972049, 'jiankang', 'goto', 'http://zhenghunin.oss-cn-hangzhou.aliyuncs.com/record/goto/jiankang_7.m3u8', 13, 3, 8, 1, 1),
(19, '“菜有话说”直播健康   99每一周 第一期-第1部分', 1, '0', '/uploads/2016/11/15/582b2946f0535.jpg', 1479363346, 1479362276, 'jiankang', 'goto', 'http://zhenghunin.oss-cn-hangzhou.aliyuncs.com/record/goto/jiankang.m3u8', 13, 3, 1, 1, 1),
(20, '“菜有话说”直播健康   99每一周 第一期-第2部分', 1, '0', '/uploads/2016/11/15/582b2946f0535.jpg', 1479366459, 1479365790, 'jiankang', 'goto', 'http://zhenghunin.oss-cn-hangzhou.aliyuncs.com/record/goto/jiankang_1.m3u8', 13, 3, 2, 1, 1),
(21, '“菜有话说”直播健康   99每一周 第一期-第3部分', 1, '0', '/uploads/2016/11/15/582b2946f0535.jpg', 1479368209, 1479367753, 'jiankang', 'goto', 'http://zhenghunin.oss-cn-hangzhou.aliyuncs.com/record/goto/jiankang_2.m3u8', 13, 3, 3, 1, 1),
(22, '津狮车友会-第1部分', 1, '0', '/uploads/2016/11/19/582fb22e4565b.png', 1479522410, 1479522388, 'jinshi', 'goto', 'http://zhenghunin.oss-cn-hangzhou.aliyuncs.com/record/goto/jinshi.m3u8', 14, 3, 1, 1, 1),
(23, '津狮车友会-第2部分', 1, '0', '/uploads/2016/11/19/582fb22e4565b.png', 1479528944, 1479524006, 'jinshi', 'goto', 'http://zhenghunin.oss-cn-hangzhou.aliyuncs.com/record/goto/jinshi_1.m3u8', 14, 3, 2, 1, 1),
(24, '津狮车友会-第3部分', 1, '0', '/uploads/2016/11/19/582fb22e4565b.png', 1479529835, 1479529642, 'jinshi', 'goto', 'http://zhenghunin.oss-cn-hangzhou.aliyuncs.com/record/goto/jinshi_2.m3u8', 14, 3, 3, 1, 1);

-- --------------------------------------------------------

--
-- 表的结构 `hl_lunbo`
--

CREATE TABLE `hl_lunbo` (
  `id` int(11) UNSIGNED NOT NULL COMMENT '主键id',
  `big_img` varchar(100) DEFAULT NULL COMMENT '大轮播图',
  `small_img` varchar(100) DEFAULT NULL COMMENT '小轮播图',
  `livetime` varchar(32) DEFAULT NULL,
  `imgname` varchar(10) DEFAULT NULL,
  `url` varchar(255) CHARACTER SET utf8 COLLATE utf8_estonian_ci NOT NULL COMMENT '轮播链接'
) ENGINE=MyISAM DEFAULT CHARSET=utf8 COMMENT='轮播图表';

--
-- 转存表中的数据 `hl_lunbo`
--

INSERT INTO `hl_lunbo` (`id`, `big_img`, `small_img`, `livetime`, `imgname`, `url`) VALUES
(10, '/uploads/2016/10/15/5801084b027ba.jpg', '/uploads/2016/10/15/5801084b02cdf.png', '2016-10-29', '永久的回忆', ''),
(11, '/uploads/2016/10/15/5801086995edf.jpg', '/uploads/2016/10/15/5801086996358.png', '2017-01-01', '爱的记忆', ''),
(12, '/uploads/2016/10/15/580108c465780.jpg', '/uploads/2016/10/15/580108c465cd8.png', '2017-02-02', '真言不悔', ''),
(9, '/uploads/2016/10/15/5801072ac8537.jpg', '/uploads/2016/10/15/5801072ac8b43.png', '2016-11-10', '缘来是你', '');

-- --------------------------------------------------------

--
-- 表的结构 `hl_qy`
--

CREATE TABLE `hl_qy` (
  `qy_id` int(11) UNSIGNED NOT NULL COMMENT '添加的区域id',
  `qy_name` varchar(60) DEFAULT NULL COMMENT '直播区域名',
  `qy_sort` varchar(10) DEFAULT NULL COMMENT '排序排序0-255 值越大排序越靠前'
) ENGINE=MyISAM DEFAULT CHARSET=utf8 COMMENT='直播区域表';

--
-- 转存表中的数据 `hl_qy`
--

INSERT INTO `hl_qy` (`qy_id`, `qy_name`, `qy_sort`) VALUES
(3, '北京', '0'),
(2, '天津', '22'),
(4, '上海', '0');

-- --------------------------------------------------------

--
-- 表的结构 `hl_user`
--

CREATE TABLE `hl_user` (
  `userid` int(11) NOT NULL,
  `nick` varchar(32) DEFAULT NULL,
  `gender` char(5) DEFAULT NULL,
  `mobile` varchar(11) DEFAULT NULL,
  `mPhone` varchar(12) DEFAULT NULL,
  `QQ` int(11) DEFAULT NULL,
  `password` char(32) DEFAULT NULL,
  `path` varchar(100) DEFAULT NULL,
  `userlog` varchar(100) DEFAULT NULL,
  `pubtime` int(11) DEFAULT NULL
) ENGINE=MyISAM DEFAULT CHARSET=utf8;

--
-- 转存表中的数据 `hl_user`
--

INSERT INTO `hl_user` (`userid`, `nick`, `gender`, `mobile`, `mPhone`, `QQ`, `password`, `path`, `userlog`, `pubtime`) VALUES
(1, '137*****535', NULL, '13718510535', NULL, NULL, '30d1b3a9a26592ff4f9e6f8ef11f94cb', NULL, '/uploads/2016/11/19/58305dc0c68d6.jpg', 1478704116),
(2, '182*****805', '男', '18202282805', NULL, NULL, '96e79218965eb72c92a549dd5a330112', '未填写sdfdsfsd', '/Public/Home/img/default.jpg', 1478704494),
(7, '186*****629', '男', '18612193629', NULL, NULL, '96e79218965eb72c92a549dd5a330112', 'dhid', '/Public/Home/img/default.jpg', 1478757739),
(4, '185*****660', NULL, '18522284660', NULL, NULL, '96e79218965eb72c92a549dd5a330112', NULL, '/Public/Home/img/default.jpg', 1478745150),
(6, '189*****026', NULL, '18920146026', NULL, NULL, 'bc69b08cae50abf7d7bcffb578f5e732', NULL, '/uploads/2016/11/10/5824054070df4.jpg', 1478754428),
(8, '155*****678', NULL, '15522099678', NULL, NULL, 'e10adc3949ba59abbe56e057f20f883e', NULL, '/Public/Home/img/default.jpg', 1478761507),
(9, '150*****206', '女', '15022649206', NULL, NULL, 'e10adc3949ba59abbe56e057f20f883e', NULL, '/Public/Home/img/default.jpg', 1479263233),
(10, '150*****608', NULL, '15001096608', NULL, NULL, 'ef75459714760073d5e857318c590da5', NULL, '/Public/Home/img/default.jpg', 1479363248),
(11, '188*****316', NULL, '18810252316', NULL, NULL, '892bf23d53ee289d4197412b99a6a8ef', NULL, '/Public/Home/img/default.jpg', 1479446915),
(12, '152*****139', NULL, '15232324139', NULL, NULL, '25f9e794323b453885f5181f1b624d0b', NULL, '/Public/Home/img/default.jpg', 1479460325),
(13, 'crissy', NULL, '18611636884', NULL, NULL, '985f750f65e391cb0051b1b2e99bc688', NULL, '/Public/Home/img/default.jpg', 1479515183),
(14, '135*****575', NULL, '13512405575', NULL, NULL, '5a64b25babe1b3a4856b38ce901a1167', NULL, '/Public/Home/img/default.jpg', 1479522965),
(15, '郭亮村', '男', '13911534863', NULL, NULL, '735ac887b155b09bbd2c2d7ef39cedaf', NULL, '/Public/Home/img/default.jpg', 1479523935),
(16, '152*****732', NULL, '15210055732', NULL, NULL, 'efec61ef25d6f742700d504989a45ee9', NULL, '/Public/Home/img/default.jpg', 1479706398),
(17, '180*****035', NULL, '18013240035', NULL, NULL, 'e5fcf3ea8b8a6c0724e649910a4fd528', NULL, '/Public/Home/img/default.jpg', 1479873342),
(18, '189*****829', NULL, '18911432829', NULL, NULL, 'e8d7d418e2a4657f45070abc00925323', NULL, '/Public/Home/img/default.jpg', 1479884073),
(19, '火花', NULL, '18169010064', NULL, NULL, '090909', NULL, NULL, 1479887029),
(20, '136*****774', NULL, '13601206774', NULL, NULL, '1d9ecf4e7068bb8cd52dce0e20bea7d8', NULL, '/Public/Home/img/default.jpg', 1479969583),
(21, '186*****478', '男', '18679556478', NULL, NULL, '0667d5430ad701805f1407512bb456ad', '江西上高未填写', '/uploads/2016/11/24/58368eda1d691.jpg', 1479970488),
(22, '139*****988', '男', '13911757988', NULL, 2147483647, '567883d7db90ce5f2d2b47778335b3ba', '海淀区', '/uploads/2016/11/26/5839267ad6f83.JPG', 1480140368),
(23, '186*****762', '男', '18611522762', NULL, 649517144, 'abec6c1db28910047b29da29758e46f3', '未填写', '/Public/Home/img/default.jpg', 1480220121),
(24, '130*****375', NULL, '13041209375', NULL, NULL, 'e3103f6704542dc659616ba7a26cdbd3', NULL, '/Public/Home/img/default.jpg', 1480229109),
(25, '183*****588', NULL, '18391701588', NULL, NULL, '30726cc476fac88dbb1b2b0f6cca06c1', NULL, '/Public/Home/img/default.jpg', 1480256476),
(26, '135*****239', '男', '13552025239', NULL, NULL, 'dc483e80a7a0bd9ef71d8cf973673924', NULL, '/Public/Home/img/default.jpg', 1480295961),
(27, '186*****040', NULL, '18622928040', NULL, NULL, 'e5809632e9cea893bf651101a475a7b7', NULL, '/Public/Home/img/default.jpg', 1480386069),
(28, '若男', '女', '13969813003', NULL, NULL, '4b5095c16bdad0b2b28711dfa0e6d9a4', '天津', '/Public/Home/img/default.jpg', 1480388118);

-- --------------------------------------------------------

--
-- 表的结构 `hl_video`
--

CREATE TABLE `hl_video` (
  `v_id` int(11) NOT NULL,
  `c_id` int(10) UNSIGNED NOT NULL DEFAULT '1',
  `video_type` char(10) DEFAULT NULL,
  `video_file` varchar(100) DEFAULT NULL,
  `start_time` int(10) UNSIGNED DEFAULT NULL,
  `video_name` varchar(100) DEFAULT NULL,
  `video_phone` char(13) DEFAULT NULL,
  `video_address` varchar(100) DEFAULT NULL,
  `video_city` char(10) DEFAULT NULL,
  `title` varchar(100) DEFAULT NULL,
  `safe_code` char(6) DEFAULT NULL,
  `zb_img` varchar(100) DEFAULT NULL,
  `number` int(10) UNSIGNED DEFAULT '0',
  `zan_num` int(10) UNSIGNED NOT NULL DEFAULT '0',
  `info` text,
  `a_id` int(10) UNSIGNED DEFAULT NULL,
  `zb_zs` tinyint(4) NOT NULL DEFAULT '0',
  `sort` smallint(6) DEFAULT NULL,
  `z_id` int(10) UNSIGNED DEFAULT NULL,
  `renqi` tinyint(4) NOT NULL DEFAULT '1',
  `zhufu` tinyint(4) NOT NULL DEFAULT '1',
  `liucheng` tinyint(4) NOT NULL DEFAULT '1',
  `create_time` int(11) DEFAULT NULL,
  `url` varchar(255) DEFAULT NULL,
  `status` tinyint(255) DEFAULT NULL
) ENGINE=MyISAM DEFAULT CHARSET=utf8;

--
-- 转存表中的数据 `hl_video`
--

INSERT INTO `hl_video` (`v_id`, `c_id`, `video_type`, `video_file`, `start_time`, `video_name`, `video_phone`, `video_address`, `video_city`, `title`, `safe_code`, `zb_img`, `number`, `zan_num`, `info`, `a_id`, `zb_zs`, `sort`, `z_id`, `renqi`, `zhufu`, `liucheng`, `create_time`, `url`, `status`) VALUES
(16, 3, 'goto', 'chake', 1479877202, '格雷伯爵对话正山小种', '', '呼家楼', '北京', NULL, '0', '/uploads/2016/11/21/5832fc45d3f16.jpg', 437, 5, '<p style="text-align: center;"><strong><span style="font-family: 宋体;font-size: 16px">&nbsp; &nbsp; &nbsp;&nbsp;</span></strong><strong><span style="font-size: 29px; font-family: 宋体;">格雷伯爵对话正山小种</span></strong></p><p style="text-align: center;"><strong><span style="font-family: 宋体;font-size: 19px">&nbsp;&nbsp;&nbsp;</span></strong><strong><span style="font-family: 宋体;font-size: 16px">&nbsp; &nbsp;&nbsp;</span></strong></p><p style="text-align: center;"><strong><span style="font-family: 宋体;font-size: 16px">&nbsp;</span></strong></p><p style="text-align: center;"><strong><span style="font-family: 宋体;font-size: 16px">&nbsp;</span></strong></p><p style="text-align: center;"><strong><span style="font-family: 宋体;font-size: 16px">&nbsp;</span></strong></p><p style="text-align: center;"><strong><span style="font-family: 宋体;font-size: 16px"><span style="font-family:宋体">时间：</span> &nbsp;11<span style="font-family:宋体">月</span><span style="font-family:Calibri">27</span><span style="font-family:宋体">日下午</span><span style="font-family:Calibri">14:00</span><span style="font-family:宋体">——</span><span style="font-family:Calibri">16:00</span></span></strong></p><p style="text-align: center;"><strong><span style="font-family: 宋体;font-size: 16px">&nbsp;&nbsp;&nbsp;&nbsp;&nbsp;&nbsp;&nbsp;<span style="font-family:宋体">（</span>11<span style="font-family:宋体">月</span></span></strong><strong><span style="font-family: 宋体;font-size: 16px">23<span style="font-family:宋体">号下午试讲</span></span></strong><strong><span style="font-family: 宋体;font-size: 16px">）</span></strong></p><p style="text-align: center;"><strong><span style="font-family: 宋体;font-size: 16px"><span style="font-family:宋体">地点：东三环呼家楼</span> <span style="font-family:宋体">圣世一品</span>C<span style="font-family:宋体">座</span><span style="font-family:Calibri">8D</span></span></strong></p><p style="text-align: center;"><strong><span style="font-family: 宋体;font-size: 16px">主讲人：肖娟</span></strong></p><p style="text-align: center;"><img src="/uploads/editor/image/2016-11-21/1479734887979085.png" title="1479734887979085.png" alt="blob.png"/></p><p style="text-align: center;"><span style=";font-family:宋体;font-size:14px">2012<span style="font-family:宋体">年</span></span></p><p style="text-align: center;"><span style=";font-family:宋体;font-size:14px"><span style="font-family:宋体">中国茶叶流通协会和西城区政府联合举办了第一届</span>“国际茶业展会”</span></p><p style="text-align: center;"><span style=";font-family:宋体;font-size:14px">来自全国各省市<span style="font-family:宋体">的百强茶企和各国茶叶公司都参与了这次优质茶评选活动。</span></span></p><p style="text-align: center;"><span style=";font-family:宋体;font-size:14px"><span style="font-family:宋体">结果，北京东篱田园公司选送的一款金曼陀大吉岭红茶一举夺得金奖。</span>&nbsp;</span></p><p style="text-align: center;"><span style="font-size: 14px; font-family: 宋体;">这款茶的主人</span></p><p style="text-align: center;"><span style="font-size: 14px; font-family: 宋体;">似乎名不见经传</span></p><p style="text-align: center;"><span style="font-size: 14px; font-family: 宋体;">然而此时</span></p><p style="text-align: center;"><span style=";font-family:宋体;font-size:14px"><span style="font-family:宋体">她在世界红茶领域已经默默耕耘了</span>12<span style="font-family:宋体">年</span></span></p><p style="text-align: center;"><span style="font-size: 14px; font-family: 宋体;">肖娟对红茶可以说是一见钟情</span></p><p style="text-align: center;"><span style=";font-family:宋体;font-size:14px">12<span style="font-family:宋体">年来</span></span></p><p style="text-align: center;"><span style=";font-family:宋体;font-size:14px"><span style="font-family:宋体">她曾先后</span>6<span style="font-family:宋体">次深入</span></span><span style="font-size: 14px; font-family: 宋体;">到印度茶区</span></p><p style="text-align: center;"><span style="font-size: 14px; font-family: 宋体;">参与</span><span style="font-size: 14px; font-family: 宋体;">世界</span><span style="font-size: 14px; font-family: 宋体;">茶叶市场的拍卖</span></p><p style="text-align: center;"><span style="font-size: 14px; font-family: 宋体;">对世界</span><span style="font-size: 14px; font-family: 宋体;">红茶的</span><span style="font-size: 14px; font-family: 宋体;">历史渊源</span></p><p style="text-align: center;"><span style="font-size: 14px; font-family: 宋体;">品质滋味以及国际</span><span style="font-size: 14px; font-family: 宋体;">市场</span><span style="font-size: 14px; font-family: 宋体;">走向都有深入了解</span></p><p style="text-align: center;"><span style=";font-family:宋体;font-size:14px"><img src="/uploads/editor/image/2016-11-22/1479807671949421.png" title="1479807671949421.png" alt="blob.png"/>&nbsp;</span></p><p style="text-align: center;"><strong><span style="font-family: 宋体;font-size: 16px"><span style="font-family:宋体">&nbsp;与会参加者</span>&nbsp;&nbsp;</span></strong></p><p style="text-align: center;"><span style="font-family: 宋体;font-size: 16px">听课嘉宾定向邀请</span></p><p style="text-align: center;"><span style="font-family: 宋体;font-size: 16px">从事摄影、设计、传媒、</span></p><p style="text-align: center;"><span style="font-family: 宋体;font-size: 16px">文学、艺术、绘画、</span></p><p style="text-align: center;"><span style="font-family: 宋体;font-size: 16px">音乐、演艺、金融等</span></p><p style="text-align: center;"><strong><span style="font-size: 21px; font-family: 宋体;">不同行业</span></strong><span style="font-size: 16px; font-family: 宋体;">人士</span></p><p style="text-align: center;"><span style="font-size: 16px; font-family: 宋体;">不限年龄性别</span></p><p style="text-align: center;"><span style="font-size: 16px; font-family: 宋体;">为保证现场交流效果</span></p><p style="text-align: center;"><span style="font-family: 宋体;font-size: 16px">6<span style="font-family:宋体">人为限</span></span></p><p style="text-align: center;"><span style="font-size: 16px; font-family: 宋体;">以报名先后次序为准</span></p><p style="text-align: center;"><strong><span style="font-family: 宋体;font-size: 16px">&nbsp;</span></strong></p><p style="text-align: center;"><strong><span style="font-family: 宋体;font-size: 16px">&nbsp;<img src="/uploads/editor/image/2016-11-22/1479807722459275.png" title="1479807722459275.png" alt="blob.png"/></span></strong></p><p style="text-align: center;"><strong><span style="font-family: 宋体;font-size: 16px">课程背景介绍：</span></strong></p><p style="text-align: center;"><strong><span style="font-family: 宋体;font-size: 16px">&nbsp;</span></strong></p><p style="text-align: center;"><span style="font-size: 14px; font-family: 宋体;">冬日，午后，咖啡馆</span><span style="font-size: 14px; font-family: 宋体;">中</span></p><p style="text-align: center;"><span style="font-size: 14px; font-family: 宋体;">一杯</span><span style="font-size: 14px; font-family: 宋体;">温热的</span><span style="font-size: 14px; font-family: 宋体;">伯爵红茶</span></p><p style="text-align: center;"><span style="font-size: 14px; font-family: 宋体;">橙红透明的汤色中荡漾着佛手柑的甜香气韵</span></p><p style="text-align: center;"><span style="font-size: 14px; font-family: 宋体;">尽显英伦文化的时尚</span></p><p style="text-align: center;"><span style="font-size: 14px; font-family: 宋体;">何种爱恨情仇</span></p><p style="text-align: center;"><span style="font-size: 14px; font-family: 宋体;">商场拼杀</span></p><p style="text-align: center;"><span style="font-size: 14px; font-family: 宋体;">都在一缕馨香中袅袅而去</span></p><p style="text-align: center;"><span style="font-size: 14px; font-family: 宋体;">只剩下完整的自己</span></p><p style="text-align: center;"><span style="font-size: 14px; font-family: 宋体;">与心相对</span></p><p style="text-align: center;"><span style="font-size: 14px; font-family: 宋体;"><img src="/uploads/editor/image/2016-11-22/1479808164592672.png" title="1479808164592672.png" alt="blob.png"/></span></p><p style="text-align: center;"><span style="font-size: 14px; font-family: 宋体;">这是茶的魅力</span></p><p style="text-align: center;"><span style="font-size: 14px; font-family: 宋体;">都市红尘中不可少的挚友</span></p><p style="text-align: center;"><span style=";font-family:Calibri;font-size:14px">&nbsp;<span style="font-family:宋体">为什么这种</span></span><span style="font-family: 宋体; font-size: 14px;">英式红茶</span><span style="font-size: 14px; font-family: 宋体;">的名字叫做伯爵</span></p><p style="text-align: center;"><span style="font-size: 14px; font-family: 宋体;">它独特的口感又是怎样形成、并且传承百年的呢</span></p><p style="text-align: center;"><span style="font-family: Calibri; font-size: 14px;">&nbsp;<span style="font-family:宋体">红茶在传统上是西方知道的唯一的茶</span></span></p><p style="text-align: center;"><span style="font-size: 14px; font-family: 宋体;"><img src="/uploads/editor/image/2016-11-22/1479808211484465.png" title="1479808211484465.png" alt="blob.png"/><br/></span></p><p style="text-align: center;"><span style="font-size: 14px; font-family: 宋体;">时空穿越</span></p><p style="text-align: center;"><span style="font-family: Calibri; font-size: 14px;">200<span style="font-family:宋体">年前</span></span></p><p style="text-align: center;"><span style="font-size: 14px; font-family: 宋体;">传说</span><span style="font-family: 宋体; font-size: 14px;">是</span><span style="font-size: 14px; font-family: 宋体;">因为一次偶然</span></p><p style="text-align: center;"><span style="font-size: 14px; font-family: 宋体;">世界上有了红茶</span></p><p style="text-align: center;"><span style="font-size: 14px; font-family: 宋体;">武夷山桐木关自然保护区的深处</span></p><p style="text-align: center;"><span style="font-size: 14px; font-family: 宋体;">一种带有独特松烟香气的叫作正山小种的红茶</span></p><p style="text-align: center;"><span style="font-size: 14px; font-family: 宋体;">因此成为世界红茶的鼻祖</span></p><p style="text-align: center;"><span style="font-size: 14px; font-family: 宋体;">然而，谁会想到</span></p><p style="text-align: center;"><span style="font-size: 14px; font-family: 宋体;">大山深处的一杯茶</span></p><p style="text-align: center;"><span style="font-size: 14px; font-family: 宋体;">在后来</span></p><p style="text-align: center;"><span style="font-size: 14px; font-family: 宋体;">几乎撼动了整个世界</span></p><p style="text-align: center;"><span style="font-family: Calibri; font-size: 14px;"><span style="font-family:宋体">从</span>1773<span style="font-family:宋体">年的美国独立战争到</span>1840<span style="font-family:宋体">年的鸦片战争</span></span></p><p style="text-align: center;"><span style="font-size: 14px; font-family: 宋体;">都与它有着直接的关联</span><br/></p><p style="text-align: center;"><span style=";font-family:Calibri;font-size:14px">&nbsp;<span style="font-family:宋体">从正山小种到格雷伯爵</span></span></p><p style="text-align: center;"><span style="font-size: 14px; font-family: 宋体;">一场穿越时空的对话</span></p><p style="text-align: center;"><span style="font-size: 14px; font-family: 宋体;">站在红茶的来处坐品红茶</span></p><p style="text-align: center;"><span style="font-family: Calibri; font-size: 14px;"><span style="font-family:宋体">廿四节沏之立冬茶</span>——<span style="font-family:宋体">红茶分享沙龙</span></span><span style="font-family: 宋体; font-size: 14px;">&nbsp;</span></p><p style="text-align: center;"><span style="font-size: 14px; font-family: 宋体;">与您一起细数伯爵由来、</span><span style="font-family: 宋体; font-size: 14px;">慢</span><span style="font-size: 14px; font-family: 宋体;">品红茶神韵、</span><span style="font-family: 宋体; font-size: 14px;">自在</span><span style="font-size: 14px; font-family: 宋体;">滋味人生</span></p><p style="text-align: center;"><strong><span style="font-family: 宋体;font-size: 16px">&nbsp;</span></strong></p><p style="text-align: center;"><img src="/uploads/editor/image/2016-11-22/1479807773591910.png" title="1479807773591910.png" alt="blob.png"/></p><p style="line-height: 16px; text-align: center;"><strong><span style="font-family: 宋体;font-size: 16px">课程内容设置：</span></strong></p><p style="line-height: 16px; text-align: center;"><strong><span style="font-family: 宋体;font-size: 16px"><br/></span></strong></p><p style="text-align: center;"><span style="font-family: 宋体;font-size: 16px">&nbsp;</span><strong style="text-indent: 32px;"><span style="font-family: 宋体;">英式下午茶的文化与礼仪</span></strong></p><p style="text-align: center;"><span style=";font-family:宋体;font-size:14px">&nbsp;</span><span style="font-family: 宋体;font-size: 16px"><span style="font-family:宋体">赏茶器</span> <span style="font-family:宋体">：银制</span> <span style="font-family:宋体">托盘</span> <span style="font-family:宋体">骨瓷茶具</span></span></p><p style="text-align: center;"><span style="font-family: 宋体;font-size: 16px">&nbsp;<span style="font-family:宋体">点</span><span style="font-family:宋体">心 ：</span><span style="font-family:宋体">食用顺序</span> <span style="font-family:宋体">司康饼</span> <span style="font-family:宋体">咸味三明治</span> <span style="font-family:宋体">巧克力</span> <span style="font-family:宋体">水果</span> <span style="font-family:宋体">果浆</span> <span style="font-family:宋体">黄油</span></span></p><p style="text-align: center;"><span style="font-family: 宋体;font-size: 16px">&nbsp;<span style="font-family:宋体">品</span><span style="font-family:宋体">茶</span> <span style="font-family:宋体">：</span> <span style="font-family:宋体">格雷伯爵茶</span> <span style="font-family:宋体">正山小种</span> <span style="font-family:宋体">大吉岭茶</span> <span style="font-family:宋体">阿萨姆奶茶</span> <span style="font-family:宋体">水果红茶</span> <span style="font-family:宋体">柠檬</span></span></p><p style="text-align: center;"><span style="font-family: 宋体;font-size: 16px">伯爵茶的由来做个悬念，先看看红茶是怎么来的。（品饮格雷伯爵）</span></p><p style="text-indent: 0px; text-align: center;"><span style="text-indent: 32px;"><span style="font-family: 宋体;">&nbsp; &nbsp; &nbsp; &nbsp; &nbsp; &nbsp; &nbsp; &nbsp; &nbsp; &nbsp; &nbsp; &nbsp; &nbsp; &nbsp; &nbsp; &nbsp; &nbsp;<strong>红茶溯源</strong></span></span></p><p style="text-indent: 32px; text-align: center;"><span style="font-family: 宋体;font-size: 16px">介绍中国茶叶是如何传入英国，又从中国移植到印度，（品饮正山小种）</span></p><p style="text-indent: 32px; text-align: center;"><strong><span style="font-family: 宋体;"><br/></span></strong></p><p style="text-indent: 32px; text-align: center;"><span style="font-family: 宋体;">&nbsp; &nbsp; &nbsp; &nbsp; &nbsp; &nbsp; &nbsp; &nbsp; &nbsp; &nbsp; &nbsp; &nbsp; &nbsp; &nbsp; &nbsp;<strong>世界四大高香茶</strong></span></p><p style="text-indent: 32px; text-align: center;"><span style="font-family: 宋体;font-size: 16px"><span style="font-family:宋体">是哪四大？分别的历史传承</span><span style="font-family:宋体">（品饮</span> <span style="font-family:宋体">阿萨姆茶奶茶）</span></span></p><p style="text-indent: 32px; text-align: center;"><span style="font-family: 宋体;font-size: 16px">&nbsp;</span></p><p style="text-indent: 32px; text-align: center;"><strong><span style="font-family: 宋体;font-size: 16px"><span style="font-family:宋体">关于调饮</span></span></strong><span style="font-family: 宋体;font-size: 16px">&nbsp;&nbsp;</span></p><p style="text-indent: 32px; text-align: center;"><span style="font-family: 宋体;font-size: 16px"><span style="font-family:宋体">在家</span>DIY<span style="font-family:宋体">自制美味水果红茶 （品饮玛萨拉奶茶）</span></span></p><p style="text-align: center;"><span style="font-family: 宋体;font-size: 16px">&nbsp;最美<span style="font-family:宋体">的房间</span>,搭配最好的瓷器,品<span style="font-family:宋体">最好的茶</span>,与最知心的朋友<span style="font-family:宋体">相约</span>……</span></p><p style="text-align: center;"><strong><span style="font-family: 宋体;font-size: 16px">&nbsp;<img src="/uploads/editor/image/2016-11-22/1479807854391228.png" title="1479807854391228.png" alt="blob.png"/></span></strong></p><p style="text-align: center;"><strong><span style="font-family: 宋体;font-size: 16px"><br/></span></strong></p><p style="text-align: center;"><span style=";font-family:宋体;font-size:16px"><img src="/uploads/editor/image/2016-11-22/1479807940788963.png" title="1479807940788963.png" alt="blob.png"/>&nbsp;</span></p><p style="text-align: center;"><span style=";font-family:宋体;font-size:16px"><img src="/uploads/editor/image/2016-11-22/1479807980333442.png" title="1479807980333442.png" alt="blob.png"/></span></p><p style="text-align: center;"><span style=";font-family:宋体;font-size:16px"><img src="/uploads/editor/image/2016-11-22/1479808347986846.jpg" title="1479808347986846.jpg" alt="898851865210134097.jpg"/></span></p><p style="text-align: center;"><span style=";font-family:宋体;font-size:16px"></span></p><p style="text-align: center;"><br/></p>', 1, 1, 99, 1, 1, 1, 1, NULL, 'http://gotozb.yicehua.cn/goto/chake.m3u8', NULL),
(7, 3, 'goto', 'zhibo', 1478780070, '直播卖蔬菜，健康99每一周', '137-1851-0535', '通州中农富通农场', '北京', NULL, '0', '/uploads/2016/11/10/58241361dd8c0.jpg', 31, 0, '<p>易农场，99健康每一周。</p>', 1, 1, 0, 1, 0, 0, 1, 1478760548, 'http://gotozb.yicehua.cn/goto/zhibo.m3u8', NULL),
(13, 3, 'goto', 'jiankang', 1479362400, '“菜有话说”直播健康   99每一周.002期', '', '通州区中农富通农场', '北京', NULL, '0', '/uploads/2016/11/24/5836844c6e5d3.jpeg', 1051, 19, '<p style="text-align: center;"><span style="font-family: 楷体, 楷体_GB2312, SimKai;"><img src="/uploads/editor/image/2016-11-15/1479221589327768.jpg" title="1479221589327768.jpg" alt="912336241639133224.jpg"/></span></p><p style="text-align: center;"><span style="font-family: 楷体, 楷体_GB2312, SimKai;">双11</span></p><p style="text-align: center;"><span style="font-family: 楷体, 楷体_GB2312, SimKai;">全民剁手节</span></p><p style="text-align: center;"><span style="font-family: 楷体, 楷体_GB2312, SimKai;">&nbsp;结束了&nbsp;</span></p><p style="text-align: center;"><span style="font-family: 楷体, 楷体_GB2312, SimKai;">据说接下来不少人都要陷入</span></p><p style="text-align: center;"><span style="font-family: 楷体, 楷体_GB2312, SimKai;">等待——拆包——惊喜——失望——后悔</span></p><p style="text-align: center;"><span style="font-family: 楷体, 楷体_GB2312, SimKai;">的无限续循环之中</span></p><p style="text-align: center;"><span style="font-family: 楷体, 楷体_GB2312, SimKai;">在打着各种名号的</span></p><p style="text-align: center;"><span style="font-family: 楷体, 楷体_GB2312, SimKai;">“必买清单”</span></p><p style="text-align: center;"><span style="font-family: 楷体, 楷体_GB2312, SimKai;">影响下</span></p><p style="text-align: center;"><span style="font-family: 楷体, 楷体_GB2312, SimKai;">一时冲动地消费</span></p><p style="text-align: center;"><span style="font-family: 楷体, 楷体_GB2312, SimKai;">也是</span></p><p style="text-align: center;"><span style="font-family: 楷体, 楷体_GB2312, SimKai;">在所难免的</span></p><p style="text-align: center;"><span style="font-family: 楷体, 楷体_GB2312, SimKai;">……<img src="/uploads/editor/image/2016-11-15/1479221649486647.jpg" title="1479221649486647.jpg" alt="168220671327011504.jpg"/></span></p><p style="text-align: center;"><span style="font-family: 楷体, 楷体_GB2312, SimKai;">但是在冲动之后</span><br/></p><p style="text-align: center;"><span style="font-family: 楷体, 楷体_GB2312, SimKai;">理性的消费才是关键</span></p><p style="text-align: center;"><span style="font-family: 楷体, 楷体_GB2312, SimKai;">在食品安全有待考量的现实中</span></p><p style="text-align: center;"><span style="font-family: 楷体, 楷体_GB2312, SimKai;">移动互联网</span></p><p style="text-align: center;"><span style="font-family: 楷体, 楷体_GB2312, SimKai;">给我们一剂强心剂</span></p><p style="text-align: center;"><span style="font-family: 楷体, 楷体_GB2312, SimKai;"><img src="/uploads/editor/image/2016-11-15/1479221787168739.jpg" title="1479221787168739.jpg" alt="890172903521786612.jpg"/></span></p><p style="text-align: center;"><span style="font-family: 楷体, 楷体_GB2312, SimKai;">毕竟 &nbsp;</span></p><p style="text-align: center;"><span style="font-family: 楷体, 楷体_GB2312, SimKai;">优雅的逛菜市场</span></p><p style="text-align: center;"><span style="font-family: 楷体, 楷体_GB2312, SimKai;">才是核心竞争力</span></p><p style="text-align: center;"><br/></p><p style="text-align: center;"><br/></p><p style="text-align: center;"><span style="font-family: 楷体, 楷体_GB2312, SimKai;">易农场</span></p><p style="text-align: center;"><span style="font-family: 楷体, 楷体_GB2312, SimKai;">携手</span></p><p style="text-align: center;"><span style="font-family: 楷体, 楷体_GB2312, SimKai;">GO to.LIVE</span></p><p style="text-align: center;"><span style="font-family: 楷体, 楷体_GB2312, SimKai;">共同制作</span></p><p style="text-align: center;"><span style="font-family: 楷体, 楷体_GB2312, SimKai;">《菜有话说》</span></p><p style="text-align: center;"><span style="font-family: 楷体, 楷体_GB2312, SimKai;">用直播+农业的方式</span></p><p style="text-align: center;"><span style="font-family: 楷体, 楷体_GB2312, SimKai;">带你走进你身边的<br/></span></p><p style="text-align: center;"><span style="font-family: 楷体, 楷体_GB2312, SimKai;">农场、农者、农产品</span></p><p style="text-align: center;"><span style="font-family: 楷体, 楷体_GB2312, SimKai;"><img src="/uploads/editor/image/2016-11-15/1479221844800956.jpg" title="1479221844800956.jpg" alt="534600054409543458.jpg"/>本周四</span></p><p style="text-align: center;"><span style="font-family: 楷体, 楷体_GB2312, SimKai;">易农场携中农富通农场</span></p><p style="text-align: center;"><span style="font-family: 楷体, 楷体_GB2312, SimKai;">用直播的方式</span></p><p style="text-align: center;"><span style="font-family: 楷体, 楷体_GB2312, SimKai;">带你走入农场</span></p><p style="text-align: center;"><span style="font-family: 楷体, 楷体_GB2312, SimKai;">当然</span></p><p style="text-align: center;"><span style="font-family: 楷体, 楷体_GB2312, SimKai;">我们不仅有种更有料</span></p><p style="text-align: center;"><span style="font-family: 楷体, 楷体_GB2312, SimKai;">为此</span></p><p style="text-align: center;"><span style="font-family: 楷体, 楷体_GB2312, SimKai;">我们推出蔬菜特惠装</span></p><p style="text-align: center;"><span style="font-family: 楷体, 楷体_GB2312, SimKai;">199元</span></p><p style="text-align: center;"><span style="font-family: 楷体, 楷体_GB2312, SimKai;">在直播期间定点购买<br/></span></p><p style="text-align: center;"><span style="font-family: 楷体, 楷体_GB2312, SimKai;">特享优惠</span></p><p style="text-align: center;"><span style="font-family: 楷体, 楷体_GB2312, SimKai;">99元</span></p><p style="text-align: center;"><img src="/uploads/editor/image/2016-11-15/1479221911618064.jpg" title="1479221911618064.jpg" alt="168220671327011504.jpg"/></p><p style="text-align: center;"><span style="font-family: 楷体, 楷体_GB2312, SimKai;"><img src="/uploads/editor/image/2016-11-15/1479222003551361.jpg" title="1479222003551361.jpg" alt="880888371839666603.jpg"/></span></p><p style="text-align: center;"><span style="font-family: 楷体, 楷体_GB2312, SimKai;"><br/></span></p><p style="text-align: center;"><span style="font-family: 楷体, 楷体_GB2312, SimKai;">&nbsp;<a href="http://www.yinongchang.cn/mobile/goods.php?id=537" target="_blank" style="color: rgb(84, 141, 212); text-decoration: underline;"><span style="font-family: 楷体, 楷体_GB2312, SimKai; color: rgb(84, 141, 212);">点击进入购买</span></a><span style="font-family: 楷体, 楷体_GB2312, SimKai; color: rgb(84, 141, 212);">......</span></span></p><p style="text-align: center;"><span style="font-family: 楷体, 楷体_GB2312, SimKai; color: rgb(84, 141, 212);">&nbsp; &nbsp; &nbsp; &nbsp; &nbsp; &nbsp; &nbsp; &nbsp; &nbsp; &nbsp; &nbsp; &nbsp; &nbsp; &nbsp; &nbsp;</span></p><p style="text-align: center;"><span style="font-family: 楷体, 楷体_GB2312, SimKai; color: rgb(84, 141, 212);">&nbsp;<a href="http://www.yinongchang.cn/mobile/goods.php?id=537" target="_blank">点击进入购买</a>......</span></p><p style="text-align: center;"><span style="color: rgb(84, 141, 212);">&nbsp; &nbsp;&nbsp;</span></p><p style="text-align: center;"><span style="color: rgb(84, 141, 212);">&nbsp;&nbsp;</span><a href="http://www.yinongchang.cn/mobile/goods.php?id=537" target="_blank" style="color: rgb(84, 141, 212); text-decoration: underline;"><span style="color: rgb(84, 141, 212);">点击进入购买</span></a><span style="color: rgb(84, 141, 212);">......&nbsp;</span><br/></p><p style="text-align: center;"><span style="font-family: 楷体, 楷体_GB2312, SimKai;"></span></p><p style="text-align: left;"><br/></p><p style="text-align: left;"><br/></p><p style="text-align: left;"><img src="/uploads/editor/image/2016-11-15/1479223889118647.jpg" title="1479223889118647.jpg" alt="808629869580157947.jpg"/></p><p style="text-align: left;">&nbsp; &nbsp; &nbsp; &nbsp; &nbsp; &nbsp; &nbsp; &nbsp; &nbsp; &nbsp; &nbsp; &nbsp; &nbsp; &nbsp;&nbsp;<br/></p>', 1, 1, 99, 1, 1, 1, 1, NULL, 'http://gotozb.yicehua.cn/goto/jiankang.m3u8', NULL),
(14, 3, 'goto', 'jinshi', 1479520920, '津狮车友会', '13718510535', '通州', '北京', NULL, '0', '/uploads/2016/11/19/582fb22e4565b.png', 609, 9, '<p>现招募标致车主！免费去玩水! 具体报名方式点击最下方津狮车友会LOGO。</p><p style="text-align:left;"><br/> </p><p style="text-align:left;"><br/> </p><p style="text-align:center;"><span style="font-size:24px;">津狮club：爱在此</span><span style="font-size:24px;">！乐在此！</span> </p><p style="text-align:center;"><br/></p><p style="text-align:center;">\r\n	津狮车友会成立于2011年11月23日，目前车友会正式会员为580人。&nbsp;</p><p style="text-align:center;">\r\n	&nbsp;车友会每年都会举行多次活动，促进每一位车友之间的感情，还为车友举行过盛大的婚礼车队</p><p style="text-align:center;"><br/></p><p style="text-align:center;"><span style="font-size:18px;">车队宗旨：</span> </p><p style="text-align:center;"><br/></p><p style="text-align:center;"><span style="font-size:16px;">我是永远关注你的那一个</span> </p><p style="text-align:center;"><span style="font-size:16px;"><br/></span> </p><p><img src="http://img.cloudslive.cn/poster/attached/image/20161114/20161114161752_593.jpg" alt=""/> </p><p><br/></p><p style="text-align:center;"><span style="font-size:16px;">我是始终关怀你的那一个</span> </p><p style="text-align:center;"><span style="font-size:16px;"><br/></span> </p><p><img src="http://img.cloudslive.cn/poster/attached/image/20161114/20161114161611_914.jpg" alt=""/> </p><p><br/></p><p style="text-align:center;"><span style="font-size:16px;">我是你喜欢的那一个</span> </p><p style="text-align:center;"><br/></p><p><img src="http://img.cloudslive.cn/poster/attached/image/20161114/20161114161631_215.jpg" alt=""/> </p><p><br/></p><p style="text-align:center;">\r\n	&nbsp;<span style="font-size:16px;">我是让你快乐的那一个</span> </p><p style="text-align:center;"><br/></p><p><img src="http://img.cloudslive.cn/poster/attached/image/20161114/20161114161730_643.jpg" alt=""/> </p><p><br/></p><p style="text-align:center;"><span style="font-size:16px;">我是付出的那一个</span> </p><p><br/></p><p><img src="http://img.cloudslive.cn/poster/attached/image/20161114/20161114161820_183.jpg" alt=""/> </p><p><br/></p><p style="text-align:center;"><span style="font-size:16px;">我就是：天津标致狮行天下车友俱乐部</span> </p><p><br/></p><p><img src="http://img.cloudslive.cn/poster/attached/image/20161114/20161114161845_713.jpg" alt=""/> </p><p>&nbsp;	<br/></p><p><br/></p><p><br/></p>', 1, 1, 0, 1, 1, 1, 1, NULL, 'http://gotozb.yicehua.cn/goto/jinshi.m3u8', NULL),
(17, 3, 'goto', 'yutanglang', 1480140000, '御螳螂训练直播', '13718510535', '对外经贸大学', '北京', NULL, '0', '/uploads/2016/11/26/5838ecf10b25f.jpg', 86, 2, '<p>弘扬御螳螂文化，传我中华真国粹；</p><p>强健身体保家国，持之以恒修武魂！</p><p><img src="/uploads/editor/image/2016-11-26/1480125670144491.jpeg" title="1480125670144491.jpeg" alt="WechatIMG122.jpeg"/></p><p><img src="/uploads/editor/image/2016-11-26/1480125679351977.jpeg" title="1480125679351977.jpeg" alt="WechatIMG123.jpeg"/></p>', 12, 1, 0, 1, 1, 1, 1, NULL, 'http://gotozb.yicehua.cn/goto/yutanglang.m3u8', NULL);
INSERT INTO `hl_video` (`v_id`, `c_id`, `video_type`, `video_file`, `start_time`, `video_name`, `video_phone`, `video_address`, `video_city`, `title`, `safe_code`, `zb_img`, `number`, `zan_num`, `info`, `a_id`, `zb_zs`, `sort`, `z_id`, `renqi`, `zhufu`, `liucheng`, `create_time`, `url`, `status`) VALUES
(18, 3, 'goto', '24cha', 1480140000, '格雷伯爵对话正山小种', '13718510535', '圣世一品', '北京', NULL, '0', '/uploads/2016/11/27/583a731e62bf6.jpg', 404, 9, '<p style="box-sizing: border-box; padding: 0px; margin-top: 0px; margin-bottom: 22.484375px; outline: none; table-layout: fixed; word-break: break-all; color: rgb(51, 51, 51); font-size: 1.4rem; font-weight: 600; font-family: &#39;Microsoft YaHei&#39;, SimSun, 宋体, sans-serif; text-align: center; white-space: normal;"><span style="font-family: 微软雅黑, &#39;Microsoft YaHei&#39;;"><strong style="box-sizing: border-box; padding: 0px; margin: 0px; outline: none; table-layout: fixed; word-break: break-all;"><span style="box-sizing: border-box; padding: 0px; margin: 0px; outline: none; table-layout: fixed; word-break: break-all; font-size: 29px;">格雷伯爵对话正山小种</span></strong></span></p><p style="box-sizing: border-box; padding: 0px; margin-top: 0px; margin-bottom: 22.484375px; outline: none; table-layout: fixed; word-break: break-all; color: rgb(51, 51, 51); font-size: 1.4rem; font-weight: 600; font-family: &#39;Microsoft YaHei&#39;, SimSun, 宋体, sans-serif; text-align: center; white-space: normal;"><span style="font-family: 微软雅黑, &#39;Microsoft YaHei&#39;;"><strong style="box-sizing: border-box; padding: 0px; margin: 0px; outline: none; table-layout: fixed; word-break: break-all;"><span style="font-family: 宋体; box-sizing: border-box; padding: 0px; margin: 0px; outline: none; table-layout: fixed; word-break: break-all; font-size: 19px;"></span></strong><strong style="box-sizing: border-box; padding: 0px; margin: 0px; outline: none; table-layout: fixed; word-break: break-all;"><span style="font-family: 宋体; box-sizing: border-box; padding: 0px; margin: 0px; outline: none; table-layout: fixed; word-break: break-all; font-size: 16px;"></span></strong></span></p><p style="box-sizing: border-box; padding: 0px; margin-top: 0px; margin-bottom: 22.484375px; outline: none; table-layout: fixed; word-break: break-all; color: rgb(51, 51, 51); font-size: 1.4rem; font-weight: 600; font-family: &#39;Microsoft YaHei&#39;, SimSun, 宋体, sans-serif; text-align: center; white-space: normal;"><span style="font-family: 微软雅黑, &#39;Microsoft YaHei&#39;;"><strong style="box-sizing: border-box; padding: 0px; margin: 0px; outline: none; table-layout: fixed; word-break: break-all;"><span style="font-family: 宋体; box-sizing: border-box; padding: 0px; margin: 0px; outline: none; table-layout: fixed; word-break: break-all; font-size: 16px;"></span></strong></span></p><p style="box-sizing: border-box; padding: 0px; margin-top: 0px; margin-bottom: 22.484375px; outline: none; table-layout: fixed; word-break: break-all; color: rgb(51, 51, 51); font-size: 1.4rem; font-weight: 600; font-family: &#39;Microsoft YaHei&#39;, SimSun, 宋体, sans-serif; text-align: center; white-space: normal;"><span style="font-family: 微软雅黑, &#39;Microsoft YaHei&#39;;"><strong style="box-sizing: border-box; padding: 0px; margin: 0px; outline: none; table-layout: fixed; word-break: break-all;"><span style="font-family: 宋体; box-sizing: border-box; padding: 0px; margin: 0px; outline: none; table-layout: fixed; word-break: break-all; font-size: 16px;"></span></strong></span></p><p style="box-sizing: border-box; padding: 0px; margin-top: 0px; margin-bottom: 22.484375px; outline: none; table-layout: fixed; word-break: break-all; color: rgb(51, 51, 51); font-size: 1.4rem; font-weight: 600; font-family: &#39;Microsoft YaHei&#39;, SimSun, 宋体, sans-serif; text-align: center; white-space: normal;"><span style="font-family: 微软雅黑, &#39;Microsoft YaHei&#39;;"><strong style="box-sizing: border-box; padding: 0px; margin: 0px; outline: none; table-layout: fixed; word-break: break-all;"><span style="font-family: 宋体; box-sizing: border-box; padding: 0px; margin: 0px; outline: none; table-layout: fixed; word-break: break-all; font-size: 16px;"></span></strong></span></p><p style="box-sizing: border-box; padding: 0px; margin-top: 0px; margin-bottom: 22.484375px; outline: none; table-layout: fixed; word-break: break-all; color: rgb(51, 51, 51); font-size: 1.4rem; font-weight: 600; text-align: center; white-space: normal;"><strong style="box-sizing: border-box; padding: 0px; margin: 0px; outline: none; table-layout: fixed; word-break: break-all;"><span style="box-sizing: border-box; padding: 0px; margin: 0px; outline: none; table-layout: fixed; word-break: break-all; font-size: 16px;"><span style="font-family: 微软雅黑, &#39;Microsoft YaHei&#39;; outline: none; table-layout: fixed; word-break: break-all;">时间：</span><font face="宋体">&nbsp;&nbsp;11</font><span style="font-family: 微软雅黑, &#39;Microsoft YaHei&#39;; outline: none; table-layout: fixed; word-break: break-all;">月</span><span style="font-family: Calibri; outline: none; table-layout: fixed; word-break: break-all;">27</span><span style="font-family: 微软雅黑, &#39;Microsoft YaHei&#39;; outline: none; table-layout: fixed; word-break: break-all;">日下午</span><span style="font-family: Calibri; outline: none; table-layout: fixed; word-break: break-all;">14:00</span><span style="outline: none; table-layout: fixed; word-break: break-all;"><font face="微软雅黑, Microsoft YaHei">～</font></span><span style="font-family: Calibri; outline: none; table-layout: fixed; word-break: break-all;">16:00</span></span></strong></p><p style="box-sizing: border-box; padding: 0px; margin-top: 0px; margin-bottom: 22.484375px; outline: none; table-layout: fixed; word-break: break-all; color: rgb(51, 51, 51); font-size: 1.4rem; font-weight: 600; font-family: &#39;Microsoft YaHei&#39;, SimSun, 宋体, sans-serif; text-align: center; white-space: normal;"><span style="font-family: 微软雅黑, &#39;Microsoft YaHei&#39;;"><strong style="box-sizing: border-box; padding: 0px; margin: 0px; outline: none; table-layout: fixed; word-break: break-all;"><span style="font-family: 宋体; box-sizing: border-box; padding: 0px; margin: 0px; outline: none; table-layout: fixed; word-break: break-all; font-size: 16px;"><span style="font-family: 微软雅黑, &#39;Microsoft YaHei&#39;; outline: none; table-layout: fixed; word-break: break-all;">地点：东三环呼家楼圣世一品</span>C<span style="font-family: 微软雅黑, &#39;Microsoft YaHei&#39;; outline: none; table-layout: fixed; word-break: break-all;">座</span><span style="font-family: Calibri; outline: none; table-layout: fixed; word-break: break-all;">8D</span></span></strong></span></p><p style="box-sizing: border-box; padding: 0px; margin-top: 0px; margin-bottom: 22.484375px; outline: none; table-layout: fixed; word-break: break-all; color: rgb(51, 51, 51); font-size: 1.4rem; font-weight: 600; font-family: &#39;Microsoft YaHei&#39;, SimSun, 宋体, sans-serif; text-align: center; white-space: normal;"><span style="font-family: 微软雅黑, &#39;Microsoft YaHei&#39;;"><strong style="box-sizing: border-box; padding: 0px; margin: 0px; outline: none; table-layout: fixed; word-break: break-all;"><span style="box-sizing: border-box; padding: 0px; margin: 0px; outline: none; table-layout: fixed; word-break: break-all; font-size: 16px;">主讲人：肖娟</span></strong><strong style="box-sizing: border-box; padding: 0px; margin: 0px; outline: none; table-layout: fixed; word-break: break-all;"><span style="box-sizing: border-box; padding: 0px; margin: 0px; outline: none; table-layout: fixed; word-break: break-all; font-size: 16px;"></span></strong></span></p><p style="box-sizing: border-box; padding: 0px; margin-top: 0px; margin-bottom: 22.484375px; outline: none; table-layout: fixed; word-break: break-all; color: rgb(51, 51, 51); font-size: 1.4rem; font-weight: 600; font-family: &#39;Microsoft YaHei&#39;, SimSun, 宋体, sans-serif; text-align: center; white-space: normal;"><img src="http://zhenghun.yicehua.cn/uploads/editor/image/2016-11-21/1479734887979085.png" title="1479734887979085.png" alt="blob.png" style="box-sizing: border-box; padding: 0px; margin: 0px auto; outline: none; table-layout: fixed; word-break: break-all; border: none; vertical-align: middle; width: 1124.40625px; height: auto;"/></p><p style="box-sizing: border-box; padding: 0px; margin-top: 0px; margin-bottom: 22.484375px; outline: none; table-layout: fixed; word-break: break-all; color: rgb(51, 51, 51); font-size: 1.4rem; font-weight: 600; font-family: &#39;Microsoft YaHei&#39;, SimSun, 宋体, sans-serif; text-align: center; white-space: normal;"><span style="box-sizing: border-box; padding: 0px; margin: 0px; outline: none; table-layout: fixed; word-break: break-all; font-family: 微软雅黑, &#39;Microsoft YaHei&#39;; font-size: 14px;">2012年</span></p><p style="box-sizing: border-box; padding: 0px; margin-top: 0px; margin-bottom: 22.484375px; outline: none; table-layout: fixed; word-break: break-all; color: rgb(51, 51, 51); font-size: 1.4rem; font-weight: 600; font-family: &#39;Microsoft YaHei&#39;, SimSun, 宋体, sans-serif; text-align: center; white-space: normal;"><span style="box-sizing: border-box; padding: 0px; margin: 0px; outline: none; table-layout: fixed; word-break: break-all; font-family: 微软雅黑, &#39;Microsoft YaHei&#39;; font-size: 14px;">中国茶叶流通协会和西城区政府联合举办了第一届“国际茶业展会”</span></p><p style="box-sizing: border-box; padding: 0px; margin-top: 0px; margin-bottom: 22.484375px; outline: none; table-layout: fixed; word-break: break-all; color: rgb(51, 51, 51); font-size: 1.4rem; font-weight: 600; font-family: &#39;Microsoft YaHei&#39;, SimSun, 宋体, sans-serif; text-align: center; white-space: normal;"><span style="box-sizing: border-box; padding: 0px; margin: 0px; outline: none; table-layout: fixed; word-break: break-all; font-family: 微软雅黑, &#39;Microsoft YaHei&#39;; font-size: 14px;">来自全国各省市的百强茶企和各国茶叶公司都参与了这次优质茶评选活动。</span></p><p style="box-sizing: border-box; padding: 0px; margin-top: 0px; margin-bottom: 22.484375px; outline: none; table-layout: fixed; word-break: break-all; color: rgb(51, 51, 51); font-size: 1.4rem; font-weight: 600; font-family: &#39;Microsoft YaHei&#39;, SimSun, 宋体, sans-serif; text-align: center; white-space: normal;"><span style="box-sizing: border-box; padding: 0px; margin: 0px; outline: none; table-layout: fixed; word-break: break-all; font-family: 微软雅黑, &#39;Microsoft YaHei&#39;; font-size: 14px;">结果，北京东篱田园公司选送的一款金曼陀大吉岭红茶一举夺得金奖。</span></p><p style="box-sizing: border-box; padding: 0px; margin-top: 0px; margin-bottom: 22.484375px; outline: none; table-layout: fixed; word-break: break-all; color: rgb(51, 51, 51); font-size: 1.4rem; font-weight: 600; font-family: &#39;Microsoft YaHei&#39;, SimSun, 宋体, sans-serif; text-align: center; white-space: normal;"><span style="box-sizing: border-box; padding: 0px; margin: 0px; outline: none; table-layout: fixed; word-break: break-all; font-size: 14px; font-family: 微软雅黑, &#39;Microsoft YaHei&#39;;">这款茶的主人</span></p><p style="box-sizing: border-box; padding: 0px; margin-top: 0px; margin-bottom: 22.484375px; outline: none; table-layout: fixed; word-break: break-all; color: rgb(51, 51, 51); font-size: 1.4rem; font-weight: 600; font-family: &#39;Microsoft YaHei&#39;, SimSun, 宋体, sans-serif; text-align: center; white-space: normal;"><span style="box-sizing: border-box; padding: 0px; margin: 0px; outline: none; table-layout: fixed; word-break: break-all; font-size: 14px; font-family: 微软雅黑, &#39;Microsoft YaHei&#39;;">似乎名不见经传</span></p><p style="box-sizing: border-box; padding: 0px; margin-top: 0px; margin-bottom: 22.484375px; outline: none; table-layout: fixed; word-break: break-all; color: rgb(51, 51, 51); font-size: 1.4rem; font-weight: 600; font-family: &#39;Microsoft YaHei&#39;, SimSun, 宋体, sans-serif; text-align: center; white-space: normal;"><span style="box-sizing: border-box; padding: 0px; margin: 0px; outline: none; table-layout: fixed; word-break: break-all; font-size: 14px; font-family: 微软雅黑, &#39;Microsoft YaHei&#39;;">然而此时</span></p><p style="box-sizing: border-box; padding: 0px; margin-top: 0px; margin-bottom: 22.484375px; outline: none; table-layout: fixed; word-break: break-all; color: rgb(51, 51, 51); font-size: 1.4rem; font-weight: 600; font-family: &#39;Microsoft YaHei&#39;, SimSun, 宋体, sans-serif; text-align: center; white-space: normal;"><span style="box-sizing: border-box; padding: 0px; margin: 0px; outline: none; table-layout: fixed; word-break: break-all; font-family: 微软雅黑, &#39;Microsoft YaHei&#39;; font-size: 14px;">她在世界红茶领域已经默默耕耘了12年</span></p><p style="box-sizing: border-box; padding: 0px; margin-top: 0px; margin-bottom: 22.484375px; outline: none; table-layout: fixed; word-break: break-all; color: rgb(51, 51, 51); font-size: 1.4rem; font-weight: 600; font-family: &#39;Microsoft YaHei&#39;, SimSun, 宋体, sans-serif; text-align: center; white-space: normal;"><span style="box-sizing: border-box; padding: 0px; margin: 0px; outline: none; table-layout: fixed; word-break: break-all; font-size: 14px; font-family: 微软雅黑, &#39;Microsoft YaHei&#39;;">肖娟对红茶可以说是一见钟情</span></p><p style="box-sizing: border-box; padding: 0px; margin-top: 0px; margin-bottom: 22.484375px; outline: none; table-layout: fixed; word-break: break-all; color: rgb(51, 51, 51); font-size: 1.4rem; font-weight: 600; font-family: &#39;Microsoft YaHei&#39;, SimSun, 宋体, sans-serif; text-align: center; white-space: normal;"><span style="box-sizing: border-box; padding: 0px; margin: 0px; outline: none; table-layout: fixed; word-break: break-all; font-family: 微软雅黑, &#39;Microsoft YaHei&#39;; font-size: 14px;">12年来</span></p><p style="box-sizing: border-box; padding: 0px; margin-top: 0px; margin-bottom: 22.484375px; outline: none; table-layout: fixed; word-break: break-all; color: rgb(51, 51, 51); font-size: 1.4rem; font-weight: 600; font-family: &#39;Microsoft YaHei&#39;, SimSun, 宋体, sans-serif; text-align: center; white-space: normal;"><span style="font-family: 宋体; box-sizing: border-box; padding: 0px; margin: 0px; outline: none; table-layout: fixed; word-break: break-all; font-size: 14px;"><span style="font-family: 微软雅黑, &#39;Microsoft YaHei&#39;; outline: none; table-layout: fixed; word-break: break-all;">她曾先后</span>6<span style="font-family: 微软雅黑, &#39;Microsoft YaHei&#39;; outline: none; table-layout: fixed; word-break: break-all;">次深入</span><span style="font-family: 微软雅黑, &#39;Microsoft YaHei&#39;; outline: none; table-layout: fixed; word-break: break-all; font-size: 14px;">到印度茶区</span></span></p><p style="box-sizing: border-box; padding: 0px; margin-top: 0px; margin-bottom: 22.484375px; outline: none; table-layout: fixed; word-break: break-all; color: rgb(51, 51, 51); font-size: 1.4rem; font-weight: 600; font-family: &#39;Microsoft YaHei&#39;, SimSun, 宋体, sans-serif; text-align: center; white-space: normal;"><span style="font-family: 微软雅黑, &#39;Microsoft YaHei&#39;; box-sizing: border-box; padding: 0px; margin: 0px; outline: none; table-layout: fixed; word-break: break-all; font-size: 14px;">参与世界茶叶市场的拍卖</span></p><p style="box-sizing: border-box; padding: 0px; margin-top: 0px; margin-bottom: 22.484375px; outline: none; table-layout: fixed; word-break: break-all; color: rgb(51, 51, 51); font-size: 1.4rem; font-weight: 600; font-family: &#39;Microsoft YaHei&#39;, SimSun, 宋体, sans-serif; text-align: center; white-space: normal;"><span style="font-family: 微软雅黑, &#39;Microsoft YaHei&#39;; box-sizing: border-box; padding: 0px; margin: 0px; outline: none; table-layout: fixed; word-break: break-all; font-size: 14px;">对世界红茶的历史渊源</span></p><p style="box-sizing: border-box; padding: 0px; margin-top: 0px; margin-bottom: 22.484375px; outline: none; table-layout: fixed; word-break: break-all; color: rgb(51, 51, 51); font-size: 1.4rem; font-weight: 600; font-family: &#39;Microsoft YaHei&#39;, SimSun, 宋体, sans-serif; text-align: center; white-space: normal;"><span style="font-family: 微软雅黑, &#39;Microsoft YaHei&#39;; box-sizing: border-box; padding: 0px; margin: 0px; outline: none; table-layout: fixed; word-break: break-all; font-size: 14px;">品质滋味以及国际市场走向都有深入了解</span></p><p style="box-sizing: border-box; padding: 0px; margin-top: 0px; margin-bottom: 22.484375px; outline: none; table-layout: fixed; word-break: break-all; color: rgb(51, 51, 51); font-size: 1.4rem; font-weight: 600; font-family: &#39;Microsoft YaHei&#39;, SimSun, 宋体, sans-serif; text-align: center; white-space: normal;"><span style="box-sizing: border-box; padding: 0px; margin: 0px; outline: none; table-layout: fixed; word-break: break-all; font-family: 微软雅黑, &#39;Microsoft YaHei&#39;; font-size: 14px;"><img src="http://zhenghun.yicehua.cn/uploads/editor/image/2016-11-22/1479807671949421.png" title="1479807671949421.png" alt="blob.png" style="box-sizing: border-box; padding: 0px; margin: 0px auto; outline: none; table-layout: fixed; word-break: break-all; border: none; vertical-align: middle; width: 1124.40625px; height: auto;"/></span></p><p style="text-align: center;">&nbsp;与会参加者</p><p style="text-align: center;">听课嘉宾定向邀请</p><p style="text-align: center;">从事摄影、设计、传媒、</p><p style="text-align: center;">文学、艺术、绘画、</p><p style="text-align: center;">音乐、演艺、金融等</p><p style="text-align: center;">不同行业人士</p><p style="text-align: center;">不限年龄性别</p><p style="text-align: center;">为保证现场交流效果</p><p style="text-align: center;">6人为限</p><p style="text-align: center;">以报名先后次序为准</p><p style="box-sizing: border-box; padding: 0px; margin-top: 0px; margin-bottom: 22.484375px; outline: none; table-layout: fixed; word-break: break-all; color: rgb(51, 51, 51); font-size: 1.4rem; font-weight: 600; font-family: &#39;Microsoft YaHei&#39;, SimSun, 宋体, sans-serif; text-align: center; white-space: normal;"><span style="font-family: 微软雅黑, &#39;Microsoft YaHei&#39;;"><strong style="box-sizing: border-box; padding: 0px; margin: 0px; outline: none; table-layout: fixed; word-break: break-all;"><span style="font-family: 宋体; box-sizing: border-box; padding: 0px; margin: 0px; outline: none; table-layout: fixed; word-break: break-all; font-size: 16px;"></span></strong></span></p><p style="box-sizing: border-box; padding: 0px; margin-top: 0px; margin-bottom: 22.484375px; outline: none; table-layout: fixed; word-break: break-all; color: rgb(51, 51, 51); font-size: 1.4rem; font-weight: 600; font-family: &#39;Microsoft YaHei&#39;, SimSun, 宋体, sans-serif; text-align: center; white-space: normal;"><span style="font-family: 微软雅黑, &#39;Microsoft YaHei&#39;;"><strong style="box-sizing: border-box; padding: 0px; margin: 0px; outline: none; table-layout: fixed; word-break: break-all;"><span style="font-family: 宋体; box-sizing: border-box; padding: 0px; margin: 0px; outline: none; table-layout: fixed; word-break: break-all; font-size: 16px;"><img src="http://zhenghun.yicehua.cn/uploads/editor/image/2016-11-22/1479807722459275.png" title="1479807722459275.png" alt="blob.png" style="box-sizing: border-box; padding: 0px; margin: 0px auto; outline: none; table-layout: fixed; word-break: break-all; border: none; vertical-align: middle; width: 1124.40625px; height: auto;"/></span></strong></span></p><p style="text-align: center;">课程背景介绍：</p><p style="text-align: center;">冬日，午后，咖啡馆中</p><p style="text-align: center;">一杯温热的伯爵红茶</p><p style="text-align: center;">橙红透明的汤色中荡漾着佛手柑的甜香气韵</p><p style="text-align: center;">尽显英伦文化的时尚</p><p style="text-align: center;">何种爱恨情仇</p><p style="text-align: center;">商场拼杀</p><p style="text-align: center;">都在一缕馨香中袅袅而去</p><p style="text-align: center;">只剩下完整的自己</p><p style="text-align: center;">与心相对</p><p style="box-sizing: border-box; padding: 0px; margin-top: 0px; margin-bottom: 22.484375px; outline: none; table-layout: fixed; word-break: break-all; color: rgb(51, 51, 51); font-size: 1.4rem; font-weight: 600; font-family: &#39;Microsoft YaHei&#39;, SimSun, 宋体, sans-serif; text-align: center; white-space: normal;"><span style="box-sizing: border-box; padding: 0px; margin: 0px; outline: none; table-layout: fixed; word-break: break-all; font-size: 14px; font-family: 微软雅黑, &#39;Microsoft YaHei&#39;;"><img src="http://zhenghun.yicehua.cn/uploads/editor/image/2016-11-22/1479808164592672.png" title="1479808164592672.png" alt="blob.png" style="box-sizing: border-box; padding: 0px; margin: 0px auto; outline: none; table-layout: fixed; word-break: break-all; border: none; vertical-align: middle; width: 1124.40625px; height: auto;"/></span></p><p style="text-align: center;">这是茶的魅力</p><p style="text-align: center;">都市红尘中不可少的挚友</p><p style="text-align: center;">为什么这种英式红茶的名字叫做伯爵</p><p style="text-align: center;">它独特的口感又是怎样形成、并且传承百年的呢</p><p style="text-align: center;">红茶在传统上是西方知道的唯一的茶</p><p style="box-sizing: border-box; padding: 0px; margin-top: 0px; margin-bottom: 22.484375px; outline: none; table-layout: fixed; word-break: break-all; color: rgb(51, 51, 51); font-size: 1.4rem; font-weight: 600; font-family: &#39;Microsoft YaHei&#39;, SimSun, 宋体, sans-serif; text-align: center; white-space: normal;"><span style="box-sizing: border-box; padding: 0px; margin: 0px; outline: none; table-layout: fixed; word-break: break-all; font-size: 14px; font-family: 微软雅黑, &#39;Microsoft YaHei&#39;;"><img src="http://zhenghun.yicehua.cn/uploads/editor/image/2016-11-22/1479808211484465.png" title="1479808211484465.png" alt="blob.png" style="box-sizing: border-box; padding: 0px; margin: 0px auto; outline: none; table-layout: fixed; word-break: break-all; border: none; vertical-align: middle; width: 1124.40625px; height: auto;"/><br style="box-sizing: border-box; padding: 0px; margin: 0px; outline: none; table-layout: fixed; word-break: break-all;"/></span></p><p style="text-align: center;">时空穿越</p><p style="text-align: center;">200年前</p><p style="text-align: center;">传说是因为一次偶然</p><p style="text-align: center;">世界上有了红茶</p><p style="text-align: center;">武夷山桐木关自然保护区的深处</p><p style="text-align: center;">一种带有独特松烟香气的叫作正山小种的红茶</p><p style="text-align: center;">因此成为世界红茶的鼻祖</p><p style="text-align: center;">然而，谁会想到</p><p style="text-align: center;">大山深处的一杯茶</p><p style="text-align: center;">在后来</p><p style="text-align: center;">几乎撼动了整个世界</p><p style="text-align: center;">从1773年的美国独立战争到1840年的鸦片战争</p><p style="text-align: center;">都与它有着直接的关联</p><p style="text-align: center;">从正山小种到格雷伯爵</p><p style="text-align: center;">一场穿越时空的对话</p><p style="text-align: center;">站在红茶的来处坐品红茶</p><p style="text-align: center;">廿四节沏之立冬茶——红茶分享沙龙</p><p style="text-align: center;">与您一起细数伯爵由来、慢品红茶神韵、自在滋味人生</p><p style="box-sizing: border-box; padding: 0px; margin-top: 0px; margin-bottom: 22.484375px; outline: none; table-layout: fixed; word-break: break-all; color: rgb(51, 51, 51); font-size: 1.4rem; font-weight: 600; font-family: &#39;Microsoft YaHei&#39;, SimSun, 宋体, sans-serif; text-align: center; white-space: normal;"><span style="font-family: 微软雅黑, &#39;Microsoft YaHei&#39;;"><strong style="box-sizing: border-box; padding: 0px; margin: 0px; outline: none; table-layout: fixed; word-break: break-all;"><span style="font-family: 宋体; box-sizing: border-box; padding: 0px; margin: 0px; outline: none; table-layout: fixed; word-break: break-all; font-size: 16px;"></span></strong></span></p><p style="box-sizing: border-box; padding: 0px; margin-top: 0px; margin-bottom: 22.484375px; outline: none; table-layout: fixed; word-break: break-all; color: rgb(51, 51, 51); font-size: 1.4rem; font-weight: 600; font-family: &#39;Microsoft YaHei&#39;, SimSun, 宋体, sans-serif; text-align: center; white-space: normal;"><img src="http://zhenghun.yicehua.cn/uploads/editor/image/2016-11-22/1479807773591910.png" title="1479807773591910.png" alt="blob.png" style="box-sizing: border-box; padding: 0px; margin: 0px auto; outline: none; table-layout: fixed; word-break: break-all; border: none; vertical-align: middle; width: 1124.40625px; height: auto;"/></p><p style="box-sizing: border-box; padding: 0px; margin-top: 0px; margin-bottom: 22.484375px; outline: none; table-layout: fixed; word-break: break-all; color: rgb(51, 51, 51); font-size: 1.4rem; font-weight: 600; font-family: &#39;Microsoft YaHei&#39;, SimSun, 宋体, sans-serif; text-align: center; white-space: normal; line-height: 16px;"><span style="font-family: 微软雅黑, &#39;Microsoft YaHei&#39;;"><strong style="box-sizing: border-box; padding: 0px; margin: 0px; outline: none; table-layout: fixed; word-break: break-all;"><span style="font-family: 宋体; box-sizing: border-box; padding: 0px; margin: 0px; outline: none; table-layout: fixed; word-break: break-all; font-size: 16px;">课程内容设置：</span></strong></span></p><p style="box-sizing: border-box; padding: 0px; margin-top: 0px; margin-bottom: 22.484375px; outline: none; table-layout: fixed; word-break: break-all; color: rgb(51, 51, 51); font-size: 1.4rem; font-weight: 600; font-family: &#39;Microsoft YaHei&#39;, SimSun, 宋体, sans-serif; text-align: center; white-space: normal;"><span style="font-family: 微软雅黑, &#39;Microsoft YaHei&#39;;"><span style="font-family: 宋体; box-sizing: border-box; padding: 0px; margin: 0px; outline: none; table-layout: fixed; word-break: break-all; font-size: 16px;"></span><strong style="box-sizing: border-box; padding: 0px; margin: 0px; outline: none; table-layout: fixed; word-break: break-all; text-indent: 32px;"><span style="font-family: 宋体; box-sizing: border-box; padding: 0px; margin: 0px; outline: none; table-layout: fixed; word-break: break-all;">英式下午茶的文化与礼仪</span></strong></span></p><p style="box-sizing: border-box; padding: 0px; margin-top: 0px; margin-bottom: 22.484375px; outline: none; table-layout: fixed; word-break: break-all; color: rgb(51, 51, 51); font-size: 1.4rem; font-weight: 600; font-family: &#39;Microsoft YaHei&#39;, SimSun, 宋体, sans-serif; text-align: center; white-space: normal;"><span style="font-family: 微软雅黑, &#39;Microsoft YaHei&#39;;"><span style="font-family: 宋体; box-sizing: border-box; padding: 0px; margin: 0px; outline: none; table-layout: fixed; word-break: break-all; font-size: 14px;"></span><span style="font-family: 微软雅黑, &#39;Microsoft YaHei&#39;; box-sizing: border-box; padding: 0px; margin: 0px; outline: none; table-layout: fixed; word-break: break-all; font-size: 16px;">赏茶器：银制托盘骨瓷茶具</span></span></p><p style="box-sizing: border-box; padding: 0px; margin-top: 0px; margin-bottom: 22.484375px; outline: none; table-layout: fixed; word-break: break-all; color: rgb(51, 51, 51); font-size: 1.4rem; font-weight: 600; font-family: &#39;Microsoft YaHei&#39;, SimSun, 宋体, sans-serif; text-align: center; white-space: normal;"><span style="box-sizing: border-box; padding: 0px; margin: 0px; outline: none; table-layout: fixed; word-break: break-all; font-family: 微软雅黑, &#39;Microsoft YaHei&#39;; font-size: 16px;">点心 ：食用顺序司康饼咸味三明治巧克力水果果浆黄油</span></p><p style="box-sizing: border-box; padding: 0px; margin-top: 0px; margin-bottom: 22.484375px; outline: none; table-layout: fixed; word-break: break-all; color: rgb(51, 51, 51); font-size: 1.4rem; font-weight: 600; font-family: &#39;Microsoft YaHei&#39;, SimSun, 宋体, sans-serif; text-align: center; white-space: normal;"><span style="box-sizing: border-box; padding: 0px; margin: 0px; outline: none; table-layout: fixed; word-break: break-all; font-family: 微软雅黑, &#39;Microsoft YaHei&#39;; font-size: 16px;">品茶：格雷伯爵茶正山小种大吉岭茶阿萨姆奶茶水果红茶柠檬</span></p><p style="box-sizing: border-box; padding: 0px; margin-top: 0px; margin-bottom: 22.484375px; outline: none; table-layout: fixed; word-break: break-all; color: rgb(51, 51, 51); font-size: 1.4rem; font-weight: 600; font-family: &#39;Microsoft YaHei&#39;, SimSun, 宋体, sans-serif; text-align: center; white-space: normal;"><span style="box-sizing: border-box; padding: 0px; margin: 0px; outline: none; table-layout: fixed; word-break: break-all; font-family: 微软雅黑, &#39;Microsoft YaHei&#39;; font-size: 16px;">伯爵茶的由来做个悬念，先看看红茶是怎么来的。（品饮格雷伯爵）</span></p><p style="box-sizing: border-box; padding: 0px; margin-top: 0px; margin-bottom: 22.484375px; outline: none; table-layout: fixed; word-break: break-all; color: rgb(51, 51, 51); font-size: 1.4rem; font-weight: 600; font-family: &#39;Microsoft YaHei&#39;, SimSun, 宋体, sans-serif; text-align: center; white-space: normal;"><span style="box-sizing: border-box; padding: 0px; margin: 0px; outline: none; table-layout: fixed; word-break: break-all; font-family: 微软雅黑, &#39;Microsoft YaHei&#39;; text-indent: 32px;"><strong style="box-sizing: border-box; padding: 0px; margin: 0px; outline: none; table-layout: fixed; word-break: break-all;">红茶溯源</strong></span></p><p style="box-sizing: border-box; padding: 0px; margin-top: 0px; margin-bottom: 22.484375px; outline: none; table-layout: fixed; word-break: break-all; color: rgb(51, 51, 51); font-size: 1.4rem; font-weight: 600; font-family: &#39;Microsoft YaHei&#39;, SimSun, 宋体, sans-serif; text-align: center; white-space: normal; text-indent: 32px;"><span style="box-sizing: border-box; padding: 0px; margin: 0px; outline: none; table-layout: fixed; word-break: break-all; font-family: 微软雅黑, &#39;Microsoft YaHei&#39;; font-size: 16px;">介绍中国茶叶是如何传入英国，又从中国移植到印度，（品饮正山小种）</span></p><p style="box-sizing: border-box; padding: 0px; margin-top: 0px; margin-bottom: 22.484375px; outline: none; table-layout: fixed; word-break: break-all; color: rgb(51, 51, 51); font-size: 1.4rem; font-weight: 600; font-family: &#39;Microsoft YaHei&#39;, SimSun, 宋体, sans-serif; text-align: center; white-space: normal; text-indent: 32px;"><span style="box-sizing: border-box; padding: 0px; margin: 0px; outline: none; table-layout: fixed; word-break: break-all; font-family: 微软雅黑, &#39;Microsoft YaHei&#39;;"><strong style="box-sizing: border-box; padding: 0px; margin: 0px; outline: none; table-layout: fixed; word-break: break-all;">世界四大高香茶</strong></span></p><p style="box-sizing: border-box; padding: 0px; margin-top: 0px; margin-bottom: 22.484375px; outline: none; table-layout: fixed; word-break: break-all; color: rgb(51, 51, 51); font-size: 1.4rem; font-weight: 600; font-family: &#39;Microsoft YaHei&#39;, SimSun, 宋体, sans-serif; text-align: center; white-space: normal; text-indent: 32px;"><span style="box-sizing: border-box; padding: 0px; margin: 0px; outline: none; table-layout: fixed; word-break: break-all; font-family: 微软雅黑, &#39;Microsoft YaHei&#39;; font-size: 16px;">是哪四大？分别的历史传承（品饮阿萨姆茶奶茶）</span></p><p style="box-sizing: border-box; padding: 0px; margin-top: 0px; margin-bottom: 22.484375px; outline: none; table-layout: fixed; word-break: break-all; color: rgb(51, 51, 51); font-size: 1.4rem; font-weight: 600; font-family: &#39;Microsoft YaHei&#39;, SimSun, 宋体, sans-serif; text-align: center; white-space: normal; text-indent: 32px;"><span style="box-sizing: border-box; padding: 0px; margin: 0px; outline: none; table-layout: fixed; word-break: break-all; font-family: 微软雅黑, &#39;Microsoft YaHei&#39;; font-size: 16px;"></span></p><p style="box-sizing: border-box; padding: 0px; margin-top: 0px; margin-bottom: 22.484375px; outline: none; table-layout: fixed; word-break: break-all; color: rgb(51, 51, 51); font-size: 1.4rem; font-weight: 600; font-family: &#39;Microsoft YaHei&#39;, SimSun, 宋体, sans-serif; text-align: center; white-space: normal; text-indent: 32px;"><span style="font-family: 微软雅黑, &#39;Microsoft YaHei&#39;;"><strong style="box-sizing: border-box; padding: 0px; margin: 0px; outline: none; table-layout: fixed; word-break: break-all;"><span style="font-family: 微软雅黑, &#39;Microsoft YaHei&#39;; box-sizing: border-box; padding: 0px; margin: 0px; outline: none; table-layout: fixed; word-break: break-all; font-size: 16px;">关于调饮</span></strong><span style="font-family: 宋体; box-sizing: border-box; padding: 0px; margin: 0px; outline: none; table-layout: fixed; word-break: break-all; font-size: 16px;"></span></span></p><hr/><p style="box-sizing: border-box; padding: 0px; margin-top: 0px; margin-bottom: 22.484375px; outline: none; table-layout: fixed; word-break: break-all; color: rgb(51, 51, 51); font-size: 1.4rem; font-weight: 600; font-family: &#39;Microsoft YaHei&#39;, SimSun, 宋体, sans-serif; white-space: normal; text-indent: 32px; text-align: center;">广告</p><p style="box-sizing: border-box; padding: 0px; margin-top: 0px; margin-bottom: 22.484375px; outline: none; table-layout: fixed; word-break: break-all; color: rgb(51, 51, 51); font-size: 1.4rem; font-weight: 600; font-family: &#39;Microsoft YaHei&#39;, SimSun, 宋体, sans-serif; white-space: normal; text-indent: 32px;"><img src="/uploads/editor/image/2016-11-27/1480227997370285.jpeg" title="1480227997370285.jpeg" alt="WechatIMG128.jpeg"/></p><p style="box-sizing: border-box; padding: 0px; margin-top: 0px; margin-bottom: 22.484375px; outline: none; table-layout: fixed; word-break: break-all; color: rgb(51, 51, 51); font-size: 1.4rem; font-weight: 600; font-family: &#39;Microsoft YaHei&#39;, SimSun, 宋体, sans-serif; white-space: normal; text-indent: 32px;"><a href="https://weidian.com/item.html?itemID=1998622915&wfr=wx&share_id=176235523&code=041Y8zpP1kMSW51Q5NrP1QbvpP1Y8zps&state=H5WXshare" target="_self" title="点击即可购买直播的红茶：">点击即可购买直播的红茶：</a><br/></p><p style="box-sizing: border-box; padding: 0px; margin-top: 0px; margin-bottom: 22.484375px; outline: none; table-layout: fixed; word-break: break-all; color: rgb(51, 51, 51); font-size: 1.4rem; font-weight: 600; font-family: &#39;Microsoft YaHei&#39;, SimSun, 宋体, sans-serif; white-space: normal; text-indent: 32px;"><img src="/uploads/editor/image/2016-11-27/1480228006828558.jpeg" title="1480228006828558.jpeg" alt="WechatIMG125.jpeg"/></p><p style="box-sizing: border-box; padding: 0px; margin-top: 0px; margin-bottom: 22.484375px; outline: none; table-layout: fixed; word-break: break-all; color: rgb(51, 51, 51); font-size: 1.4rem; font-weight: 600; font-family: &#39;Microsoft YaHei&#39;, SimSun, 宋体, sans-serif; white-space: normal; text-indent: 32px;"><a href="http://ent.ynet.com/3.1/1603/28/11097896_2.html" target="_self" title="2016西装先生Mens尚品北京区落幕 十八型男惹人关注">2016西装先生Mens尚品北京区落幕 十八型男惹人关注</a><br/></p><p style="box-sizing: border-box; padding: 0px; margin-top: 0px; margin-bottom: 22.484375px; outline: none; table-layout: fixed; word-break: break-all; color: rgb(51, 51, 51); font-size: 1.4rem; font-weight: 600; font-family: &#39;Microsoft YaHei&#39;, SimSun, 宋体, sans-serif; white-space: normal; text-indent: 32px;"><a href="http://economy.gmw.cn/2015-05/13/content_15651143.htm" target="_self" title="火力全开！MEN’S尚品男士品质形象雕塑全面启动">火力全开！MEN’S尚品男士品质形象雕塑全面启动</a><br/></p><p style="box-sizing: border-box; padding: 0px; margin-top: 0px; margin-bottom: 22.484375px; outline: none; table-layout: fixed; word-break: break-all; color: rgb(51, 51, 51); font-size: 1.4rem; font-weight: 600; font-family: &#39;Microsoft YaHei&#39;, SimSun, 宋体, sans-serif; white-space: normal; text-indent: 32px;"><a href="http://www.takefoto.cn/viewnews-398834.html" target="_self" title="潮流来袭，定制品牌西装先生Mens尚品入驻北京">潮流来袭，定制品牌西装先生Mens尚品入驻北京</a><br/></p>', 13, 1, 0, 1, 1, 1, 1, NULL, 'http://gotozb.yicehua.cn/goto/24cha.m3u8', NULL),
(19, 3, 'goto', 'zhanglao', 1480312800, '文创农业长老会', '', '东三环', '北京', NULL, '0', '/uploads/2016/11/28/583bd256e2a69.jpg', 24, 0, '<p>&nbsp;文创农业长老会简介</p><p><br/></p><p>在中国</p><p>未来农业一二三产联动，</p><p>文创农业长老会将成为一颗影响格局与发展的棋子</p><p><br/></p><p>中国孩子的全维素质教育，</p><p>文创农业长老会的模式将让千万家庭受益匪浅</p><p><img src="/uploads/editor/image/2016-11-28/1480315104330530.jpg" title="1480315104330530.jpg" alt="mmexport1479519038732.jpg"/></p><p>中国都市休闲旅游产业的催化与升级，</p><p>文创农业长老会将提供永续的能量与动力</p><p><br/></p><p>你看：<br/></p><p>农业、教育、旅游，</p><p>国家产业政策未来发展趋势的三大领域，</p><p>文创农业长老会都将在其中！</p><p><img src="/uploads/editor/image/2016-11-28/1480315322542907.jpg" title="1480315322542907.jpg" alt="1480315154992.jpg"/></p><p>社会的发展</p><p>使命的召唤</p><p>文创农业长老会将致力于</p><p>“一个新农场，</p><p>一个户外课堂，</p><p>一座新文化小镇”</p><p>成就中国新农场共享产业运营的发展样板。</p><p><img src="/uploads/editor/image/2016-11-28/1480315342518377.jpg" title="1480315342518377.jpg" alt="1480315275351.jpg"/></p><p>文创农业长老会，中国新农场共享产业运营商，中国儿童农业见学第一品牌。公司业务涉及青少年劳动教育、都市休闲农场运营、农场服务联盟和农业一二三产业服务四大版块，我们以“儿童成长、家庭幸福、经济发展”为宗旨，致力于在特色文化小镇、农业现代化、教育素质化之间寻找到一条融合发展之路，实现“幸福农场”之理想。</p>', 1, 1, 99, 1, 1, 1, 1, NULL, 'http://gotozb.yicehua.cn/goto/zhanglao.m3u8', NULL);

-- --------------------------------------------------------

--
-- 表的结构 `hl_wuser`
--

CREATE TABLE `hl_wuser` (
  `wid` int(11) NOT NULL,
  `openid` char(35) NOT NULL DEFAULT '',
  `nick` char(15) NOT NULL DEFAULT '',
  `logtime` int(10) UNSIGNED NOT NULL DEFAULT '0',
  `phone` char(13) NOT NULL DEFAULT '',
  `headimg` varchar(250) NOT NULL DEFAULT ' ',
  `gender` tinyint(1) NOT NULL COMMENT '性别',
  `qq` char(15) CHARACTER SET utf8mb4 NOT NULL COMMENT 'QQ号',
  `path` varchar(255) NOT NULL COMMENT '地址'
) ENGINE=MyISAM DEFAULT CHARSET=utf8;

--
-- 转存表中的数据 `hl_wuser`
--

INSERT INTO `hl_wuser` (`wid`, `openid`, `nick`, `logtime`, `phone`, `headimg`, `gender`, `qq`, `path`) VALUES
(1, 'o5Jkwv5mg2l_7DOb2E58-xeO60O0', '黑猫', 1479200289, '', 'http://wx.qlogo.cn/mmopen/icxFL5aarYWLhBDXibp06nGMn2jjQqI2uY3Q8X22n5dicept7WaQNZrAnicH3RwDmraG4P0aM5v1jfiavaMMlniaugLIiaQexr7tFRc/0', 2, '', '天津'),
(2, 'o5Jkwv607U62sgd2wSogEOI8guNQ', '时斌111', 1479205022, '', 'http://wx.qlogo.cn/mmopen/Ujy4Tpow7guiawbWbImtBDVUlc99SiafmibvzO2x2JwxtG8CkNfG521O7hJ8ibrY8AeeCyoogIWdavTF9YTUWY4EsjZfrnPd2m6M/0', 0, '', ''),
(3, 'o5Jkwv3Qnh-VA8cINWyLtWvhlMBE', '张飛（策划农场、直播、婚礼）', 1479205807, '', 'http://wx.qlogo.cn/mmopen/ajNVdqHZLLBjt7bVYmvcmlkWkOk5crJF8q8YTRNoA9EgKfMIsjLNgicaXWm6OUicZcF8S2MxbcNnsAFK94kI5QeQ/0', 1, '', '北京'),
(4, 'o5JkwvwR5gOoxykC193G-SyoBI50', '单车我的初恋小情人', 1479207797, '', 'http://wx.qlogo.cn/mmopen/0pygn8iaZdEcs996BfzAYMFjHaXoDlUrgBTYxue7Ax1o6uibmVoEV0Pb8cctWMMVXu41icEdbHjyEYO0QsprHMwcFjKicBcqSuqr/0', 1, '', '北京'),
(5, 'o5Jkwv1iF3Tq82sHmxFCezZc5ct4', '意乱乱。', 1479214607, '', 'http://wx.qlogo.cn/mmopen/icxFL5aarYWL9hg7Xjmxv2eB5bsuIgYXaMYtLu85SQ7utHhvjhJINwwhiarbhvnzBUrfRu7MibToYuqpMgbOfezcwibGY4R21V2F/0', 1, '', '北京'),
(6, 'o5JkwvwMCs7pM8iWnGC7lKiTUWc8', '房建伟(活动，婚礼直播)', 1479216030, '', 'http://wx.qlogo.cn/mmopen/ajNVdqHZLLCSn5OsmJGia26lKypow58h2dchuc324Gzw9nqA9tOgmOpTcoGRyhqBPENnFtq6vPY2Gx1Njqia6Z1g/0', 1, '', '天津'),
(7, 'o5JkwvzgIbkwXeJx7dAY-u4esNN8', '玉龙_Leon', 1479271217, '', 'http://wx.qlogo.cn/mmopen/whUJfy7DZTiciaUBk6NCDjEjbGUPrJIQq3Jzu8QxUYT33CJnk7j51Z6IdP8tvlSMNEPXbuYnsicLr0MpV7icpXxpUqQ8pSeJ9bKe/0', 1, '', '北京'),
(8, 'o5Jkwv9sEPNkgGZR_b458x34sRoM', '林晓迪', 1479271429, '', 'http://wx.qlogo.cn/mmopen/0pygn8iaZdEcs996BfzAYMGDJ5Y8a9dibWZUaibfNyTeRKjpwzu0I8D5ByNSnUbZPEzmj0ibicQA87yQIa1tkAjM7Qg2nTObZpvIu/0', 1, '', '北京'),
(9, 'o5Jkwv32vWsBNbofngAE61dfkMuw', '一只耳', 1479272084, '', 'http://wx.qlogo.cn/mmopen/whUJfy7DZTiciaUBk6NCDjEjkHR8WY500vh6uSesBnJYCE5yrllfv7xwzdmQSap5IIkJ8BEhiaTbKZjU3UMlUdJmxVxKPGP4gqh/0', 2, '', '北京'),
(10, 'o5Jkwv7LFS5WPjHgkYd-wgKu1ITQ', '世界很大，我想出去看看', 1479272117, '', 'http://wx.qlogo.cn/mmopen/0pygn8iaZdEcs996BfzAYMDYVCFvoYk8bTx4OEDPgBicfRpXFQF83PxxoyKv5qPjK8JG0juZNu28zxDq78hVjITa4hGe8vFuu0/0', 1, '', '北京'),
(11, 'o5Jkwv88jRNNd5FF-32LbI8ySSoE', '罗姐寨书院', 1479272535, '', 'http://wx.qlogo.cn/mmopen/ajNVdqHZLLCYLEBsDE2YWxTgibbGoIFPWCz2tAicfBIuCl9zrQsHpzhwsqFG1wwzRkYR8btozibj1Z06DmdEaZ2jw/0', 1, '', '北京'),
(12, 'o5JkwvyLqnKgctHf0Tx1jqHBpuoA', '麦兜', 1479274427, '', 'http://wx.qlogo.cn/mmopen/whUJfy7DZTiciaUBk6NCDjEjLmD9m7iaz7pBtLwFsgG1jCe2A2VmrAhA0lWAgbkWF5ia5HXXbXFh8NnKf7yKy8sTohHKg1tup0CN/0', 2, '', '北京'),
(13, 'o5Jkwv8oYUEcojpLwBfTk7-nmnZE', '林涛 多肉艺术农场 绘画设计与', 1479274468, '', 'http://wx.qlogo.cn/mmopen/whUJfy7DZTibsj1PZ3I32dDJHw6E7aqshSPoHTl47VBlZHRFurbH0Fw8mf8G1VMibkwzUBWibEciathZ66KYkezWwQ/0', 1, '', '北京'),
(14, 'o5Jkwv67lv72MlMP7LOisFAoFSsg', '李檀', 1479277896, '', 'http://wx.qlogo.cn/mmopen/C9icBVXIS1HdoBvUXxevs1Mj22jo7GuMGwwI4B1bBXaviajD6ib4rJtyiarDppCTDjMc43iaeymzeJF2R3hagSqpxcnSokB8eticul/0', 2, '', '北京'),
(15, 'o5Jkwv-95oEHSm91XiE65EfPJ50o', '袁博', 1479279557, '', 'http://wx.qlogo.cn/mmopen/kGhHMicKKJS2oEbG7sTCMROqSvkQ2Z6QHGXdEq4eceS3oEWK8D26fBaqy9KLHdjquwGOmadvf3XdciatImQaHrjExzicxOM3uEu/0', 2, '', '北京'),
(16, 'o5Jkwv03DIn0bczVIpaUNwW4f0LY', '乐天', 1479287829, '', 'http://wx.qlogo.cn/mmopen/kGhHMicKKJS2oEbG7sTCMRBMdibounB9Lqe6ibwVuXmlUYnEmPC91tib7LZV4KOSoGicRpbsdq3cSxMRVxfJYxBu9Fa8aj4YyubW2/0', 1, '', '北京'),
(17, 'o5Jkwv3gyFLlcte_F6cKeESwfijI', '小靳', 1479288854, '', 'http://wx.qlogo.cn/mmopen/kGhHMicKKJS1t32vVFSfFXR3BE2icwF5OSe9u3KDHLNEYOibw0Wa72lnka6te5QSp6icurJJ5RZsVKVmECVNepEmicn96lLscSXFR/0', 1, '', ''),
(18, 'o5Jkwv3HHuTy4FpeYVW_dXbqU0cY', '惠心', 1479308031, '', 'http://wx.qlogo.cn/mmopen/whUJfy7DZTiciaUBk6NCDjEhddtWTBWb6fOFoHeURBg7I7sRMFXeyUcrJtrrDIsm0A5JXe1RTyT0ExJ9xXXRNbqhDqg1tl9wvU/0', 0, '', '北京'),
(19, 'o5Jkwv3Pe-Sr_40PdtNGst_LRAOM', '智远    主持', 1479352732, '', 'http://wx.qlogo.cn/mmopen/0pygn8iaZdEcs996BfzAYMGRXxdPpq2I3D9tIJrC4J5VhSUaomxHlrbrMtDLaEX0ibAkwS5hUE0ncgibDamVQKjiahLgFeFKUyoz/0', 1, '', '北京'),
(20, 'o5JkwvyiPtbA4ZXpbNpCqNuyEUd0', '冬冬', 1479360786, '', 'http://wx.qlogo.cn/mmopen/kGhHMicKKJS1KtxPan2pUqiaTEsqVic2iat2OVjcRh7pPibOrMuXXu7qnW95JSaulXoWtLWIVe7n1StxEIoKZ3IHPMQqoeoRWsf6B/0', 1, '', '河南'),
(21, 'o5Jkwv6dkyRrvCTBXnIiREJ2lYoY', '四月', 1479360832, '', 'http://wx.qlogo.cn/mmopen/PiajxSqBRaEIk6c3Y9xia1an6FV6pRQ5xnJCvHD3Lib2FNh3olmnr0V1bTJGhUyJIKtP9PEFNiaWYhphYt6zWmoZOg/0', 2, '', '湖北'),
(22, 'o5JkwvwPjWYLDb_1-5ghAktwnKIs', 'A', 1479360930, '', 'http://wx.qlogo.cn/mmopen/whUJfy7DZTicyZ30uibibWMBQ9tBZ72MIMbrOVvusKIOpd7MiaKiaFBPmL4fxib1pPVibKKUkcWeZr07286ibkGgt1kJN2ASiccv6t9Lh/0', 1, '', ''),
(23, 'o5Jkwvx-TEQtRUtg2XqmZD1DIF2Y', '电商时代', 1479361096, '', 'http://wx.qlogo.cn/mmopen/kGhHMicKKJS2oEbG7sTCMRFHwD7DRv1DXkwZ52XSmUvUPtcTwd4OLrJgxCMP3P2NwpZCBmkZy6HhXfh2L4GRia7QanU250Rmdl/0', 1, '', '广东'),
(24, 'o5JkwvxTvUVZPhekxOKlDxbHXgNY', '秦', 1479361254, '', 'http://wx.qlogo.cn/mmopen/whUJfy7DZT92N4csibILicgJqYu7RpibOswXDicYoN38D4d6mnyTskFQmmTVtflk6h7KlDRUTqw0SlIibvdp0b2pzww5Th2sRwmfm/0', 2, '', '江西'),
(25, 'o5Jkwv7EHx3M_S8vBEgHUlB71cAw', '王晓庆', 1479361629, '', 'http://wx.qlogo.cn/mmopen/PiajxSqBRaEJKDFj86Jqfk6xztgMymhHQoVoLTBbv5t7wAicpJiadEsiaz11wEnScfv50HOnXCBer0RjMibj6bfKCxg/0', 1, '', '北京'),
(26, 'o5JkwvywdfgPZBVnqnQ5k6cQASKw', 'Markie林°RDUZOOM', 1479361917, '', 'http://wx.qlogo.cn/mmopen/whUJfy7DZT9uSiaicACjrpTloj83Mov2qHsD5OQoMCmaGWPNFKV6hVHAFCagjKlxlPZMAczv0KcdV7WEibbt1XP8h9dOl4ic7ZPc/0', 1, '', ''),
(27, 'o5Jkwv-XbUK32DzM8ijrCRqtF5K0', '小先生', 1479362493, '', 'http://wx.qlogo.cn/mmopen/kGhHMicKKJS3bso044kLwoKJ1Y2hVqSQiaibCpqiaPEcPPJ8ibd1ny7mhzND7eHfAB2UFCoh3ia9aic7CHawMqEhSav1rawb7zw3P9I/0', 1, '', ''),
(28, 'o5Jkwv05zCOCDoLtc5XCdX1OlNWE', 'pantheon张震', 1479362716, '', 'http://wx.qlogo.cn/mmopen/kGhHMicKKJS2oEbG7sTCMRNwicy7NqCHK1JoJabWIMbuJfwXe3CpJ5WR8kPOe0O8PnVRoics7vv4t5B1aW2OA8JIcZMfO5iaj7tJ/0', 1, '', '北京'),
(29, 'o5Jkwv_0tMpOClmZKY0019-83PG8', '羊可牛', 1479362788, '', 'http://wx.qlogo.cn/mmopen/ajNVdqHZLLDSIgIr4uIfDXBWQRkvIVWSZIQcF0jYdVw65v3fh7Rmcg8GwiaOy9ZxZzBfFXmDodDvxQLgO4h6giag/0', 1, '', '天津'),
(30, 'o5Jkwv-kag-UAcsE4yh59Baumk4M', '池凤杰～科技园～园艺', 1479362795, '', 'http://wx.qlogo.cn/mmopen/whUJfy7DZTiciaUBk6NCDjEpz0oicEa1qX2qsGCy0GU9YKhRvo2ESj9VVuA7rpqU0yRRd5u4rN2ttx9qheBg9VoVvWvlofMW2vn/0', 2, '', '北京'),
(31, 'o5Jkwv6DvfRlQtBJRzxJyqbPhwOM', '苗', 1479362809, '', 'http://wx.qlogo.cn/mmopen/icxFL5aarYWJsj9ibTEt6d4vh48VHviaFqloVOLGdq5hzXOwLnAIuBCUCTZ1JiatZCbibIJyc62cXCvn0aNfsJlIacfOKsKlthYwa/0', 2, '', '湖北'),
(32, 'o5Jkwv8JhV73BIwOatwEAlP1oN2o', '萌面女超人°', 1479362826, '', 'http://wx.qlogo.cn/mmopen/0pygn8iaZdEe3umjrqibZ5dCDUJPdzbLiaylUCs6RMicEqqTABMp4vPia3JrMNPM3J8ckZD98hOXiax6uJkFbI9BqMHg/0', 2, '', '新疆'),
(33, 'o5JkwvzmCWexAfNpHilZf6J3blag', '蘇', 1479362932, '', 'http://wx.qlogo.cn/mmopen/whUJfy7DZTiciaUBk6NCDjEvFiaUpxoMESDoeHSiaszWZqZ4As0F60P59mXeDD3lExkuSAQ8ESxMhX8kr2HP5FYAm49p2kgMS9hI/0', 1, '', '北京'),
(34, 'o5Jkwv1YkgzMZRrGWR11a3Ayjvz0', '、卓爵爷。', 1479363109, '', 'http://wx.qlogo.cn/mmopen/icxFL5aarYWLmlGibwnKu3NRciarI1VNdN01humVVfhNr3T2yNzoSmvjSjNBoyU8IZyictibG0dCMykQ0tNWWLawhBx67M42GFJjb/0', 1, '', '北京'),
(35, 'o5Jkwvxw2ypj08Eu_nODqkwS0XJs', 'Alex', 1479363156, '', 'http://wx.qlogo.cn/mmopen/whUJfy7DZTicd5mkPeVegO4pCeLMQpYMYQRC8s23ZicChyOpcJCn6MsI37xjAELO4iakkdoOKWLdqoQ6tpNBc9NT4MzSs4ncdJL/0', 1, '', ''),
(36, 'o5Jkwv4pAL3W92EQEZRbLtxAxG8w', '王佳霖Hebbe', 1479363469, '', 'http://wx.qlogo.cn/mmopen/kGhHMicKKJS1w0T7OR6vATCMibySa1mibDBOYwjXBGJIib0Xz4froCneDoEx6s5wG6xDJpKjlvhfmqd5VaQoYa8CV5UYcoDgv5yB/0', 2, '', '湖北'),
(37, 'o5Jkwv-0gCgzYZn-_pewh6kL10rM', '赵航', 1479363613, '', 'http://wx.qlogo.cn/mmopen/PiajxSqBRaEJx1q2e5AVjS1k8wAhmVFvZSibics8Hbkn7et3l7k87qV0icXRKxtNhQDIlzPhR7YhgIiaMKkxZQoX0jA/0', 2, '', '北京'),
(38, 'o5Jkwv0zEeSu556CIo1HL09izR7g', '晓晓', 1479364603, '', 'http://wx.qlogo.cn/mmopen/kGhHMicKKJS2oEbG7sTCMRJ5X1EcrjajDLbmDLC2sGfY32McbZTqNbFXN95APG4orlAsmxzqUic6uCMMzwdjfmw2NviaD56wYzB/0', 1, '', '北京'),
(39, 'o5Jkwv57sVPuVX1_VDQNBB9kQYiE', '牛雷', 1479364646, '', 'http://wx.qlogo.cn/mmopen/icxFL5aarYWL9hg7Xjmxv2Zv6QqfUFib9hWzFBMUlITvKPXug75jPlcLfokOFQVTRy5hagrxiaf5BZCyvRlyMfy5XvCSIV1dw6c/0', 1, '', '黑龙江'),
(40, 'o5Jkwv9emnYTbK3zVB2qss61EovE', '菲菲妈の童袜坊', 1479364737, '', 'http://wx.qlogo.cn/mmopen/0pygn8iaZdEfIxd0kgc3k3w0SD5qRTt5QAsnqWv0eLIjKg9otR1jcneFUhib8H5KWcEl13k6FBwzKrBruu8OOtHw/0', 2, '', '天津'),
(41, 'o5Jkwv23G0CHccVSudLej67V3hKg', '候朋光', 1479365201, '', 'http://wx.qlogo.cn/mmopen/Q3auHgzwzM6h38PbVhJNloNK9RicyO3wInVVzCB6dKcJROH1atdiaHsvK8TWGgOIsXlX4FELZIvIzkEM961mklMwnSgPjHkHbn9go4ywJyNeo/0', 1, '', '河北'),
(42, 'o5Jkwv0w4nzhs1OpjJLrKOTB_md4', '理想三旬i', 1479365292, '', 'http://wx.qlogo.cn/mmopen/kGhHMicKKJS2oEbG7sTCMROficoNm2bVqheG8d5wHTC6RIr6rZ9uz8XqcfJpFY5lsBXXVx87tzicztMLhfIT7qRChAVXsqRtPv8/0', 2, '', '北京'),
(43, 'o5Jkwv_uCbQC0boVjP53vzVKe8wE', '盛开在今天', 1479365627, '', 'http://wx.qlogo.cn/mmopen/icxFL5aarYWLr3tSicmSWA9hBDD4NMfRe9lQcfA9jSzFI3XzMfJ0RRTLQ6qQXpP6eWV0sr4N48YchKQIXBicoc8EA/0', 1, '', '北京'),
(44, 'o5Jkwv8yr4_i1GtN0BpHvsUSSD2k', '刘刚', 1479366497, '', 'http://wx.qlogo.cn/mmopen/0pygn8iaZdEcNXFwzh9v1lBf6cUOCDfXyeeJlaXlZkJhrd54o6V37jvEUEldOE2yNXgnKIU9tvc0v1jQw7OVC2w/0', 1, '', '北京'),
(45, 'o5Jkwv3ZT7owB8pfX5GlckaNN3P8', '园', 1479367093, '', 'http://wx.qlogo.cn/mmopen/whUJfy7DZTiciaUBk6NCDjEuO4LyeS0BXM3qjAmAcP2sNRwhUUnAVDgCticJ0ugUBRuVMLpggSImialcTrDjVwpvicLQs9vchoE8Y/0', 2, '', '北京'),
(46, 'o5Jkwv7MH1LGGwwXKUKFphA7YsSg', '咏梅 中国农大富通公司', 1479367170, '', 'http://wx.qlogo.cn/mmopen/kGhHMicKKJS2oEbG7sTCMRCyLDlcQOdkxBXr8ibDjzH1q7O5eDL6hDgbqyo33lTjOs2JAUVEs2EtqGBicatHhPNiajLbsFeCoFr1/0', 2, '', '北京'),
(47, 'o5JkwvxbHMw4ypE1xkgXTGpdtvKk', '不要叫我卡夫卡', 1479367949, '', 'http://wx.qlogo.cn/mmopen/whUJfy7DZTiciaUBk6NCDjEsIu7PZxBVy04RP8GO1UsUkZPgvYib69Az40T7EzkbGYACTTYYhwUWPYLnTh9micic8AKMGGNcCic328/0', 1, '', ''),
(48, 'o5Jkwvy90n9ZD6uAugHt6egPNxdU', 'asd', 1479368194, '', 'http://wx.qlogo.cn/mmopen/0pygn8iaZdEcs996BfzAYMIhlb0S6pe9eD1PBvZ7tT2w1Xo8WjzYh3hBpITGyic1Vic4fVN4rjhuZiaw9fYM6UxeEwKTcNRhTSAV/0', 2, '', ''),
(49, 'o5Jkwv3Brfzb-3oYd-Q_oBoXWPJA', '梓淞妈', 1479368407, '', 'http://wx.qlogo.cn/mmopen/0pygn8iaZdEdKsqazxOQ3JkjsYia82fgS0VXmSHE638YxGW6ma9PyOYiauaRsNsOKYDH3LSV32PJeECyib7DV2ticKQ/0', 2, '', '天津'),
(50, 'o5Jkwv4vnv13zQXVDd5eHtVapjB0', 'Aquarius', 1479368946, '', 'http://wx.qlogo.cn/mmopen/Q3auHgzwzM67m10dyEOydTQsH5BALv5kL2jjWpV1wibtHhWWoY4clWv75rlCeyxfGVBGj752W1fGhL6oDdexBlw/0', 1, '', '北京'),
(51, 'o5Jkwv35gvK4rvButCDFYo6JNn-E', '心静家昌', 1479369151, '', 'http://wx.qlogo.cn/mmopen/0pygn8iaZdEeQC1SToxWEibymomDFRn1mZ58Fo0XmE7v2TKhmnnBdkiaTnYNch2zpbAPFE5fSiaO2lrEwKDWY9bKsl9ZfChPsu1J/0', 1, '', '江苏'),
(52, 'o5Jkwv1uU6H-JeI34HKeB7XWxj50', '魏杰', 1479369401, '', 'http://wx.qlogo.cn/mmopen/0pygn8iaZdEcs996BfzAYMOZMHicb6cFG7pfxvA7qLdS584H7VBf1xdvWlJnyul8os99RveSnPBDML6pq1UiaQslov3KvYShO84/0', 1, '', '河南'),
(53, 'o5Jkwv2GOpd_C6XzrN_As1wWlyL4', '平安', 1479377142, '', 'http://wx.qlogo.cn/mmopen/kGhHMicKKJS2oEbG7sTCMRDt3ro3bxnnAVPnhMuuds7Ej90YAxTP9Qry9geooWiahndvX8ECpJIy2vj9KXrCDfY1LI6icfg0ANx/0', 2, '', '黑龙江'),
(54, 'o5Jkwv_IkDJNsoOpA5RD0P9E10AA', 'AAA爱喜缘婚礼婚纱会馆', 1479377687, '', 'http://wx.qlogo.cn/mmopen/ajNVdqHZLLA8pEztwtjRHp6ia8UHnZInJxNQJnib7NrvRbbGljFmJHpfoEeX4jXmBHiaSsZwta0BEI5Keb3a62ia0w/0', 1, '', '天津'),
(55, 'o5Jkwvzt1LUWU8cbAaZt-Y3ng8qI', '辉辉', 1479378387, '', 'http://wx.qlogo.cn/mmopen/PiajxSqBRaEISBkDFNcLoTEicTMic6QPGkac26hRJg0SEVZb9iakibPeFUQoNibFKSpPmIZ6CmW8B3T5oOzwwCXPno8g/0', 2, '', '北京'),
(56, 'o5Jkwvx7Omx2iP9ze4uwBNeGJnWE', '肖娟-东篱进口茶', 1479382168, '', 'http://wx.qlogo.cn/mmopen/icxFL5aarYWL9hg7Xjmxv2dpiaqqwLAFGvmKE6WJIMabmZiblauQReNOd2zTtopKeXcJQ5Awj5XbMPBbktONlIicR2xXmvb0FzLM/0', 2, '', '北京'),
(57, 'o5Jkwv5SZ8I5NgkvM52jU_C6DARk', '绎迦', 1479382216, '', 'http://wx.qlogo.cn/mmopen/ajNVdqHZLLCUZ1eiauhvpN8zLvwKfHbNYONPdmMzTIicIQsG9Z1D5qZ90QOSHbVVvQ8HwicMHJwZu2nArgpqdoesg/0', 2, '', '北京'),
(58, 'o5Jkwv-s80cRKkV_hSH7JAnU5xAA', '定谦', 1479389880, '', 'http://wx.qlogo.cn/mmopen/0pygn8iaZdEcs996BfzAYMMwCJsatr74on8lkia8gYTybl7loROZ9dEr6941fvZLf0MWrgM3Kx58dJicDEbSM4GMUSpERYKPygO/0', 1, '', '北京'),
(59, 'o5Jkwv3hSG461eEUqLHWiK-lcxyg', '茶客', 1479390732, '', 'http://wx.qlogo.cn/mmopen/icxFL5aarYWL9hg7Xjmxv2XNjkq4c9RMmeylia0SArCqJw4cfMyBPDLV0PVKvfpFrQuPf2oVNRhDkwial2gB2Is0juCw85AsJZH/0', 1, '', '北京'),
(60, 'o5JkwvzNlv26OEw4iwagFnc5cmnQ', '蓝天蓝', 1479394460, '', 'http://wx.qlogo.cn/mmopen/icxFL5aarYWL9hg7Xjmxv2cw7uUoOuMUmJyESsAWFIgNCuTueL8LMPT3VEWRMDq37J6WuoEXwElzb3QNoQmp2quKpjf2jy1q5/0', 2, '', '山西'),
(61, 'o5Jkwv92VjXpkK3-lKnZyvz5PPG4', 'Kaien 徐', 1479395956, '', 'http://wx.qlogo.cn/mmopen/ajNVdqHZLLCictpd4wTuOiaJV2N4EAco74rVCrsfWic724tFsnBVibvmHcK3tY1fUQsicrGLxn09voWMNSq3SsB9KOA/0', 2, '', '北京'),
(62, 'o5Jkwv-SgxCdyUbC94KkRRr9Z9Vo', '寂寞天使', 1479420842, '', 'http://wx.qlogo.cn/mmopen/kGhHMicKKJS3IDWyiaicuWXrvVOFomhqqdzbjEsWJftibCOdFFicjo8ODIT8tJBMCEymddZUibb6PKrNknGo3YialGEqUx0qhP0UHov/0', 1, '', '北京'),
(63, 'o5Jkwv34jN20O51XC2CZYHH1ycS0', 'A.尼古拉斯.超   ', 1479426594, '', 'http://wx.qlogo.cn/mmopen/icxFL5aarYWL9hg7Xjmxv2UnUDk1rTkO64JSbC0qw0bWpQ9kIIMA3O7PsV99scSSPM0TLtQp3V5Baib52CfdERibGtGXK3JAE0G/0', 1, '', '北京'),
(64, 'o5Jkwv9In9YFDElZExtVNgcVyhx4', '汤半仙', 1479428983, '', 'http://wx.qlogo.cn/mmopen/kGhHMicKKJS2LyiaGZiaBSibkdiceIsFmrI6znDUg3HQ2bC9hKRhSlSFrRHmYxu463PlCQkTEh3QhXLib2sLLKpP8xIHBaISGMxVWT/0', 1, '', '江苏'),
(65, 'o5Jkwv1tNye_e9K86xVmP8iQb2L0', '俪庭婚礼华伟', 1479429326, '', 'http://wx.qlogo.cn/mmopen/whUJfy7DZTib60tHv7YAIfPib4grBrRCbSRWcHUTq2koFYa1YNo3bLMhv4iaD0onoOQPApDnq9icQqcS093czQuHDg/0', 1, '', '北京'),
(66, 'o5Jkwv8qM9mlYx6S5UELXdKMfO_8', '安然', 1479448769, '', 'http://wx.qlogo.cn/mmopen/kGhHMicKKJS3bso044kLwoPe2nneibSQS7Rzy54FUYR3rwpb5uDlwPb2RH76kWQxs1Qdlhg2YO5I1Ny2sgEIE9bExJ09rl5Uoh/0', 1, '', '安徽'),
(67, 'o5Jkwv2s7dVQ6zuuAX29wuei4jG0', '勇敢', 1479518879, '', 'http://wx.qlogo.cn/mmopen/0pygn8iaZdEcs996BfzAYMMm407xibqJRNq3qU7zrKn3VWl6VYnGqU11Nq7iaHDjeKyFCLq9ex28rodC6T68rOibkMsCZAlFW6ica/0', 1, '', '河北'),
(68, 'o5Jkwv3CSdo1CtsCfTvR1HxjUuvY', '且行且珍惜', 1479522667, '', 'http://wx.qlogo.cn/mmopen/ajNVdqHZLLBaZGiaicicKHwT6FibtaHqqYiaJbZs9WxZQ1UgaicBvqJpibxB9FGqxkRXAdnibKpuc10QD3aAytKbBwAhWw/0', 1, '', '内蒙古'),
(69, 'o5JkwvxYoveLYXUVOHidyB-wl1Gw', 'cub club', 1479522723, '', 'http://wx.qlogo.cn/mmopen/0pygn8iaZdEfY4GeesjaPFMK5RMZ0ic4aaxO9WryowadvnW5FDPm86ermPrx2He4pwcWNuttlEibfxgJRGhxbkXAA/0', 1, '', '天津'),
(70, 'o5JkwvwGc-l0mCi8mxMgkWtpYF2Q', '玩世不恭', 1479522925, '', 'http://wx.qlogo.cn/mmopen/ajNVdqHZLLCT29pzWb0xNd5aVUh5laS3qKGeWCtC6Vuiag4BOWibg7xwHIEMibiaq9bQxYw6ia73Juic6TcSeBG97cAw/0', 1, '', '天津'),
(71, 'o5Jkwv9-kWnRcbk7vy9oisfntwOE', 'lyy', 1479522978, '', 'http://wx.qlogo.cn/mmopen/icxFL5aarYWL9hg7Xjmxv2R1znEsJHLzOGWScueLZADN6s1vgt23zb65Pu1OxGUoGIMSIjNPonEcpIR80ddRyqyb3pg7h1RJf/0', 2, '', '天津'),
(72, 'o5Jkwv4DROseZQpA-rnaOfJl568U', '文轩', 1479522983, '', 'http://wx.qlogo.cn/mmopen/0pygn8iaZdEddiaHX6zOiaoyf7uEBRuurEnBtVnAVKn0XatsVOfibFfbvl9h2NzVEMjflwuAyyrtCUNRLMemkuMKtQ/0', 2, '', '天津'),
(73, 'o5JkwvwiYM-DG-G6T-teaGvsUjnc', 'A自由那地方®®', 1479523005, '', 'http://wx.qlogo.cn/mmopen/whUJfy7DZT9UNlib7GLFlRsZphMSTy1gupQCliawm9iaXEO4sJZYl0vaDXGwcQCovVVsCAEQn4EqDfnicBgmFXItdw/0', 1, '', ''),
(74, 'o5JkwvxLDM56KV3OXYptdVe775Xo', 'Donald', 1479523020, '', 'http://wx.qlogo.cn/mmopen/0pygn8iaZdEcs996BfzAYMF9tEsnKoz301XT9icLiazvwTHBFTibLOibx30D2EJGY8eFCdyc5GozrUzBDoIPGiaLrNhq6cbQA4NH95/0', 1, '', '天津'),
(75, 'o5JkwvwkKnkf0sLN4TQ3sPb6pz7E', '嚻寳唲', 1479523039, '', 'http://wx.qlogo.cn/mmopen/whUJfy7DZTiciaUBk6NCDjEvaDNibzL1LC0o891tBIJD1gpg0ApmF9JiczpichZrHkbOJ19gicpKicRGZ7HtP9MpF4ATEFbZw7e5odk/0', 2, '', ''),
(76, 'o5Jkwv5Xs7Z4VjhGPLUmh3urZ668', '', 1479523203, '', 'http://wx.qlogo.cn/mmopen/whUJfy7DZTiciaUBk6NCDjEhot1ew3VmLLg323LLBPVjjDynwX4wmfQtAkpNglUSFiaZSdy4X3nYjp37e3LO1X9GZb7ia8tXRG8Q/0', 2, '', '天津'),
(77, 'o5Jkwv1sfy-jGCnyy-iayJKQ8hr8', '梦想那地方(●––●)', 1479523236, '', 'http://wx.qlogo.cn/mmopen/ajNVdqHZLLAaiaFGvB2J04L5hrfNTEXicn8Gn1zuJl3UvJEf05iaruG17umeSwqfX3WjOF4cxJ8KFsTLn3NKcSDPA/0', 2, '', '天津'),
(78, 'o5Jkwv2QnNAJ9LJwLaZGSKzie2y4', '尼古拉斯～老亮', 1479523333, '', 'http://wx.qlogo.cn/mmopen/icxFL5aarYWL9hg7Xjmxv2VEn5DcNEhxPEibicPIJ4NLUP31Kez7FTGiceibCbpynAFWSn9WERicQpK1HVl27U49MOr6tKpCj0Dr1n/0', 1, '', '天津'),
(79, 'o5Jkwv4QCu2EbtjiRxtf7sTVG364', '萌妞妞', 1479523380, '', 'http://wx.qlogo.cn/mmopen/kGhHMicKKJS3O4IKdPROpxASb751qhSh9JjKibDNSpbiawwZkvCQ0kQhbLyxh6QqLQ7J9wiaYaLXxvCaw6LMFpnLSw/0', 2, '', '天津'),
(80, 'o5Jkwv2tMDPzLwWppezYcuhR6OPs', 'Amy天津首家水果花，米拉の花', 1479523482, '', 'http://wx.qlogo.cn/mmopen/kGhHMicKKJS2oEbG7sTCMREW2Hmttce7S5JZxSOEGAA4qP9bThqVJsKyHNNZ8xZcgfohicbnR7xu5MrHQoDxytCicSiaibJs5x284/0', 2, '', '天津'),
(81, 'o5Jkwv5VK4twGVmC5dGKd_AJObV0', '自由', 1479523687, '', '', 1, '', '天津'),
(82, 'o5Jkwv03hxZZxaRMQ6YkBAj1djEk', '王小欠太欠', 1479523815, '', 'http://wx.qlogo.cn/mmopen/ajNVdqHZLLAgGQCSrPgt8Diar1Y4cFzyqGv1D8ibwcLaDWf6Dbnd6ej6XVdH5W8XnPkyb9GyDW3TknAJh5nldukw/0', 2, '', '天津'),
(83, 'o5JkwvwL0kFh6Dym0BatirkuBw3k', '私奔到月球的吸血鬼', 1479523845, '', 'http://wx.qlogo.cn/mmopen/PiajxSqBRaEKnK7jeN03EVrRHbDFjGJFkk84BNFiaQpLFc2P23zfiblHtNsuTibrKY85f3mmfu81DLMFwHLvT3FibwA/0', 1, '', '天津'),
(84, 'o5JkwvzoZ2TxU4j-B90p87vcAsnI', '  ', 1479523899, '', 'http://wx.qlogo.cn/mmopen/C9icBVXIS1HcicsmbIha8PEGVBhVvUnhPThp0TicLIicoKLjsUVPLgA69suOwyR8XjtgX4UcRibEMqHribzBrDEdTqVw/0', 2, '', ''),
(85, 'o5Jkwv1d0WaK7-5hqz4v6emSir0M', '午夜飞行', 1479523954, '', 'http://wx.qlogo.cn/mmopen/icxFL5aarYWL9hg7Xjmxv2e5IpTFX1k9afHMLqySFak7X6AnoQRFPXL2icBIFX0cwBncTvOoyo6NvliaGGMTOmgouicAIcln2e8h/0', 2, '', '天津'),
(86, 'o5Jkwv-gys-sJFCFmUewVbCKbLzM', '✡ Cold  Bloode', 1479523992, '', 'http://wx.qlogo.cn/mmopen/PiajxSqBRaEIYOTaKWhu7d6BiaEPK9goVAWTichZWkHnTTz8eSVicoiaaFzAWPgDw09dYquykylWNuljqjtgrcun1yw/0', 1, '', ''),
(87, 'o5Jkwv3YpIL74xQp2RaXGDg2vRc0', '孙阳', 1479524072, '', 'http://wx.qlogo.cn/mmopen/ajNVdqHZLLAfKuJQn6NaMDNfnNRZcskAJJ3gjmZfvNkgQEBKJabD8NGQsGtgJfkeqDWmoAtrWjzia1qlnu86w1w/0', 1, '', '天津'),
(88, 'o5Jkwv1rPMRn_X6EPoL017g6fUTQ', '༄ཎཽཾ།', 1479524170, '', 'http://wx.qlogo.cn/mmopen/0pygn8iaZdEcF50OoSibBYxcbeKgXVSDy2TFt6WhBZsVSvrYlJD6iaGpvYD3G7BNqFyVTt6ptlribMhZzP9EJD1jjQ/0', 1, '', '天津'),
(89, 'o5JkwvxPKzqoSqOdbzaHGsUWjbfQ', '王志', 1479524325, '', 'http://wx.qlogo.cn/mmopen/whUJfy7DZTicqy3OSRWv6wxOxLOIyOAC7snlicaATYgYIE1hRfwEzmoeRr68YNMmdHTibuONFJBticA4ByTfBfIZVbuzGbozVicwf/0', 1, '', '河北'),
(90, 'o5Jkwvwmy6cwqA6D_M2ZbHigLtvY', ' 霍先生 ', 1479524458, '', 'http://wx.qlogo.cn/mmopen/kGhHMicKKJS2oEbG7sTCMRMDwvfsSBs7j58coPuyzDojpdv8v6kO0slHhliaQWd3vXyyqn4icqzsW4sG4LsicjAHUUAUNtXeicXOf/0', 1, '', '天津'),
(91, 'o5JkwvzYWERprwvFZ_kBj59ch1Gs', '源', 1479524497, '', 'http://wx.qlogo.cn/mmopen/PiajxSqBRaEKzuqPc5TbanP537VkeoZofrdRY8lLvZvCf7pPILJxVK2cxovj3tjEKQotcCYHtzicaU4hz4icKHQdg/0', 1, '', '天津'),
(92, 'o5Jkwv0wm9zHfldYHiVacMJw93Cs', '西伯利亚狼', 1479524506, '', 'http://wx.qlogo.cn/mmopen/ajNVdqHZLLCkZQzenrKsmswKEdZNPwiaEntdxNxs6hkKmia5Mib2UcG51YddNsnyGqISsMJIrO3D2Oxf7pHXia8Mcg/0', 1, '', ''),
(93, 'o5Jkwv6KHMSvEKvO7GAG2Ypw_TjM', '我是胖小厨', 1479524605, '', 'http://wx.qlogo.cn/mmopen/PiajxSqBRaEIJibPNc5hediaaFngtokvVO9qBS0HWex2BsGF9d3bTuN2XZ8c7IObXYPHa3w9JicrAiay7Rw3yyQHcuw/0', 1, '', ''),
(94, 'o5Jkwv-aopih8S9VFkLEVoWmDQo8', '小宋先生Mr', 1479524609, '', 'http://wx.qlogo.cn/mmopen/icxFL5aarYWL9hg7Xjmxv2etgtTYm5SDWDaYvKCQywf0qt9J8hMKYzd3ozrsQG3M7xTAMur7Z5uDYoiaEicT0cvFKubzhnYRAfl/0', 1, '', '天津'),
(95, 'o5JkwvxRJeWu4emeturkepIa-lPQ', '小手冰凉', 1479524689, '', 'http://wx.qlogo.cn/mmopen/ajNVdqHZLLBD3gPKvf9eOJ6DLicVRicuk9LY1SJsb0ssDl55D53VsmoCCYpILSZIuUXIQicpmwMtMoETdc8XVXbcg/0', 1, '', '天津'),
(96, 'o5Jkwv4qNLMwcbP4VUtBkuuejYag', '炫烨', 1479524696, '', 'http://wx.qlogo.cn/mmopen/0pygn8iaZdEf0mUK3OAUd9iabGBMtylpHYph5WGGysuFxbLObxSBnEwP2A2QBpzEzJqibPE8QeTBFwOU7XseZEQUg/0', 2, '', '内蒙古'),
(97, 'o5Jkwv-HPbT3mPLUG7HbkZRJC828', '  Im David丶', 1479524854, '', 'http://wx.qlogo.cn/mmopen/whUJfy7DZTicl7OibLJGltS2FKbEbCfC51V3vJMkGgLfkAiaic7zqtGk3X2hw9dPRPicY5AWaTxpbvRr4ibvftxWOHgw/0', 1, '', ''),
(98, 'o5JkwvzbnBJBqpVp1lh74CL_O4Q8', '●●●●●●●●●●●●●●', 1479525210, '', 'http://wx.qlogo.cn/mmopen/icxFL5aarYWL9hg7Xjmxv2Q28dK6dOvIoUHF2gaSH7YK9oDCd1opdNWlTPDOT4SDl5icsOCG5XicB6dWLUspfVzJh62RLPfWprs/0', 1, '', '天津'),
(99, 'o5JkwvwxDL9E4E-y_utcRr2X76p0', '', 1479525221, '', 'http://wx.qlogo.cn/mmopen/PiajxSqBRaEKl5vpOWhnR6icmQPchGYpHxclqpwJwhQcA0PDA0kaAODuNo4kELPb2Ns0liaCicS43nxq7EkIp2YMZw/0', 2, '', '天津'),
(100, 'o5Jkwv7Bb_iM4Do82kLUVUcgKOt0', '咚咚咚咚咚咚咚', 1479525272, '', 'http://wx.qlogo.cn/mmopen/ajNVdqHZLLCYiagkFLOzmfiaWqBoHqpoial5eCYDucxpyfgbSvHuCbZJeBBsCcmCtltkgXl4PfqguIKovun3w4iazA/0', 2, '', ''),
(101, 'o5Jkwv6NkG_2tHzITqJHCZKmCe5o', '二月三十号出发～～～～', 1479525480, '', 'http://wx.qlogo.cn/mmopen/kGhHMicKKJS2oEbG7sTCMRKEeJ9Qx10RicCas7Zsb4Tm9GLOT1K0LulPCNdRYrlny71o22nu3GnwYsNsSxb79sZPSl5nntOhns/0', 1, '', '北京'),
(102, 'o5Jkwv__gWce5vFRehXTYUVq7qmY', '飞达再生资源', 1479525723, '', 'http://wx.qlogo.cn/mmopen/whUJfy7DZTicGboeuAkkPF88GxqLXSO8cBMXSf8ib6QLG861Ykn2Aiauk3vd3wDM79icryFSYKyPV92fgKBpkNf3SSnrRqSwfFxc/0', 1, '', '天津'),
(103, 'o5Jkwv6J6qwxr6i1gstB7_NAwb30', '平安综合金融', 1479525965, '', 'http://wx.qlogo.cn/mmopen/0pygn8iaZdEe5TOJbNbSFv5zib16NNosaj6egO0b5Px5HiaRmfUcAETKIzhEhKL0RzdRUctkzLB1nZiaT6qMWjCmJg/0', 1, '', 'Amsterdam'),
(104, 'o5Jkwv7hIyoHWYbGTJtLdQh80yDc', '小土匪！！', 1479526074, '', 'http://wx.qlogo.cn/mmopen/ajNVdqHZLLBajq3icexaO6toBKibLSnmbibhzodkyw2CHL90lndeoTvpk6jib9raqicdhh80Jjs2om4VGOh0e6JUXoQ/0', 2, '', '天津'),
(105, 'o5Jkwv__sD75t0bdtUyiJp5SYv88', '福', 1479530069, '', 'http://wx.qlogo.cn/mmopen/PiajxSqBRaEIKPSfDkqhUt4eUnRshznZWv2reDI5vktHf1XzuAZ72ngsEP9mqkVdUPAYGOP1E4trR1XLTlFWlHg/0', 1, '', '天津'),
(106, 'o5Jkwv07PissEPmNNrVD2416CJHw', 'A☞男主角☜', 1479531284, '', 'http://wx.qlogo.cn/mmopen/0pygn8iaZdEfWwmbia4eWicESWQ6ceYCERK3IFkBNh3BiaQAzxYibJzlHNZ9bQefPic1b12AOuXKMenHeGdJh5LrDfdw/0', 1, '', '天津'),
(107, 'o5Jkwvy0K3Iycu02pwYEpmVQWrsc', '全球购物，假一罚十', 1479531318, '', 'http://wx.qlogo.cn/mmopen/0pygn8iaZdEcbu2IFPKtEUtdkEMeBfE1E651rmTicqyFdhLNOkvWsJAkGout64sl7qRJyHecvmI71EueSpRzZtwA/0', 1, '', '天津'),
(108, 'o5Jkwv0GFUs-YqxhvnbXyPZVEk5s', '迪骏鸽滑板车～李燕151228', 1479531426, '', 'http://wx.qlogo.cn/mmopen/0pygn8iaZdEclZ0MNtY47icmE5mWAu1qwcyIUG6xVKwSSSDg0BEZibQegm3XBEZibA4vAHqVRmuWq0SxA3gxW4WUicw/0', 2, '', ''),
(109, 'o5Jkwv5le4igSTVVr3dXh7NQwPmw', 'cherish-excusal', 1479531698, '', 'http://wx.qlogo.cn/mmopen/PiajxSqBRaEIAsGebwnnAZ3AKmBkPw4ibP5q8gobNADWgC4waeJ7MamVFuLkdPnBvO7r0MUVgz9ODIMNzT7hYl2A/0', 2, '', '天津'),
(110, 'o5Jkwv6kzx2Eyr7DAoS0FnhaibTU', '光军', 1479532910, '', 'http://wx.qlogo.cn/mmopen/0GUD470pZANQFeIYqCFgjABe6wxx1OOaTxhnQzSxYZPNuibLeYR6hiaeFUvNUDGW6kSRkn1KQJEZrhfwjyhALzqztxkv4MG9ax/0', 1, '', '天津'),
(111, 'o5Jkwv2-w1_oRCCVB7OHrlrRHjUE', '•Tim༻', 1479533023, '', 'http://wx.qlogo.cn/mmopen/whUJfy7DZTiciaUBk6NCDjEtA6zEiciazaEBpOETj3gRcK74ZaCkhxHSlo7ibC77BBcsboFGvj60saH4flp9iboS6sZib68Aia1FNDaS/0', 1, '', '天津'),
(112, 'o5Jkwv-6qDftwqKMeqhBRuF690OI', 'A-', 1479536373, '', 'http://wx.qlogo.cn/mmopen/PiajxSqBRaEIFPyvngibbkWwj9pF1v3tTaOm7YBRTP5Y2HWl6BIVAlWZKhIbteJoK83pQl4Ft96CrLLXd7GtyHBQ/0', 1, '', '天津'),
(113, 'o5Jkwv2d3P-E8xa2YC1ThIabMR3c', '郝斌', 1479537690, '', 'http://wx.qlogo.cn/mmopen/whUJfy7DZTiciaUBk6NCDjEsGC3dU05Mt6rdlHDeibzO6FjOtevZX7jMeBzHu8MxMia3hpicpQ93eIRWaDY2ibm4eAqPmy1N5wHA8C/0', 1, '', '天津'),
(114, 'o5Jkwv8vQaPfOHChRM_vfI9r1lZ4', '芃姐', 1479543538, '', 'http://wx.qlogo.cn/mmopen/Q3auHgzwzM7icVWJdOic0jGDYMrB1mFV5j85FmMoInYmXkibD1WiaoccfA2qMh71bYqvaPqia1qXAxRHPejZYBOicTAQ/0', 2, '', '天津'),
(115, 'o5Jkwvz-Pa44qf0AfwwNHVq0RdjU', 'A百利财富-波', 1479544418, '', 'http://wx.qlogo.cn/mmopen/whUJfy7DZTiciaUBk6NCDjEsBtG1ibaNzYia9wNnLQicdjRO4HcGiaBlo9DHBLSQzpWC6JbhK5ehpWUVwVpeqJy1AaaibmEau0YbNyz/0', 1, '', '天津'),
(116, 'o5Jkwv2AQpqNGS-gsRKRs17TzrhE', '刚哥', 1479545542, '', 'http://wx.qlogo.cn/mmopen/ajNVdqHZLLB0vYkU5BYTgxTgyUVBExvpubibFtJ9I9olWxxEsTdibB3wBZMtyEIFweLhebIJ5UZV15AkCe7nxBrQ/0', 1, '', '天津'),
(117, 'o5Jkwv5SwV-IShc3zE00VFZkGC1Q', '玉麟', 1479545801, '', 'http://wx.qlogo.cn/mmopen/whUJfy7DZTicSdSUWniabxcRlvwG8VSVzjWo9rNRbL06zuSxyOgyDhMEw8yxnuJ45TUA8ndiaVCHa9UFGq08N6v3R0kgM8b38Xf/0', 0, '', '天津'),
(118, 'o5Jkwv1gdtle6nNiLypD5tFoIIBE', '我心依冉', 1479546825, '', 'http://wx.qlogo.cn/mmopen/whUJfy7DZT9yia2dm4XXwFg121vBsBpeU3ibtg98xIy8MCFzJudbmG2YiadUx74icdccrYfSb81iaYbdthpds66fZaw/0', 1, '', ''),
(119, 'o5Jkwv41K6bL-epFbY7OMYeOC-TA', '艾伊', 1479547791, '', 'http://wx.qlogo.cn/mmopen/0GUD470pZANQFeIYqCFgjM1kIVp96J8hX4EZ6JJZR4iblH2kW4HRtl2aK1hBr5EvCiacAiacnre3dy4xGeTwq5qaEWQQrtYNFq8/0', 2, '', '天津'),
(120, 'o5Jkwv2Lkm0NpdksQ2S1tVG0UMnM', '糊糊', 1479549769, '', 'http://wx.qlogo.cn/mmopen/0pygn8iaZdEcs996BfzAYMA8xibXkprVLH6Om90CuSYlAtPIU0tvobkejMhqEKViaU7LRRqiblBBcNPBqNO9z3GiaXZ3NJJeiaaRO7/0', 1, '', '北京'),
(121, 'o5JkwvxL2Xg-pvLhVBemNGgoV6Vo', '蓝瘦香菇', 1479549979, '', 'http://wx.qlogo.cn/mmopen/kGhHMicKKJS3AyOnPoia4Ficy75ibDMLZetWPyAd7d4MlYa1uo7niaTxMQa7ibiadqViaO36IQbcnamK95798f7M4XDkH8z5rxFkRpibn/0', 1, '', '天津'),
(122, 'o5JkwvxfRJAADML8fybaHlw3KsfI', '爱军Dorothy', 1479550298, '', 'http://wx.qlogo.cn/mmopen/icxFL5aarYWL9hg7Xjmxv2UeLI2ohhYmNtEYLAAT9BbYicTyPLRbGica5QJVhvibJBfftib2J4dpcGTBu287bYv2uh5eehgFRFib8F/0', 2, '', ''),
(123, 'o5Jkwv7v8dFNdeGt2LnmhqPF2gdc', 'Liuwencan', 1479550322, '', 'http://wx.qlogo.cn/mmopen/Q3auHgzwzM7DGeeic42reEbCnOxcaQrRYXa2sYVwVia6hkStoVgaucxO1nUnPygKZTPVQ6VgpB3pAbBAwN6liamKA/0', 1, '', ''),
(124, 'o5Jkwv3xL8D8tftyEyyjyhQUW4dQ', '名号何以饱腹', 1479550804, '', 'http://wx.qlogo.cn/mmopen/kGhHMicKKJS2oEbG7sTCMRCUN8EOia9ibibASiaI6Y2sgZp1yTFBpvicV8mFVQYYXpoYY7c1cLFwqcnxObMI25sAHHPvzDbMSqrrgh/0', 2, '', ''),
(125, 'o5Jkwv1VYUKYlpKmnu9YAsZKtvjM', '益喜央珍', 1479550864, '', 'http://wx.qlogo.cn/mmopen/ajNVdqHZLLBprAWKYJSpjeajNA6aW3MeVQ5SibR0Q5SK6tWiaJjfdklOoRh5dpwO3ia0BYr4RI9Ar2wD8dhZThUbw/0', 2, '', '北京'),
(126, 'o5Jkwv7Jdv3kyuOuyob-9NbKtb0M', '茶仆 覃世勇', 1479551257, '', 'http://wx.qlogo.cn/mmopen/kGhHMicKKJS2oEbG7sTCMRApaN6n1QTN9WFAGwFL8Bw0ic6ib0S9lic3UBR5gO55pmDqwbXrpvR3tDl6CnePLNgkwbLwlnic4tW27/0', 1, '', '安徽'),
(127, 'o5JkwvwQXmqqyKUQnfLX9JWVzDwA', '闫七哥', 1479551929, '', 'http://wx.qlogo.cn/mmopen/whUJfy7DZTiciaUBk6NCDjEhPSR9qqAUA0g0RVNHOqicRdZCMHjFx9eCuQ0SJbL9RmwJLoGFMGib4UFSPUdwmibmha0lUtPMwWyeq/0', 1, '', '天津'),
(128, 'o5Jkwv4R-vFtvRCUe-UAYeV016BY', '鬼见愁', 1479551971, '', 'http://wx.qlogo.cn/mmopen/icxFL5aarYWL9hg7Xjmxv2ZGxyqPNyQZH9rhnTMfBiaONMrzn2UF4MDMYbl1oD03PI8qaJluXBgYZoeKCiaYZAylicq3xEZ4oD3f/0', 1, '', '天津'),
(129, 'o5JkwvyWgxGU2tegauPadn7L15gg', '过客', 1479553803, '', 'http://wx.qlogo.cn/mmopen/kGhHMicKKJS2oEbG7sTCMRFhruBtzSicEialbyh1A2NvsicvhghRPhicKNzMNYWPOyxwZBlSCgsWQULickSIg7jAPicqkdUzuzVEMVM/0', 1, '', '天津'),
(130, 'o5Jkwvyo37n6g0ASq7GzoVyehoCY', 'Christ！xin', 1479559045, '', 'http://wx.qlogo.cn/mmopen/kGhHMicKKJS28ySmicZJ8bZyWlDrW8dhv0YUoD7alDX4pJUk16ft0smvocmBZiaDhzKepOx5Wo1CgJXKmORBJgcPA/0', 2, '', '天津'),
(131, 'o5Jkwv6WVGC_VC8jAcz77GsZILeg', '爱出者爱返，福往者福来！', 1479559050, '', 'http://wx.qlogo.cn/mmopen/ajNVdqHZLLDr1HSErOQibb2FbNl7IH5RYgM2GwIKwTbQa2yBDmanMYrhqT3BiaQmCTECzIibHAVr6Z85laXk6Btqg/0', 1, '', '天津'),
(132, 'o5Jkwv5FgftPrTs8cEJma-Ti8zcI', '沐紫Lily', 1479559198, '', 'http://wx.qlogo.cn/mmopen/ajNVdqHZLLBcf5loflpuxr2h1eIibzon2ys4apnsq9Xwib93hLcDTWMJcGPuD6dwnG6X6KjvknytyYfLULsmC8Kg/0', 2, '', '天津'),
(133, 'o5Jkwv3awO59RMbgsWCcKQb6LGlY', '颖颖', 1479559470, '', 'http://wx.qlogo.cn/mmopen/whUJfy7DZTiciaUBk6NCDjEvVJyaXjWb0pq544eHq0F88WkVGMsvxoibHv74B0Pj5rFOseCdXuubFtqfJEEGM9aOFWKzA98pqa3/0', 2, '', '天津'),
(134, 'o5JkwvyyOpovp92Xvt2AYa4oFwYI', '村东头那小伙', 1479561715, '', 'http://wx.qlogo.cn/mmopen/ajNVdqHZLLCqojCd7zR0dT69AR20DxiarlTEWrIc6mu7FarcRxvUudhz8ic7bWOsGD2eXic5lkYDaicx1NjLmPadHA/0', 1, '', '天津'),
(135, 'o5Jkwv9fQR1McFnnLaKPfipfK3iE', '水晶', 1479564850, '', 'http://wx.qlogo.cn/mmopen/kGhHMicKKJS3LlIEZCI42XmKJzfrMSqicic9MyFHWiahnDSfEI9AXvupy89IPfN1ZagibtHUKGXtSvmQ5suYtBSpk9w/0', 1, '', '天津'),
(136, 'o5Jkwv00ar3_C4dUp60OzkPv6S4w', '环球盛世传媒-创始人-CEO', 1479569159, '', 'http://wx.qlogo.cn/mmopen/icxFL5aarYWL9hg7Xjmxv2XZGpkMVvNz9b4lJ4JtGq0JcibDzOOicr2FMc2mwp3KvMJibSddzlfEgyicMTDeicr4Jq2udaJu5Iiaf81/0', 1, '', '北京'),
(137, 'o5Jkwv3Sf4r_B6ONDEMn8jCTq5lQ', '马殷', 1479569472, '', 'http://wx.qlogo.cn/mmopen/PiajxSqBRaEIO0T3piac3cXbaeaiaQBbrzCibsDOCUNJMOKjvNd4BNTrsmYWToz5epsZKGGdwZAuOeUpK0FlP70v0Q/0', 2, '', '北京'),
(138, 'o5Jkwv8j1q7UGkhJIcRMPS9y7gb4', '偷心的贼', 1479590604, '', 'http://wx.qlogo.cn/mmopen/C9icBVXIS1HdoBvUXxevs1JhInFdBMlN9Np7MIqHwkeHXYQc29Mxsw0HiakUyUfqx0kJYltWLBN9zuH7pLV7Xr925laTvic8ibE5/0', 1, '', '山西'),
(139, 'o5Jkwvwk07p5dBlkw7n_QADQymfk', '沉默是金', 1479599371, '', 'http://wx.qlogo.cn/mmopen/0GUD470pZANQFeIYqCFgjKlb7bgibuXspHC2nONVYJZlq4sdNticIicXcx8tczSb2bibPF58RkjwGG4LeLftSKuRPo4cZibClaV7ia/0', 1, '', '天津'),
(140, 'o5Jkwv_yInyKzsOn0n7ZOjXlGl2I', '琬、', 1479605266, '', 'http://wx.qlogo.cn/mmopen/0pygn8iaZdEcLk2J2EP9MgJrjqUpoaUkiavB1kgDd4Q9icZPIrqpuRRGEAoib6RIjwYHicXj9a4ibEm4wk7AwqKiaaY6Q/0', 2, '', ''),
(141, 'o5Jkwv9Zm44JyMVbzdHQLlCL8TWQ', '诚斌', 1479613655, '', 'http://wx.qlogo.cn/mmopen/whUJfy7DZTiciaUBk6NCDjEiaRz2ibBIWgcb12ztHh0MhjBkpWPlPicvApObqRv533s7AAYsxbo7ruDjU3SAF7ePLfTbC0kDLNezF/0', 0, '', ''),
(142, 'o5Jkwv3JS3P2070cgiH45pK_qMRc', '自由人', 1479614227, '', 'http://wx.qlogo.cn/mmopen/kGhHMicKKJS2oEbG7sTCMRJeZefw19vv8Xa1KcZI204kOHrV0nnSA2l41d88YRUoqQodfCrIiaS6TeXgqCkjYyAoSMA3GfPlyQ/0', 1, '', '河南'),
(143, 'o5Jkwv_Fqy7T4XASzfQfcMyE8Da4', '张启民-生态环保-有机农业', 1479631167, '', 'http://wx.qlogo.cn/mmopen/whUJfy7DZTiciaUBk6NCDjEmPzDGFiaJhGB07MMJ7HzibDeoicTlhQSdmOBBOyspquvEPiaxOlZQVibCvC2ic8Fa0FAnlicrPsCq4koqf/0', 1, '', '天津'),
(144, 'o5Jkwv6VBxyiTmmnj3KZxG9N8iu0', '齐善庄园', 1479638065, '', 'http://wx.qlogo.cn/mmopen/Q3auHgzwzM6h38PbVhJNloNK9RicyO3wI7FpYXt0DcpoFiby4IMasUsVic7YC19icJUbv64100zGJ17aAMojpwNltas5U59GBrEKym9lrF8kOFk/0', 1, '', '北京'),
(145, 'o5Jkwv6VYAV7GSpB9AdhHghfZR8w', '友情~~oppo刘斌', 1479654204, '', 'http://wx.qlogo.cn/mmopen/icxFL5aarYWL9hg7Xjmxv2bbM1GZR4mXTAomgUbVhUN5JZY7E2Ehv2pg9CRiaTTCwb29ufC4WRv4icNDDgZzB2ow1QoTLtSPqho/0', 1, '', '天津'),
(146, 'o5Jkwv5GPBTCEQSl6DydfnLsZdPc', '焚琴', 1479661686, '', 'http://wx.qlogo.cn/mmopen/icxFL5aarYWL9hg7Xjmxv2cZR7GcFkxXZD1gFhFIiclylEWytfibTrSxwetwQp7F6XTYV9XXERDTA9P5amYAvpUl124qVABDJc0/0', 1, '', '北京'),
(147, 'o5Jkwv4AfShdKLbMeAwxqHO6QQCc', '心安便是归处', 1479697034, '', 'http://wx.qlogo.cn/mmopen/whUJfy7DZT9TvOIwIggXibYFJmicL6WvXVSKTIsrHrnqOqYZaakh85iaT7QKdahMLiclzKYxd4Sbd9OMEQhGkytxlA/0', 1, '', '四川'),
(148, 'o5Jkwvz2Ap9TPsaBomzOFRr8rnZg', 'steveqiu', 1479699638, '', 'http://wx.qlogo.cn/mmopen/PiajxSqBRaEIX9YOQC5qml8FkSgdn7lkpuCjquSDs2IVvrqjBmn1WRLMDfPDiaDaFzLX8Kw9PureCTDIqAicEthqA/0', 1, '', '天津'),
(149, 'o5Jkwv4SZqtrhe90DQ8CoApOc_-E', 'Kelly', 1479705300, '', 'http://wx.qlogo.cn/mmopen/0pygn8iaZdEcs996BfzAYMFVG7YxkCw4F0vdEhdFmDosich9gJWBB9v661GVmvDJtYtiaTrWhuwQ8lY96ZUO75ytnaf6fIeCFOX/0', 2, '', '北京'),
(150, 'o5JkwvyEnTYhHvlWad9WakgTUJLc', '天山婚礼策划团队', 1479743145, '', 'http://wx.qlogo.cn/mmopen/kGhHMicKKJS2oEbG7sTCMRIrVUZ0U6n0ia7F6Q7ice8nWcsoIpicRDxJ1ib8UTx91ayIWqOmZbRicE4CdpfKkVhxYInicRSCtMTTbiaH/0', 1, '', '河北'),
(151, 'o5Jkwv8rddpz8X-mktEunTFD6X4E', '瓷韵堂', 1479858684, '', 'http://wx.qlogo.cn/mmopen/whUJfy7DZT81nDj9hFODicdGXgbZiavqe3uNPVZhhZbTYLIhVQr5bnFicdIfefvZTicWKvYevR4FYwibNRvb6G6tkKdx4zMC8bYzh/0', 1, '', '北京'),
(152, 'o5Jkwv9ZqlFcSP2qSKBKkwg_24_E', '丁', 1479866350, '', 'http://wx.qlogo.cn/mmopen/0GUD470pZANQFeIYqCFgjLm2qZ8gSGKJuomSXGgs8lHEHxjKSxzhEzWialpcxIUMN6QAiaWhW3w1teITF7oVNGDkEjn0h3AqIg/0', 2, '', '天津'),
(153, 'o5JkwvwvG4ELsihX6iNu7kP7qjWo', 'duang', 1479871687, '', 'http://wx.qlogo.cn/mmopen/whUJfy7DZTiciaUBk6NCDjEt5Ex3jRibgY85Qfyg5jIjG2f2Q1eCiasJmnltwZibQm979mXRobQQWwUibjVj6FVxIG6c9kFnqpntxa/0', 1, '', '山东'),
(154, 'o5Jkwv49kD4Haixv9qd3F4RPoXAg', 'Feimia', 1479872806, '', 'http://wx.qlogo.cn/mmopen/kGhHMicKKJS2oEbG7sTCMRHz6wxMjOETNDibRniaYBOxkSY2CiaxubFq5KNzcJQQ8UrZegT0vdAxsZUYw1nODkBiaSzwYCdBuhe1f/0', 2, '', '北京'),
(155, 'o5Jkwv_jAftQIkMj-xZtyDUa-tzU', '葉韻·茶香', 1479873431, '', 'http://wx.qlogo.cn/mmopen/kGhHMicKKJS2oEbG7sTCMROmmhMtFqGL5tcRtygBRZ7KrzUDZcoiaYOY7ic2lIzBquzQOVT0IMkxbuV7ddtI6do6BVcV2Q3ndXk/0', 2, '', '江苏'),
(156, 'o5Jkwv7iIgRPJl7rA9VGHzuV9IMU', 'Alan&金鹰', 1479875736, '', 'http://wx.qlogo.cn/mmopen/PiajxSqBRaELuvMvaucgJy2ybxoLPqp8jCGdickpr4CD5PyLU2VdhsWCcE1AB2DNeXzP38rx8ruk8h9pDwl9sIicw/0', 1, '', '北京'),
(157, 'o5Jkwv6axQPl691NmhaMnl0p3Tw0', '平和心境0', 1479884559, '', 'http://wx.qlogo.cn/mmopen/kGhHMicKKJS07zkSpzWrSI83iacicF69evKNHgcp4ljgYSydQKe1O0UXkiaoZoVyibVMpJoBX44QssM5VLBJQQAMfaUHoibgXcY3yo/0', 1, '', '江苏'),
(158, 'o5Jkwv-JKbENA5rEpA_hjOMhhrVk', '周瑞華', 1479885768, '', 'http://wx.qlogo.cn/mmopen/ajNVdqHZLLCSEGTcdQO08WfLzrnuibyhzahPA8Fn8oB0icgk2n40r796pwRnFmVcmKlicek7ibl3asD4icjv9o8W4Tb5WYefr95Xhx4TEzJ1QYBs/0', 2, '', ''),
(159, 'o5Jkwv8Wl4-sOsUJzzhWGs8dhfYw', '郭纪梅', 1479885813, '', 'http://wx.qlogo.cn/mmopen/whUJfy7DZTiciaUBk6NCDjEpIXL16toJ6saQ7GLGqe72txfNSrmMMAoHOojPlMKkFDib1jlSCxjHdaY1JHmTFurbWiaszP113pb3/0', 2, '', '河北'),
(160, 'o5Jkwv8k5KQEaszjVQxD_Hw52yBs', '老铜匠王  185114', 1479886695, '', 'http://wx.qlogo.cn/mmopen/whUJfy7DZTiciaUBk6NCDjEpdtlMxibfZbBCics52g19icQvicVFBwopcf3d7ibxK1zan9kI1TFcbdwCZ35oJSmZeghR6dO6NzowASr/0', 1, '', '北京'),
(161, 'o5Jkwv6X6JqLVD_aMenlV8LLMDQ0', '龙猫の七姑娘', 1479887135, '', 'http://wx.qlogo.cn/mmopen/whUJfy7DZTiciaUBk6NCDjEiabLETzVIjaapaPYAtBJQD4HsicDNlgzZ8mNwkMpRkLp1U9J6IxiciaQ0UmHB0d2HR8ensku6Wu6qut/0', 1, '', '上海'),
(162, 'o5Jkwv4P0ZhOzS1SpOEoPQpCNPjM', '天安门前的警徽', 1479888556, '', 'http://wx.qlogo.cn/mmopen/icxFL5aarYWL9hg7Xjmxv2VC5rjMOZ1YkRSf1Uoiau6ZIjA8dWGx7TpnBbsibqtFVmuYycZJGVUJ2cFz7pGPCb6337FdKy2ATgI/0', 1, '', 'Kronobergs'),
(163, 'o5Jkwv31pyc3vrn0FmvnX8h0azkU', '周春红', 1479890217, '', 'http://wx.qlogo.cn/mmopen/C9icBVXIS1HdoBvUXxevs1F03ibdGKNvXwPv9qxjbicAHHrVQ7vncYoV6QxHFSpwXq3hqZNahJRh7v9hhf0aVsGDsjPVwnFTX6B/0', 0, '', ''),
(164, 'o5Jkwv6jhycYDOXX2DpUo_3Ee5z4', 'At健康食材', 1479893262, '', 'http://wx.qlogo.cn/mmopen/ajNVdqHZLLCSEGTcdQO08WfLzrnuibyhzl635t2PKhkVZibPpXXXqcHIhGA6JkZUUe0BRwSVxH4gib3ibzFjdbkmLYAiahHjVULvciaY1GaE2B6m0/0', 1, '', '北京'),
(165, 'o5Jkwv6Bzgw6KVYYwdVYd_0i-W70', '墨茗其妙4193', 1479893583, '', 'http://wx.qlogo.cn/mmopen/ajNVdqHZLLAzkTJX5icezicf57gvTZsCLyraicdlRbkkcgteTcabVvl9waRLiadRwWSwfOmnlh8FJ4Eic2ibJC5CEQTg/0', 2, '', '北京'),
(166, 'o5Jkwvw02xVTn7ZqWfbsf0K_sc30', '幽灵', 1479894546, '', 'http://wx.qlogo.cn/mmopen/icxFL5aarYWL9hg7Xjmxv2dfIZLmibSPG1aJ6QcAXiaopbg8JDn9F2nCTibTONT1TMiaZ4p8SoWD5ZEcDibL35iclDcibgib1pb1OBDd7/0', 0, '', '北京'),
(167, 'o5Jkwv61Ovt6ZrDTrbmRAUz_Doyo', '覺茶會－劉育奇', 1479894631, '', 'http://wx.qlogo.cn/mmopen/icxFL5aarYWL9hg7Xjmxv2YRcVNF0Fpib154urU1T5BN9LJxl07jsscZ77C3FnoQVErOQdA2ON05DibvWaGjH4eicIOaf5BkSxJc/0', 1, '', '台湾'),
(168, 'o5Jkwvz1HiQ2Wb_tB2zBnRFiO7rs', '胡朝晖', 1479894653, '', 'http://wx.qlogo.cn/mmopen/icxFL5aarYWL9hg7Xjmxv2R4Rl9sTD8o2hjvwkpYF9qiccicfDJPbCOlxTgnuTFcclQIfHl7fRa1MmLuofqPZsnwJq8Lsqqd6TF/0', 1, '', '北京'),
(169, 'o5Jkwv0zrB4_DmK0hC13JP887cQg', '张芳', 1479895236, '', 'http://wx.qlogo.cn/mmopen/whUJfy7DZTiciaUBk6NCDjErPiaxmbbFRIPMU0eialzk6YG6oYygw5nIXicRCrSjjH5OsLGGCeKm5lEEcmy10pFgufrco6SicNUf9S/0', 2, '', ''),
(170, 'o5JkwvxpVc1hGGkZKOFevzDvkEaE', '潘日洋（Edward）', 1479895662, '', 'http://wx.qlogo.cn/mmopen/PiajxSqBRaELpp8jT5MCmfhTOxmtHJficibyEYs77Sato7X2ia2ME0D8YJnJjWczOaicNHicUiaRHLG6n6MlRy6pxvOYg/0', 1, '', '北京'),
(171, 'o5Jkwv9kh35F5Qc0DAotonlYbtZg', '东儒', 1479895813, '', 'http://wx.qlogo.cn/mmopen/0GUD470pZANQFeIYqCFgjOTUGry9qH1hxiaaBPxUogLjrg4z3daI9HemG3wjL39uibaTiakBtnOvt0OjhnRQE6n0RNYRicN8bvnW/0', 1, '', '江西'),
(172, 'o5Jkwv4IeG710OqJk8TyHO8-JOqE', '陈曦律师.墨尘', 1479897221, '', 'http://wx.qlogo.cn/mmopen/whUJfy7DZTiciaUBk6NCDjEs4GGib7SubdPTg5NGicTngnEkzsSruK8p8SQk0HOD5sibP4ibabX33r0oL4ZSgoibN4Zk8tN1BdXMzeX/0', 2, '', '北京'),
(173, 'o5Jkwvy5nSbVGRDnK7mwW1UOPhgI', '张瑞军', 1479898768, '', 'http://wx.qlogo.cn/mmopen/kGhHMicKKJS0k6TQOOLBLlBlUYoRg4xIXeQSFlLiaottjnWutXDkg3NIWnV6DG2CChDvZurib7lbJibfMxeKicZeF14MuAQLZbvyV/0', 1, '', '内蒙古'),
(174, 'o5Jkwv3lEZW_l8MUd1m7L1Q72dxA', '李仁钧(白茶股份832946)', 1479922625, '', 'http://wx.qlogo.cn/mmopen/ajNVdqHZLLBuUUMuQRWHGn8yuf0KcaNJhelbqCAcd5Ku2ociclvHlvNJeNlPGicAYic954RLFiboVLKljaE4JjjuLsEbI8B3ic9bfchVxATnwYZc/0', 2, '', ''),
(175, 'o5JkwvwgP12WPi_s3n-s1ltEFRXY', '对酒当歌 白永平', 1479947630, '', 'http://wx.qlogo.cn/mmopen/0pygn8iaZdEcs996BfzAYMKCnWN5Ic2fglErSL3RWE8CA7xaic0lwyMBgtLrria028cspKncLf05TuDMsLLyoAF7qS3z6tNY1yJ/0', 1, '', '北京'),
(176, 'o5JkwvxQvAcFlFsHG6FD1IViWv4o', 'hanhan', 1479966790, '', 'http://wx.qlogo.cn/mmopen/icxFL5aarYWL9hg7Xjmxv2TBHz7gcBhhdFIgp6Q3ykU27zqR62wG3MbNG80niaGUPD5AuFsib4ibcz3BExonib8dYHq38dpbVZBEB/0', 0, '', ''),
(177, 'o5Jkwv10VFnu2gz6Ic0lqiqvNyUA', '肉.松..', 1479967732, '', 'http://wx.qlogo.cn/mmopen/Q3auHgzwzM6h38PbVhJNloNK9RicyO3wIZrF9nLcAq6RRHpAoYI4Rw88bBCfcMf4ugrTP2Wu2eWtMCYNlFXgDGTvxho0jvYicjOQwPX2T1a0A/0', 2, '', '北京'),
(178, 'o5JkwvwBbGdnOMwuPE3Frwjp63nY', '中国农大-姚宇升', 1479969487, '', 'http://wx.qlogo.cn/mmopen/ajNVdqHZLLBYhsibfQaXeTtdSgXlXaMzU0PTKl2bDqeVCbseibICOTPZrZu4iaettgEF2C7hbFSELUma14kNXKC6Q/0', 1, '', '北京'),
(179, 'o5Jkwv4zV15YHrfeUyCvGRVYdxQI', 'Shirley', 1479969545, '', 'http://wx.qlogo.cn/mmopen/0pygn8iaZdEcs996BfzAYMD7yAUD8C6A2WUyXRoOrFZHsXMETXXIZPt0zVfC7lNMk1HeF5f0YGSSicJgkakZDrWdzibe4qI6vSic/0', 2, '', ''),
(180, 'o5Jkwv58h8x7tAoSKIaADKNT9I0I', 'Diane', 1479970074, '', 'http://wx.qlogo.cn/mmopen/whUJfy7DZTiciaUBk6NCDjErlSPZ3BIkHyTdtp7ODqic99PrYcqibUEAh2j7U2ru3pR8iak5c8IRCFXvJNp8ich0MUeXKQ0RfjPHT8/0', 2, '', '山西'),
(181, 'o5Jkwv92-FQdLgzSkzyuG0xx4ZRE', '三沅༻', 1479970171, '', 'http://wx.qlogo.cn/mmopen/0pygn8iaZdEfBJa9nicjrGtBDYqeDV52iauN3rMGxCXWHaic7YKBwSDUzsUmCovdsupbEWJ9uicSx9kRhDyCH717STg/0', 1, '', '新疆'),
(182, 'o5Jkwv6K-_xKQw8Vcn0HCcvetYWA', '珊珊 ོ', 1479970226, '', 'http://wx.qlogo.cn/mmopen/kGhHMicKKJS13L92V6BwtYkFWy8iawqqGDf5icderxryXl8zjUljJL61HG5IjJPUDpefyXoxkgoVMO2YCzY56cZJA/0', 2, '', '北京'),
(183, 'o5Jkwv15B4N4HJuSq2hHkNoIAQj4', '北京泓昶（POS机办理）', 1479970341, '', 'http://wx.qlogo.cn/mmopen/whUJfy7DZTiciaUBk6NCDjEsWWl10kfOOadhJl1PB4DpfDYcqrxibdlW7S38drXkHAD7sahRpgKx6TJgV1zrPWH4DqNn6Zo42s1/0', 1, '', '香港'),
(184, 'o5Jkwv2lE45z1oaHG2kjAjqeqrRM', '可惜没如果', 1479970475, '', 'http://wx.qlogo.cn/mmopen/kGhHMicKKJS2oEbG7sTCMRNNJcG16usQhwrgPiaeiccKI0grAiaDC6dr6UqtibpkdrkoWCHBBkfPRib6r5sciaYu5RzMQLMiaqMUelJq/0', 1, '', ''),
(185, 'o5Jkwv5t1hyxcpfyTsZMU6aJ-vQg', '王海明', 1479970727, '', 'http://wx.qlogo.cn/mmopen/0GUD470pZANQFeIYqCFgjMXpklIuF030Gx01VrOd7JmfVJOhf50eEum4xCXLWUfetrDbZOKDIMc1zNKL0HfXF4waxxIajCEI/0', 1, '', '黑龙江'),
(186, 'o5JkwvyCTK83i_JHoIVhXT6D3-ww', '韩龙', 1479970834, '', 'http://wx.qlogo.cn/mmopen/0pygn8iaZdEe8RMMOc5KW8BmoHB7W4g3GHSqWltywhaJYHO7srD1veMyh7bMiccywuyRqtKsHz2ML5sHytGYPFSA/0', 1, '', ''),
(187, 'o5JkwvygKTd4fEcB2av7PN7FNYXI', 'Tom', 1479970949, '', 'http://wx.qlogo.cn/mmopen/icxFL5aarYWL9hg7Xjmxv2cwc6niaiasYsQ3DQfZ91Zqiad9UcKcwnvQiaialy40KAkMPpibA1VYaWq4jDs3Fe7ziblCboHEZbKQs9zN/0', 1, '', '北京'),
(188, 'o5JkwvwStOOepCBh_7yJzTtY5xCU', 'maggie', 1479971350, '', 'http://wx.qlogo.cn/mmopen/icxFL5aarYWL9hg7Xjmxv2S9QwekkABz6T3lg2q2x6ROf0J8gudzn56eXQpDve3ibRwPZxXnhNiadNmma7ksgNxu35icRicHZoHS8/0', 2, '', '北京'),
(189, 'o5Jkwv_DnFftfFKwraKEen3zAVpE', '海龙', 1479971561, '', 'http://wx.qlogo.cn/mmopen/icxFL5aarYWL9hg7Xjmxv2RMQvUvlNlABW40FCLRib2EDU5PqLdTa1LAasVLgbMiasHhXBoYC9W5TkJgfppojRWyKajhdLnAffx/0', 1, '', '北京'),
(190, 'o5Jkwv9bau0QSuQPgz5HZBIou2oc', '残月吟霜', 1479971762, '', 'http://wx.qlogo.cn/mmopen/ajNVdqHZLLDyb1ZcrCbLHS1vXMwReEcQIzc8nuQnIEoAiax6GxCYjOEIGhuiaslJadmQwvJyu6vo4BT5IoC6zBIQ/0', 2, '', ''),
(191, 'o5JkwvwQskC-kFjLiHFFkGNs0G_I', 'Benjamin', 1479972666, '', 'http://wx.qlogo.cn/mmopen/Q3auHgzwzM5hoNBuibicLvXzO0yib5g8Y7XcmD72OarC6RSyjFwqnxlyr31k0ngP5QUKjhWGicSkq4WpogZLjSQcdlQPIPLibIRASC9RzvRnjYjU/0', 1, '', ''),
(192, 'o5JkwvwxIxLGq8D5MIYLuNBr8wU8', '永不放弃', 1479972951, '', 'http://wx.qlogo.cn/mmopen/whUJfy7DZTic6aKIUBVnlibGIia82KTxWAVmsTznRg4OsFrwwcsfEfmOIIdHNPL7lQYLMBAMufztl9TMSLyy9J1Z4QUotcskJBH/0', 1, '', '黑龙江'),
(193, 'o5JkwvwoxN-xbrJS80Pix6r42RbA', 'Chotan 丝绸之路', 1479974648, '', 'http://wx.qlogo.cn/mmopen/kGhHMicKKJS3Fd6Bkw7ArcibSALHwibiaFJjT4n9QibEB80vpIHiauWoA5lr3DJjoj2Y0SpdicicBzOyabDvOgKic01P4kqr7OU7RYJvL/0', 1, '', '上海'),
(194, 'o5JkwvwHav3KJBTvn1gqnh9ZAODk', '日福生技 阿龍', 1479975780, '', 'http://wx.qlogo.cn/mmopen/icxFL5aarYWKIf7tHx746FfnsrNGuAvbsPVrZRLiboWSNFRmMDPGxfneoxibmyMk2RXTAcV2M0ZRm1O1fY0JgibgZka99Hk5LKeib/0', 1, '', '广东'),
(195, 'o5Jkwv9-iwsCqJFvWbSFW1qhnMRc', '山色青青', 1479977575, '', 'http://wx.qlogo.cn/mmopen/icxFL5aarYWJiaAxGxZILHre8xAeicmsicLCoa00YLiaXZibE9gYo0da6mHibuGEJlksnxNw9CBjlDjchicvjaOBo9b5yf7e26KWR74s/0', 0, '', ''),
(196, 'o5JkwvyEo7PPV1iT-Uvl0VtoAEv4', '天津番茄网络', 1479981012, '', 'http://wx.qlogo.cn/mmopen/ajNVdqHZLLA1y4KlMQZ0Mha5pyoY3e4018muSfAOcUnicG14yEHlR7zt1vo92XZyzuHcGcX6REx7OPevDUC0xyQ/0', 1, '', '天津'),
(197, 'o5JkwvyylIyurimW79kTbSmuZokA', '李晓明', 1479988754, '', 'http://wx.qlogo.cn/mmopen/0pygn8iaZdEcs996BfzAYMAdFPxV4CDvEZfOdq6nIibaWue3dETKcHnxSS1dJ3O7DU4icTuWksH006WPqwH53AGlKwc25P2NtlN/0', 1, '', '北京'),
(198, 'o5Jkwv1xr9tJJHh1gyC8C8P4gWf4', 'A-中超资深专家林大龙UItr', 1480049594, '', 'http://wx.qlogo.cn/mmopen/PiajxSqBRaEIOb3861poqoPAu0MSQ83S6C673Tq05SZbnF4JjADbwwEtRK6EWS4Mzfg8FbNQGuSk3NytswEIw4w/0', 1, '', '吉林'),
(199, 'o5Jkwv3sIIMGvZ3ysqYYG-jhXzvY', '月亮树', 1480072407, '', 'http://wx.qlogo.cn/mmopen/PiajxSqBRaEKmmCDpbfhUHZgiaQ1ViaRDP3ibv2XKRjZnGIiaVEK69UOOE5Lh3cQMm7sSevICHrFNvEwsVB5GBKrPbA/0', 2, '', '陕西'),
(200, 'o5Jkwv04hvi58xIGfgcfdPfhUY2o', '西早剑', 1480072934, '', 'http://wx.qlogo.cn/mmopen/ajNVdqHZLLBY1SphFj1BoGibTciacxnTTERHwgFlFZ42jDHfs4TGNHXOaeNLy08USrg0CdLialYegibT91y2EeD9ng/0', 1, '', '北京'),
(201, 'o5Jkwv3LgMP9Pu8Gz3CFL214dZIU', '张苏', 1480072951, '', 'http://wx.qlogo.cn/mmopen/PiajxSqBRaEJflic217R9pg1NWia0nnrUrpnaqNRCrh5YM1pmFfgVsuXKzKT3HhZEKWHBS6yYn3BmJv8yib0lFKGtQ/0', 2, '', '北京'),
(202, 'o5Jkwv9ldkPbCZ-cdKgipnnAjl40', '程永友', 1480072953, '', 'http://wx.qlogo.cn/mmopen/icxFL5aarYWL9hg7Xjmxv2a14ukIK5cSHQxQMMpPhd1z2YOJ3bwNPLgAWLyCk7X1acu1A8lwwE0d9JLQiaKwxM8iaS8C0UtEEME/0', 1, '', '北京'),
(203, 'o5Jkwv31t6oDFFuBX1AFHRFtFqtU', '一笑而过', 1480073085, '', 'http://wx.qlogo.cn/mmopen/icxFL5aarYWL9hg7Xjmxv2aib5xJ3J1mtlJ3B90p9C9yPwTYUF7rf12mwq1jrxTFLjegM9fNz26z2CQmba6LVGOiaosyfT3tDuq/0', 0, '', ''),
(204, 'o5JkwvxZR3to15aFUaYQFGLPO4rQ', 'Michael  ‍微信至尊會', 1480073090, '', 'http://wx.qlogo.cn/mmopen/0GUD470pZANQFeIYqCFgjJ1vltbVCjCatqFojqwWPaPhMzkzPiaCAPFRicFcQb515JSfs9FC6YGFKeeFGZAica7iaqAm2pfFKtMq/0', 1, '', 'Queensland'),
(205, 'o5Jkwvya8SyXGvYzwZ0hmSs5lAsY', '好运', 1480073095, '', 'http://wx.qlogo.cn/mmopen/0pygn8iaZdEcs996BfzAYMAsZj3pGgPcicJGxNIVgMZAJDDt238G4yhLolYNwIMcn0rlNO9ibjMnSWZ6Kx50KViaQpEaFgYs1XQK/0', 1, '', '北京'),
(206, 'o5Jkwv-UNIPt_wNMSNJtSvXlMruo', '恬静', 1480073101, '', 'http://wx.qlogo.cn/mmopen/icxFL5aarYWJFPMXt3ia40XbJ8qdgJfUGIIYcOCHW4mtuOS19j7GES7Z9ffWRSLJ991Bm6lOwE15I5Q9I5xm0A6Q/0', 2, '', '北京'),
(207, 'o5Jkwv_aQsam94Ey1vsmEUl2J0U4', '甜甜', 1480076947, '', 'http://wx.qlogo.cn/mmopen/kGhHMicKKJS2oEbG7sTCMRLtaVtcgkuxoibeyzkAKuUGjK8XFzJ1mTs4EONlsTSzd6K3ZSykZ8mNN4DZu0NGZ0S8gcFyEO3teW/0', 2, '', '北京'),
(208, 'o5Jkwv8hDVqWXljfV_boySjk_lLo', '廿四莭沏', 1480125736, '', 'http://wx.qlogo.cn/mmopen/PiajxSqBRaEJnaqN5SjesJDNpBicxyicg1NH0ckP1DibwQoGmFkiaSiaia6KiaepRC4u2eGaq6xaTmicu66WIIZ2XnPyplw/0', 2, '', ''),
(209, 'o5JkwvyQFzLmS7Ip5SKLDDgh9A0U', '桂虎', 1480125774, '', 'http://wx.qlogo.cn/mmopen/kGhHMicKKJS2oEbG7sTCMRM04bOARdIbVKVFwnJEouXI5nLNV1V75OOlIomHMCB3Scw5gkSn3gmcPvjmnDI4YpQ6RezDMIOqo/0', 1, '', '北京'),
(210, 'o5Jkwv24v17uXQ-4MGpqgEwzBmwg', '莫大宝', 1480125892, '', 'http://wx.qlogo.cn/mmopen/PiajxSqBRaEK9PjicmzFX2AlsxkM33Hib2tdrGT9vXSSnf2DUnuUEpiaWxfAcdqVBjiaY94QibhWaz70l6GCx0WTIfDg/0', 1, '', '湖南'),
(211, 'o5Jkwv48MmfvbBSP1zzmqdqejMOc', 'lemonlong', 1480126166, '', 'http://wx.qlogo.cn/mmopen/0pygn8iaZdEca95nL4dfDdV6NnicDmyMXAZrGicpb7n985NcSsWb8yvGFVSvLCJVOJs4s5PSCffib3ypoumnRNU0Yg/0', 1, '', '北京'),
(212, 'o5Jkwv480UCQsuOW8O3RzGJneu88', '小吹', 1480126455, '', 'http://wx.qlogo.cn/mmopen/Q3auHgzwzM4s3NIcPzSrWmvOx7Mor5tPEjFIZGHUs2UOLkn64mgtajaTyopNqpFGibN5V9gCW21tFWc1T5Jgb8g/0', 1, '', '北京'),
(213, 'o5Jkwv5Fv-5An2xHvOpo2mbiUjlE', '希热旺佳', 1480132775, '', 'http://wx.qlogo.cn/mmopen/icxFL5aarYWL9hg7Xjmxv2VqRG6bOX9g6JUIhDM0Xt1S1y1dB7DGHCQDntIChpJicSwmjl1zKeJrwyxmxHA8jr4oMKAj4sn9Ba/0', 1, '', '北京'),
(214, 'o5JkwvwTxt2LVCHvGAv_fyIfiyUs', 'Camelot', 1480134776, '', 'http://wx.qlogo.cn/mmopen/icxFL5aarYWL9hg7Xjmxv2SMGnvYtJBXEfLdAOKlKE1NrRN3zaWxhmrlvxmwDRX1gOtGzZqE2EWSog48kkAicJ3glPpjwUB5I7/0', 1, '', ''),
(215, 'o5Jkwv71kvvwVn7_dkxlGABRVd1I', '杨阳', 1480136311, '', 'http://wx.qlogo.cn/mmopen/kGhHMicKKJS0o0iaPeEichphzPodg5YnjJMribU7X7UYEoElZk9oGjlTBNmrRVVMasHdiaEZTgfxRicp2FD7hyM3WessLicfK0tJv9C/0', 1, '', '北京'),
(216, 'o5Jkwv1OaenCGjomtofX2lgdVCEw', '谢谢，我来啦！', 1480138190, '', 'http://wx.qlogo.cn/mmopen/whUJfy7DZT9epkPk2qSicZ7CGY2DvBTfzmJSJLqn4x1TdRwvNFYUajqjiaPfkrouUQoeaJLUCttTm8sYUXAsD9ic1JDzUR3y8Pv/0', 1, '', ''),
(217, 'o5Jkwv62mNHDwVZC85MzNiYuawVA', '✔‖✔', 1480143284, '', 'http://wx.qlogo.cn/mmopen/ajNVdqHZLLD8okDTuraGDj8A23Q9QBl2kuCtV9P6IQjtwE8qJbic89N42mmtyibmF05ZVUukB2ibOZgr2TvLk6Orw/0', 1, '', '天津'),
(218, 'o5Jkwv3PA2q_Vvu6Xxd9qxsQrIgw', '杨振（证婚直播 易农场）', 1480143959, '', 'http://wx.qlogo.cn/mmopen/whUJfy7DZTiciaUBk6NCDjEhGHj1LVTxnN1okLzn4olKZVWvXJPIThELH9hKBWtBicVibqAIAmPuzzuAHGIKPicayr6rkOF2lF7iby/0', 1, '', '安徽'),
(219, 'o5Jkwv31XM9u99c0BAOAns7uQcIc', '刘玉莲', 1480150303, '', 'http://wx.qlogo.cn/mmopen/0pygn8iaZdEcs996BfzAYMKPKEfgTFKHVic0reicSpkhz5sxYVqPUpmKwpvicRJkvTLXmI4FEjLs5OoMIETbfFfepiaYAJH3PyXYB/0', 0, '', ''),
(220, 'o5Jkwv56C31zzmBwFoNCCa-9IvAM', 'A金牌', 1480163028, '', 'http://wx.qlogo.cn/mmopen/whUJfy7DZTibgbPOnOLQI3Lylurs6bzb3kvBpNUS2ibVv7jqNZctEUdwibxePgicvFkwteQiabvbGWibWzBWxHhJMO8N2VMwHn7gec/0', 2, '', '重庆'),
(221, 'o5JkwvykxYTwpxbQJMHGk18K8s0M', '王瑞', 1480209765, '', 'http://wx.qlogo.cn/mmopen/3hEib2uLUJW7vibyl3z7gfRvQiacCMGXXhVANKgZTEaLKIGTASw6vCPIfRE4dqHK26EAhT03pDNagTvnmvnCeMU4gKaPDhcSljT/0', 2, '', '河南'),
(222, 'o5Jkwv8vKBGNBRD1xRckaU9YxI98', '若莲', 1480218733, '', 'http://wx.qlogo.cn/mmopen/whUJfy7DZTiciaUBk6NCDjEttE4OuQuGFFUQgyN9teyzRl4kkxFKK1iakI1jNaWUEA7sXoZLvcrZv5vBJjyqUwnibSwsunEzOEuE/0', 2, '', ''),
(223, 'o5Jkwv_rdBL7-Ojo_viH6oaILBqs', '徐路', 1480218959, '', 'http://wx.qlogo.cn/mmopen/0pygn8iaZdEf8VHVDXdk6sImicaamVGsRR9OQoeOvic9E7s5IE6WkUlS2Saos8kqnhkXtK5MqjReqe0icYJnG9dgow/0', 1, '', '北京'),
(224, 'o5Jkwvz3sbwRhMDPvJLQtF9BSNbY', '敬磊', 1480219682, '', 'http://wx.qlogo.cn/mmopen/ajNVdqHZLLAV9JfKI36lk59QG73B6Gwqia2delANlRuHUeZFsJjEjEShNgpDlXrFJp59nRwt0EDKCFiaZdict6lcw/0', 1, '', '北京'),
(225, 'o5Jkwv9oOR3RhrfYSSUqih1wyW5c', '方远$极燕-燕窝新生$1594', 1480220289, '', 'http://wx.qlogo.cn/mmopen/kGhHMicKKJS2oEbG7sTCMRP11WxnORXrO54gmQHq69BP8FChmxT4kgrYuScbnibNfJj8sic0icMVLy2Uhubc5mySrTaRoicicPSffJ/0', 1, '', '辽宁'),
(226, 'o5JkwvwM4fMGrmNVNr-gazqwpGds', '【莱因科技】曾晶晶', 1480221537, '', 'http://wx.qlogo.cn/mmopen/kGhHMicKKJS2oEbG7sTCMROzlpWyUkdTbNLRF5ob0YOVxP4PbiaTF9zSUNibsbpxyLjialbbG31Hg5rMMhHHiafXYPxBj8IQeIfich/0', 1, '', '湖北'),
(227, 'o5JkwvzIHM4P7PM8gGFiYR15lY5A', 'Cai依水为乡', 1480222013, '', 'http://wx.qlogo.cn/mmopen/kGhHMicKKJS3bso044kLwoHLBLTkXiasAjaFx29frX5VUSXJa4xGBqictAz1VuYraU4KibM0Am23c3sfX3GsUc9icvR43HG4QP7ibt/0', 2, '', ''),
(228, 'o5Jkwv0Y1LGwxvTaB93B608IBSic', '张先生', 1480224979, '', 'http://wx.qlogo.cn/mmopen/0pygn8iaZdEdmZdo1agFTSBysreia0fnPGTPtiak0hQKLDVaXtuvrRzbd3eyU8gibooL2P1WHEUmhYCnpNlEEWkfKw/0', 1, '', '北京'),
(229, 'o5Jkwv8Un7DeWxQfYhW0PS0WeIM0', 'lin洁琼', 1480226911, '', 'http://wx.qlogo.cn/mmopen/whUJfy7DZTiciaUBk6NCDjEgxv01ItbFiazMCG1dAv8v3OSoIScUyKLXLbOcGhIKEKdOibMN2X8JOcsfa2uKzGzxQ2xIGKGWrtdf/0', 2, '', '北京'),
(230, 'o5Jkwv0SxnGaeWwy7-bXz-K7XkCY', '小白', 1480227050, '', 'http://wx.qlogo.cn/mmopen/0pygn8iaZdEcs996BfzAYMFScdG0VLb0ic1mwqIOfrgSOs6KicicUh0hXWKnxSksUJID4dBNxLS4q4mXCXhAe2AliabyBqLXCWxicP/0', 2, '', '北京'),
(231, 'o5Jkwv7dR1-PImhdaAHsejEC5p30', 'Yushi', 1480227185, '', 'http://wx.qlogo.cn/mmopen/icxFL5aarYWL9hg7Xjmxv2SZgntbHLHMo6wNWic5KSoY9YE7UBzu8MaHTH4bKccRGxWvbYFiaqicoObhEcGvHtpXtMDV8tXhDaSia/0', 2, '', ''),
(232, 'o5Jkwv7--silAaItekPzraDGM1hs', '丫丫蛋蛋三宝', 1480227498, '', 'http://wx.qlogo.cn/mmopen/PiajxSqBRaEIlX0g5UsAollIicgqaYoSMXaqeiaUsOk3LXTV32FB42vCQfOq8Kw6XrqN6RtJ178ykdpwPcHTbxyUA/0', 1, '', '北京'),
(233, 'o5Jkwv8HSSknF5a8A_MLKSVVMcYY', 'wuyirui', 1480227648, '', 'http://wx.qlogo.cn/mmopen/ajNVdqHZLLBLXGT1g77EpjFq2niaTLyhWuQdh2y7A7ByyuUia0WIOcpdw1XBFUeJIv4GDpD22AQWcxs7co5avupA/0', 2, '', '北京'),
(234, 'o5Jkwv_NCzQ9vuq_PMen0E_BqECI', '梁建', 1480227949, '', 'http://wx.qlogo.cn/mmopen/PiajxSqBRaEKP71RXRwpzmX2Iib6oTTibmGQG94hdxEcLmM489CibTDOMqIEHbzwibickbuDN0wQzKZmRbnEAZzS53HZy1FYYY7XZzFfIlqeGlpxw/0', 1, '', '北京'),
(235, 'o5Jkwv2ufZ9Yx3nqw7Dnm0nUkejw', '海军12D', 1480227980, '', 'http://wx.qlogo.cn/mmopen/0pygn8iaZdEcs996BfzAYMG0VkicBSBx2K1BmVwjm4D3jVnymCXuzhtFKvNT61JAxhEKVTKb1Xyib4t5liaRTiaFLmxK9WlNCWXEF/0', 1, '', '江苏'),
(236, 'o5Jkwv0dfi4YSZE3UrzSqSsCVuR0', '鹏城人家', 1480228064, '', 'http://wx.qlogo.cn/mmopen/icxFL5aarYWLIPicMfqzk7fKd48v8nxzGOgZM0BKeWfDdDB7yMZWlICHplJgTEnjsnBbOS4VmDkmRNsAJLtiaGyuVoMFw3uibibibI/0', 1, '', '广东'),
(237, 'o5JkwvzDVd3A7gKPAdxq4sF049YI', '竹逢春雨', 1480228230, '', 'http://wx.qlogo.cn/mmopen/kGhHMicKKJS2oEbG7sTCMRM5sbbAicGRzIqLuBVvMlqft9An3XvvpDLAwpS9CXeqK9u33wb02ZceIIRb83FXtj6oJmBfMWDemY/0', 1, '', '山东'),
(238, 'o5JkwvzxppZwHZ0KRJbgTNACUnM8', '小溪', 1480228344, '', 'http://wx.qlogo.cn/mmopen/whUJfy7DZTicEykiabfYGdiaGYqIq1r6f4VPPtXbJMMCk7tkrKwyAX2zVYHTwwibmXGJBFOeQ3qQvXiapepXfOcYPwcLibgDiaAGJGo/0', 1, '', '山东'),
(239, 'o5Jkwv-NewiQ2NGUAEN9M4WZhgwA', '不二', 1480228346, '', 'http://wx.qlogo.cn/mmopen/kGhHMicKKJS2oEbG7sTCMRKvEWJ36haMqFnL9a1jHlEhvYrXp6wG1gxcFWtlVd4xAjvdzAzcPibdTaQMgQPC6HnTicL1fDZ5hEO/0', 2, '', '北京'),
(240, 'o5Jkwv-rgVGAkkU8rAF-4kTPY_vM', '马军权', 1480228563, '', 'http://wx.qlogo.cn/mmopen/whUJfy7DZTiciaUBk6NCDjEmTtSVaIhxal6IEqUJfRa3kmiarPMuiaDtKzM9TX1v1aKHvPE4ye8V2s5ENFn1Q699tPsdaVnQlutW/0', 1, '', '北京'),
(241, 'o5Jkwv1QM4W1Q4fGyDCpwXshFT24', 'Giovanni@Partro', 1480228576, '', 'http://wx.qlogo.cn/mmopen/whUJfy7DZTiciaUBk6NCDjEvRfdHmTia38zlwTw1PO1Er1c8dfKJzfwF3bJLNRo8qVI6VhFzsqfFSZyLKqfd35icic3ChF9b3icafP/0', 1, '', '北京'),
(242, 'o5JkwvzE4phwvldPkhR3pYpAcJUA', '快快乐乐', 1480229025, '', 'http://wx.qlogo.cn/mmopen/kGhHMicKKJS2oEbG7sTCMRPrWL4sM3KAawB2r8NSygAxWTuvyvLBPgnM96Tz9iaSO9HLEw4HgESNoVDgOOhhkb2PibMcDDrN0icN/0', 2, '', '北京'),
(243, 'o5Jkwv8YWxEnjoiG6WWxvqO1ZQ0o', 'Lilian董 MEN’S尚品', 1480229181, '', 'http://wx.qlogo.cn/mmopen/ajNVdqHZLLBvJqzk5ichzibrpnwrd9ibYeaEvhd323hKWic9kdemT5nJic4qVSIYq4jOVLcWxUp5L8CTwS4s3MwdzRhgEjuKiaib98EZNMtBibXY3u0/0', 2, '', '北京'),
(244, 'o5JkwvwPLtn_BPef1Pj6bPyqMqsk', '清心', 1480229396, '', 'http://wx.qlogo.cn/mmopen/icxFL5aarYWL9hg7Xjmxv2ScQWx38mJ2ByK4K4GUiavXwUjyE1Dt6mzibjCsISzsZ515jO0ibSZcCtmApsbDSI0iamE6X1JvHkE2w/0', 1, '', '北京'),
(245, 'o5Jkwv6hzHiwX9tdUvZwEOboPo0A', '贺丽君', 1480229527, '', 'http://wx.qlogo.cn/mmopen/kGhHMicKKJS2oEbG7sTCMRNnUGUkKea8AuhnP0ZEW0ytTEesTfIKEic6liaa3Yd5uric9qm1OZITX7Tl3EiaRDozMX3D8AjjVaWicO/0', 2, '', '江苏');
INSERT INTO `hl_wuser` (`wid`, `openid`, `nick`, `logtime`, `phone`, `headimg`, `gender`, `qq`, `path`) VALUES
(246, 'o5Jkwvz_bz3-z77AgvZ8T4JK71AU', '灵君', 1480230107, '', 'http://wx.qlogo.cn/mmopen/kGhHMicKKJS2oEbG7sTCMRNQfsL3tJhsSjUd1iaONox9lvKzC8GBRJEboDjuibZj1Cp4SpghgQ4QiaN9sxGPDVkKAPMDib2BBwEqC/0', 2, '', '北京'),
(247, 'o5Jkwv6WK2yKJ2ae7OHAnkbdwsEI', '盖世英雄', 1480230242, '', 'http://wx.qlogo.cn/mmopen/ajNVdqHZLLBn0kEcZHyaRgksBq6rrmmVkiaofKPYM1HzSKgSBl3trpYj3hQSc7Lqbq8Yn3MIw15cpfgtn3heccA/0', 1, '', ''),
(248, 'o5Jkwv7fi6WNHyJdpBp8k23P04SY', '吾喺好人', 1480230328, '', 'http://wx.qlogo.cn/mmopen/whUJfy7DZTicEJDsDEAygsxAA1tS0icSR94LCzXKDLlVLtqsMO2nrTriamc4Pr14DJjuwibbZhfiar6V8jasfoIrFBQ/0', 1, '', '广东'),
(249, 'o5Jkwv7lwVEGBRD5DJwqyO8NcCzM', '真真', 1480230332, '', 'http://wx.qlogo.cn/mmopen/PiajxSqBRaEIDzxu7MaHsTDRK7IJiboiaZibVmJ6kGF2BGxrdibdAxOVic8z5iaUe6uP8QnSNILNic3eGHEUibFeq9d5nfA/0', 2, '', '北京'),
(250, 'o5Jkwv6nsU8SvbFY2pNwI3ZFUfv4', '博白迅达', 1480230435, '', 'http://wx.qlogo.cn/mmopen/kGhHMicKKJS2jlDCZl8f0Oq1c7TEBkpYgqEp2gkibHsNwuAulpJ3rBKlssqr5pO4vhleERUqua19yvCzZeaLu86Lj7wnrctLLic/0', 1, '', '广西'),
(251, 'o5Jkwv7hJWZpbLTp3fR0LN-SOSHc', '', 1480232458, '', 'http://wx.qlogo.cn/mmopen/0pygn8iaZdEcs996BfzAYMGxjy8RlBOFwyMjTISjaDicxOC5w9ia3T3812VDJmqb69dWX9vp6M5GXkcxDTT7EWbPCl0Y6JWvTul/0', 2, '', '北京'),
(252, 'o5Jkwv1D2R7EOfqMTnwl5RC1Jt6k', '昌泰集团（趙紅潔)', 1480233272, '', 'http://wx.qlogo.cn/mmopen/icxFL5aarYWKUG3YG0iaYqDAVAAqo7Xk3nt91KtXUlgSMz1QBFplRTfAUtLQbYEdV4C5Ph96H5tWOpZgxVr5kngWHXGBpW27Mb/0', 2, '', '北京'),
(253, 'o5Jkwv1V7tKS6RBJyZ_yO8dHKNvk', '一帆风顺', 1480234924, '', 'http://wx.qlogo.cn/mmopen/kGhHMicKKJS2HN3gYUOn79F0pJxsNoVILVKoeYShqGyaq7gcicAh3azl3aphblLH22JLTAeOO8npQKCKkXibgU5NaPy6EE2fcYo/0', 1, '', ''),
(254, 'o5Jkwv1lZeJLyme1ie8jzy_vyZcQ', 'Jane', 1480237407, '', 'http://wx.qlogo.cn/mmopen/0pygn8iaZdEfKnFnaXPybgmMzegWAcD9sPq5cj1icJv2ViblT0NEGmu2737Tu5LTh8IFcRicibVRFw31tsyOicgdmhmw/0', 2, '', '北京'),
(255, 'o5Jkwvy4aBCZGWAYvYbz649C3MtY', 'Suki', 1480237908, '', 'http://wx.qlogo.cn/mmopen/icxFL5aarYWKIf7tHx746FXw8noQzqzZQTvV5eFFFzzMeQf2IVErVPLxt91KrcAzZQmmCHQW8xSdhX1nsU5qG3fBs5dEpPMwU/0', 2, '', '河北'),
(256, 'o5JkwvzNicLCAVBLIHCFvzFg9Td0', '三只眼', 1480238431, '', 'http://wx.qlogo.cn/mmopen/PiajxSqBRaEJVebTlpDy7OVMtXa67cmdZqREO6QY87kD2IabyNPUoP2cYpKibMMrPucdTGC1ibkvV1JI1iaH9Ot1xg/0', 1, '', '北京'),
(257, 'o5JkwvyDRxv0Y2GgJ6fCnf0xqEMc', '贾也真', 1480238618, '', 'http://wx.qlogo.cn/mmopen/icxFL5aarYWKIf7tHx746FUJawTHsaR3En1OKZ8hnhNSeGIVGAsfEUeHUjc2ghibwxK39H8ELrsGcu5uDVCLACKkrI2Mt292TD/0', 1, '', '北京'),
(258, 'o5Jkwvxass6ppvf2ZK8UQJakaJeE', 'wangli', 1480239822, '', 'http://wx.qlogo.cn/mmopen/whUJfy7DZTiciaUBk6NCDjEhxEnGs2c7lpRsfWiaDjOgiakiaPPAkeicJvauDUice3SxFHjb5kaiahgx5MibrSY66BsvC8tav5WlXU4cN/0', 2, '', '北京'),
(259, 'o5Jkwv2Fmv5f1TL-u1g1VMY0Gckc', '琳娜', 1480242919, '', 'http://wx.qlogo.cn/mmopen/0pygn8iaZdEcs996BfzAYMM9CaTIaARVbln1CiceW3tw4EBVUR92YfB0eVNMcmjiaWM51WCmoYGtHk5Y1erT3NFVnxNKHj951Ow/0', 2, '', '北京'),
(260, 'o5Jkwv28pduUlkDC5mgtwrrW4AhQ', '米次', 1480243416, '', 'http://wx.qlogo.cn/mmopen/0pygn8iaZdEcPGmnaHTTfGOvv2vfusoEh267Cw3GkiaObmzkqNJbq57vslGbRKnZkRdzibs5OPqmC1qn17kKMaIMw/0', 1, '', '西藏'),
(261, 'o5Jkwv9r25zjBitwWjCefgxRkJA8', '阿澜@ZJU', 1480244690, '', 'http://wx.qlogo.cn/mmopen/icxFL5aarYWL9hg7Xjmxv2fyU3rhcdTtgKGFJG6esVfC3p132evXKmWuqI8PnQ4O5X3EsHSfMUIG5BSudHndTqC3SR0fJDk5H/0', 1, '', '浙江'),
(262, 'o5Jkwv2rrnxLPHNKP0ceETqx7HKc', '许艺', 1480244697, '', 'http://wx.qlogo.cn/mmopen/ajNVdqHZLLCunAlNIPYqlGUS4PMLibqeEic5rrpO4xu4O2hesXRsGOjq9aaNyGyj7hibLWGjnpiaAj8mTdiadstfQ3w/0', 2, '', '北京'),
(263, 'o5Jkwv6jbIHGuazKXDv9cV1Te6OA', '正能量', 1480245226, '', 'http://wx.qlogo.cn/mmopen/whUJfy7DZTiciaUBk6NCDjEledzB0TVZaKd1KfJ0qXybseM1ibzFNBQ0KJjr1Nyn6MoZoFiaXt8DKxocUcAOL1JEQ4Y0MhaORApI/0', 1, '', '陕西'),
(264, 'o5Jkwv8BhF6xZYgh46X7xvwJZ8JU', '谢晓东', 1480253155, '', 'http://wx.qlogo.cn/mmopen/0pygn8iaZdEciaAkPQCia2bVz5Xicmdgjt3rVJ2ictC1jIUCgcGdkclPsnzdCia3IdDGeiaia4vgibEwIEhiaDkkbXSBe4pw/0', 1, '', '北京'),
(265, 'o5Jkwv5nx1mUHLXG-542VaBoW390', 'kelly', 1480254456, '', 'http://wx.qlogo.cn/mmopen/PiajxSqBRaEKKcWyFqYYWrHArIusVbbXKJGpjWdO8jNtE6uHL1LDEhFe3jsQtlTe30T3u2ldH3dW4ZfPX3HZnVg/0', 2, '', '北京'),
(266, 'o5Jkwv7szj9EDQ0Z9ae5S7DTlphc', '蔡蔡', 1480255016, '', 'http://wx.qlogo.cn/mmopen/icxFL5aarYWL9hg7Xjmxv2YEPC6hNgZCOKDw7LZ4vLklmTHOaNeN1ew4jmdNkzDaCTyX0ObsSKEvV6hebCdSnoTQicql9uNuZ7/0', 2, '', '四川'),
(267, 'o5Jkwv__In5jig9hN3LfAuuWKizI', 'ququ', 1480256147, '', 'http://wx.qlogo.cn/mmopen/icxFL5aarYWKib2QQxib56npDicJDQ7icA9mKXKopa2hTyN0A5TXs9ASziazV3ETNjsXWGUZiblg9iaoctfH1FOY6ic1LI9EHovFGtVba/0', 0, '', ''),
(268, 'o5Jkwv3J82Tl-291EISUSR2aeWVY', '志伟', 1480264914, '', 'http://wx.qlogo.cn/mmopen/0pygn8iaZdEcs996BfzAYMNDJSf0ibXGeXjk4ZFOy9ibcREXyA8YtAueOb0I57ShZW4Nrgl5BkW6icNuDzg90l3zicgJibia3FsD6Ls/0', 1, '', '北京'),
(269, 'o5Jkwv64u2tFPhSzmsK4paGmyNKA', '静我神', 1480292049, '', 'http://wx.qlogo.cn/mmopen/whUJfy7DZTiciaUBk6NCDjEjgUczJ1eVZTK7JfiacuXJY8VibIc5zCicwJk2CRvibdEH9COFy7ExgREak6fGvPia7c7miawEyiayBYvNd/0', 1, '', '福建'),
(270, 'o5Jkwv4rAL6gtcYdc8CbDw2xM930', '曹旭光', 1480297669, '', 'http://wx.qlogo.cn/mmopen/Q3auHgzwzM5hZgZrmvibmDbF6ehpNHVgjS1Jj5aGa5bxconQlPbrkAwygyBg2fuiaPbGPzcmCS0XwDt4LYILH63g/0', 0, '', ''),
(271, 'o5Jkwvxuy9xlYclbYu5NUFR1BdUo', '阿红', 1480298924, '', 'http://wx.qlogo.cn/mmopen/kGhHMicKKJS2oEbG7sTCMRAH1qWqWVW135aB5d4uyxjuTNJoW6M6OBLRbxdxbshicMANCDeT1qQsTtgr73icib9zGT2BJuuCPqzC/0', 0, '', '北京'),
(272, 'o5JkwvzhCRMrbBLYpFsZX5xy1dcU', '0℃寂寞', 1480302619, '', 'http://wx.qlogo.cn/mmopen/0GUD470pZANQFeIYqCFgjBIMVKqsn1tm1icqtSPk9mYfEBCPia9ICdJb7M9xGLuWWljHbApDVtcFbCMfql8K0HjCQhickibEZ4SC/0', 1, '', '天津'),
(273, 'o5Jkwv1mwySVA_dKj3IYBWgYcnp8', 'MO', 1480302806, '', 'http://wx.qlogo.cn/mmopen/kGhHMicKKJS2oEbG7sTCMREhdvFKNLVOw93HrHwkbREUujaxGrUR1HdNmu597uAkOdOYQ034VfXpP2AqHJYcPepiaRz1qsAIjt/0', 2, '', '北京'),
(274, 'o5JkwvwwyAxPRBbrewK2s5cwlIMU', 'A互联网营销运营策划顾问', 1480326652, '', 'http://wx.qlogo.cn/mmopen/icxFL5aarYWL9hg7Xjmxv2SjNK2VArcQrfM0jOHiaMgrFsLgbt9FwGOmMRX5tx4MnwR6fg85tiar0tzX8FCIvuqCutddz2hNzcia/0', 1, '', '北京'),
(275, 'o5Jkwv9VInvjWfRshf6JstdHgZq4', '九月荷香', 1480329066, '', 'http://wx.qlogo.cn/mmopen/Q3auHgzwzM4U8ItEuz2svsfNFicVVScLR3AzrCJYc7rcAxKVlrAjDbgkvKjhtESLe5N0JPDh8WRNWSHLh9Msziag/0', 1, '', ''),
(276, 'o5Jkwv5fYaYXzLuF81ViU78rNrOE', 'smily   柳博', 1480384656, '', 'http://wx.qlogo.cn/mmopen/kGhHMicKKJS2g12vxxZ9KpiaicdJQ8esibAL5wnbHArYZt2dc49EviaFRiactt4JYfLUph6y6fm8XBUreZic00cib4GrCjHVTbXbbuJ7/0', 1, '', ''),
(277, 'o5Jkwvz8a1IHV3nJjV30Sb73jKjA', '黄斌', 1480385656, '', 'http://wx.qlogo.cn/mmopen/icxFL5aarYWL9hg7Xjmxv2ZZp6VWGwRlWVGKTEMCLd3y5d6HnReNkINWvLUsJnianjloc54jxuhiaeib5Jw3zh3fKShyR8ME3W9Q/0', 1, '', '北京'),
(278, 'o5Jkwv5ZEgeuvF6kzAW92vIfstA0', 'ai华泰科技刘亚楠', 1480385815, '', 'http://wx.qlogo.cn/mmopen/0pygn8iaZdEcs996BfzAYMJS939JFUKIM18ONSQSvJjw3gTmeBcSPnyxzPsW2GIDUfWWuyWlPCWLb8dcBviaibrg0fAia0cBkt2r/0', 2, '', '河北'),
(279, 'o5Jkwv-3DFP4-dFv5Hb1-3y-UNyY', 'a张曼', 1480385892, '', 'http://wx.qlogo.cn/mmopen/kGhHMicKKJS2oEbG7sTCMRFWRkFXtGLBcHco74aJzOCicOPbjoG5QrnbaLyQpwPcAUDpB49WSpZjHGsF9Xnp7ldvnXw7LiaUYZC/0', 2, '', ''),
(280, 'o5Jkwv_w_x0dqbiCtCe1_n3swyqQ', '互联网  海波', 1480385897, '', 'http://wx.qlogo.cn/mmopen/whUJfy7DZTiciaUBk6NCDjEgbFh8N3zu61QmuN59y6SyFOh6SzXvDPD6ZNZmavPIZEZVnYhyXdf6uOAWo1V2wa9a9oAiafUZCVR/0', 1, '', '天津'),
(281, 'o5Jkwv4Gx1VE1OImUE9fAFLPyjwc', '庸.', 1480385941, '', 'http://wx.qlogo.cn/mmopen/whUJfy7DZTiciaUBk6NCDjEt04QsouicUQrm4FtavLjbBI3pAsQjvmbb9JgLoNfgoOO7M5ZUYF9tddAreyLxC6VKictEK7UGAibicn/0', 2, '', '河北'),
(282, 'o5Jkwv1ZljYZ85mt9-qiXry5PLSY', '玉儿', 1480386091, '', 'http://wx.qlogo.cn/mmopen/whUJfy7DZTibkD4Sk0xg9hOwv8pN9C9hsjmJpgqO92PaYmoFn6ZichxcdEhgontAsDoWlIXodIX1r2Q7IxkuKP4w/0', 2, '', '天津'),
(283, 'o5Jkwv9qt3hkY-Y5NklQqExlwV1o', '宁丽娜', 1480386311, '', 'http://wx.qlogo.cn/mmopen/icxFL5aarYWI6oc28TfQ0xTswo4kBiaPtle5FpFjvgd91stkbwcSxpbjyXBAgDs7zgTtrW6ad41Sw4GWDusib2OeA/0', 2, '', '天津'),
(284, 'o5Jkwv5RFiaG6DFTQBlX8kV2APhY', '段艳丽', 1480386318, '', 'http://wx.qlogo.cn/mmopen/IxvosSB0pSFgIPs5UnnVq9GibvReOgP7gGTOgcKX5F2xW33DmBK1XExiafX2zgHuib7jvoBe5NmDQSRhJgoJ2Y923JHfLFj27Ty/0', 2, '', '天津'),
(285, 'o5JkwvxoL46sz_iPRlwcLKxIgm14', 'a.张雨zzzz。', 1480386341, '', 'http://wx.qlogo.cn/mmopen/kGhHMicKKJS2oEbG7sTCMRBZUWSRqEtwFvB1SqHCJwgIxkSNbxibanyDg6ldxOyGguKtLXD1QuzmZCWqk2yQMFxEricmneZWhbY/0', 1, '', '天津'),
(286, 'o5Jkwv1CQU-T1v_vc1P-SohR6JjA', '蜜团儿～互联网商会～华泰～李秋', 1480386808, '', 'http://wx.qlogo.cn/mmopen/whUJfy7DZTiciaUBk6NCDjEgXv8dgkfQSXLBJW6dxBmlicPhPf7oCiarJ1icbdPHw8nbu93lVgAvujQFne26B0AEOETSBCUmHlWFT/0', 2, '', '天津');

-- --------------------------------------------------------

--
-- 表的结构 `hl_zan`
--

CREATE TABLE `hl_zan` (
  `zan_id` int(11) UNSIGNED NOT NULL COMMENT '主键id',
  `userid` int(11) DEFAULT NULL COMMENT '用户主键id',
  `v_id` int(11) DEFAULT NULL COMMENT '精选id',
  `wid` int(10) UNSIGNED NOT NULL DEFAULT '0'
) ENGINE=MyISAM DEFAULT CHARSET=utf8 COMMENT='点赞表';

--
-- 转存表中的数据 `hl_zan`
--

INSERT INTO `hl_zan` (`zan_id`, `userid`, `v_id`, `wid`) VALUES
(1, 1, 2, 0),
(2, 3, 2, 0),
(3, NULL, 3, 4),
(4, NULL, 13, 13),
(5, NULL, 13, 12),
(6, 10, 13, 0),
(7, NULL, 13, 26),
(8, NULL, 13, 40),
(9, NULL, 13, 42),
(10, NULL, 13, 6),
(11, NULL, 13, 43),
(12, NULL, 13, 3),
(13, 14, 14, 0),
(14, NULL, 14, 88),
(15, NULL, 14, 101),
(16, NULL, 14, 91),
(17, NULL, 14, 71),
(18, NULL, 14, 77),
(19, NULL, 14, 70),
(20, NULL, 14, 6),
(21, NULL, 13, 2),
(22, NULL, 13, 141),
(23, NULL, 16, 4),
(24, NULL, 16, 15),
(25, NULL, 16, 158),
(26, NULL, 16, 172),
(27, NULL, 13, 31),
(28, NULL, 13, 30),
(29, NULL, 13, 180),
(30, NULL, 13, 196),
(31, 2, 13, 0),
(32, 2, 17, 0),
(33, 2, 16, 0),
(34, NULL, 17, 213),
(35, NULL, 13, 4),
(36, NULL, 13, 22),
(37, NULL, 18, 232),
(38, 24, 18, 0),
(39, NULL, 18, 15),
(40, NULL, 18, 165),
(41, NULL, 18, 249),
(42, NULL, 18, 9),
(43, NULL, 18, 4),
(44, NULL, 18, 3),
(45, NULL, 13, 261),
(46, NULL, 14, 273),
(47, 7, 18, 0);

-- --------------------------------------------------------

--
-- 表的结构 `hl_zcr`
--

CREATE TABLE `hl_zcr` (
  `zcr_id` int(11) UNSIGNED NOT NULL COMMENT '主持人id',
  `zcr_name` varchar(60) DEFAULT NULL COMMENT '主持人名称',
  `zcr_age` tinyint(4) DEFAULT NULL,
  `zcr_height` varchar(5) DEFAULT '180',
  `zcr_zy` varchar(20) DEFAULT NULL,
  `zcr_num` int(11) DEFAULT NULL,
  `txtCon1` varchar(100) DEFAULT NULL COMMENT '主持人简介',
  `txtCon2` varchar(100) DEFAULT NULL,
  `txtCon3` varchar(100) DEFAULT NULL,
  `zcr_img` varchar(100) DEFAULT NULL COMMENT '主持人图片',
  `zcr_star` tinyint(4) NOT NULL DEFAULT '0'
) ENGINE=MyISAM DEFAULT CHARSET=utf8 COMMENT='主持人表';

--
-- 转存表中的数据 `hl_zcr`
--

INSERT INTO `hl_zcr` (`zcr_id`, `zcr_name`, `zcr_age`, `zcr_height`, `zcr_zy`, `zcr_num`, `txtCon1`, `txtCon2`, `txtCon3`, `zcr_img`, `zcr_star`) VALUES
(1, '马龙', 28, '180', '广播主持', 178, '服务极致，全心全意', NULL, NULL, '/uploads/2016/10/13/57ff5cc98fd02.jpg', 2),
(6, '陈晓', 31, '188', '电视广播', 301, '为您创意一场，铭记永远的婚礼', NULL, NULL, '/uploads/2016/10/13/57ff5cc98fd02.jpg', 5);

-- --------------------------------------------------------

--
-- 表的结构 `hl_zhufu`
--

CREATE TABLE `hl_zhufu` (
  `zhu_id` int(11) UNSIGNED NOT NULL,
  `userid` int(11) DEFAULT '0' COMMENT '会员id',
  `v_id` int(11) DEFAULT '0' COMMENT '直播的主键id',
  `text` varchar(255) DEFAULT NULL COMMENT '祝福',
  `nick` varchar(50) DEFAULT NULL COMMENT '会员昵称',
  `time` varchar(11) DEFAULT NULL COMMENT '留言时间',
  `img` varchar(500) DEFAULT NULL COMMENT '会员头像',
  `wid` int(10) UNSIGNED NOT NULL DEFAULT '0'
) ENGINE=MyISAM DEFAULT CHARSET=utf8 COMMENT='用户留言表';

--
-- 转存表中的数据 `hl_zhufu`
--

INSERT INTO `hl_zhufu` (`zhu_id`, `userid`, `v_id`, `text`, `nick`, `time`, `img`, `wid`) VALUES
(6, NULL, 1, '呃呃呃呃呃呃呃', 'Open D', '1478705878', 'http://wx.qlogo.cn/mmopen/ajNVdqHZLLDwLFWcvysrfpIhvAuGiaTZhDcju2CB4Femdw4TC9IGkLnC46IIDBVX3w2iay0CZnEsLttBExWcicd4g/0', 1),
(237, 6, 10, '等多个地方官', '189*****026', '1479199522', '/uploads/2016/11/10/5824054070df4.jpg', 0),
(238, 7, 8, 'hhaa ', '186*****629', '1479212435', '/Public/Home/img/default.jpg', 0),
(8, NULL, 5, '心心相印', '时斌111', '1478756011', 'http://wx.qlogo.cn/mmopen/DA3VibyHJIqXibC6ib4RhsxoXkeOiaslY6H5SO7KGJ8eqAdCP6ic4y49b9EWadxTNdE7lczAyddSOhv8JNNAeQvoVYJZlH7drIkfp/0', 7),
(9, NULL, 5, '百年好合', '时斌111', '1478756034', 'http://wx.qlogo.cn/mmopen/DA3VibyHJIqXibC6ib4RhsxoXkeOiaslY6H5SO7KGJ8eqAdCP6ic4y49b9EWadxTNdE7lczAyddSOhv8JNNAeQvoVYJZlH7drIkfp/0', 7),
(5, 3, 3, 'niahodfsdfds', '186*****629', '1478705612', '/Public/Home/img/default.jpg', 0),
(10, NULL, 5, '永结同心', '时斌111', '1478756045', 'http://wx.qlogo.cn/mmopen/DA3VibyHJIqXibC6ib4RhsxoXkeOiaslY6H5SO7KGJ8eqAdCP6ic4y49b9EWadxTNdE7lczAyddSOhv8JNNAeQvoVYJZlH7drIkfp/0', 7),
(11, NULL, 5, '永结同心', '时斌111', '1478756067', 'http://wx.qlogo.cn/mmopen/DA3VibyHJIqXibC6ib4RhsxoXkeOiaslY6H5SO7KGJ8eqAdCP6ic4y49b9EWadxTNdE7lczAyddSOhv8JNNAeQvoVYJZlH7drIkfp/0', 7),
(12, NULL, 5, '百年好合', '时斌111', '1478756074', 'http://wx.qlogo.cn/mmopen/DA3VibyHJIqXibC6ib4RhsxoXkeOiaslY6H5SO7KGJ8eqAdCP6ic4y49b9EWadxTNdE7lczAyddSOhv8JNNAeQvoVYJZlH7drIkfp/0', 7),
(13, NULL, 6, '永结同心', '时斌111', '1478756352', 'http://wx.qlogo.cn/mmopen/DA3VibyHJIqXibC6ib4RhsxoXkeOiaslY6H5SO7KGJ8eqAdCP6ic4y49b9EWadxTNdE7lczAyddSOhv8JNNAeQvoVYJZlH7drIkfp/0', 7),
(14, NULL, 6, '百年好合', '时斌111', '1478756367', 'http://wx.qlogo.cn/mmopen/DA3VibyHJIqXibC6ib4RhsxoXkeOiaslY6H5SO7KGJ8eqAdCP6ic4y49b9EWadxTNdE7lczAyddSOhv8JNNAeQvoVYJZlH7drIkfp/0', 7),
(15, 5, 3, '你是地方水电费', '186*****629', '1478756417', '/Public/Home/img/default.jpg', 0),
(16, NULL, 6, '玲珑杯', '时斌111', '1478756420', 'http://wx.qlogo.cn/mmopen/DA3VibyHJIqXibC6ib4RhsxoXkeOiaslY6H5SO7KGJ8eqAdCP6ic4y49b9EWadxTNdE7lczAyddSOhv8JNNAeQvoVYJZlH7drIkfp/0', 7),
(17, 5, 6, '你是这样的', '186*****629', '1478756454', '/Public/Home/img/default.jpg', 0),
(18, 5, 6, '心心相印', '186*****629', '1478756462', '/Public/Home/img/default.jpg', 0),
(19, 5, 6, '你是否会对司法', '186*****629', '1478756469', '/Public/Home/img/default.jpg', 0),
(20, 5, 6, '永结同心', '186*****629', '1478756474', '/Public/Home/img/default.jpg', 0),
(21, 5, 6, '好人', '186*****629', '1478756488', '/Public/Home/img/default.jpg', 0),
(22, NULL, 6, '你好！', '白猫', '1478757477', 'http://wx.qlogo.cn/mmopen/8KvRU2Omsj2vJatJeX9dyJeKvRjcWmicsEM1VYZzyuS6UcddeeicBnBRkQ6AB2Yv1UE5iaIkZj7qAyia04BY13jkQehn4gDbiaKibE/0', 4),
(23, NULL, 6, '好的', '白猫', '1478757583', 'http://wx.qlogo.cn/mmopen/8KvRU2Omsj2vJatJeX9dyJeKvRjcWmicsEM1VYZzyuS6UcddeeicBnBRkQ6AB2Yv1UE5iaIkZj7qAyia04BY13jkQehn4gDbiaKibE/0', 4),
(24, 7, 6, '你是', '186*****629', '1478757756', '/Public/Home/img/default.jpg', 0),
(25, NULL, 6, '好的', '白猫', '1478757763', 'http://wx.qlogo.cn/mmopen/8KvRU2Omsj2vJatJeX9dyJeKvRjcWmicsEM1VYZzyuS6UcddeeicBnBRkQ6AB2Yv1UE5iaIkZj7qAyia04BY13jkQehn4gDbiaKibE/0', 4),
(26, 7, 6, '叫你回家', '186*****629', '1478757783', '/Public/Home/img/default.jpg', 0),
(27, 7, 6, '金晶科技', '186*****629', '1478757803', '/Public/Home/img/default.jpg', 0),
(28, NULL, 6, '静', '白猫', '1478757811', 'http://wx.qlogo.cn/mmopen/8KvRU2Omsj2vJatJeX9dyJeKvRjcWmicsEM1VYZzyuS6UcddeeicBnBRkQ6AB2Yv1UE5iaIkZj7qAyia04BY13jkQehn4gDbiaKibE/0', 4),
(29, 7, 6, '发送到', '186*****629', '1478758090', '/Public/Home/img/default.jpg', 0),
(30, NULL, 6, '工', '白猫', '1478758107', 'http://wx.qlogo.cn/mmopen/8KvRU2Omsj2vJatJeX9dyJeKvRjcWmicsEM1VYZzyuS6UcddeeicBnBRkQ6AB2Yv1UE5iaIkZj7qAyia04BY13jkQehn4gDbiaKibE/0', 4),
(31, 7, 6, '9999', '186*****629', '1478758177', '/Public/Home/img/default.jpg', 0),
(32, 2, 5, 'sdfsdf', '182*****805', '1478758551', '/Public/Home/img/default.jpg', 0),
(33, 7, 4, '你是谁啊 ', '186*****629', '1478758826', '/Public/Home/img/default.jpg', 0),
(34, 7, 4, '是的发送到', '186*****629', '1478758829', '/Public/Home/img/default.jpg', 0),
(35, 7, 4, '的所发生的', '186*****629', '1478758831', '/Public/Home/img/default.jpg', 0),
(36, 7, 4, '是的发送到', '186*****629', '1478758834', '/Public/Home/img/default.jpg', 0),
(37, 7, 4, '神鼎飞丹砂', '186*****629', '1478758837', '/Public/Home/img/default.jpg', 0),
(38, 7, 4, '神鼎飞丹砂', '186*****629', '1478758840', '/Public/Home/img/default.jpg', 0),
(39, NULL, 4, '红米', '白猫', '1478758879', 'http://wx.qlogo.cn/mmopen/8KvRU2Omsj2vJatJeX9dyJeKvRjcWmicsEM1VYZzyuS6UcddeeicBnBRkQ6AB2Yv1UE5iaIkZj7qAyia04BY13jkQehn4gDbiaKibE/0', 4),
(40, NULL, 4, '李敏过', '白猫', '1478758889', 'http://wx.qlogo.cn/mmopen/8KvRU2Omsj2vJatJeX9dyJeKvRjcWmicsEM1VYZzyuS6UcddeeicBnBRkQ6AB2Yv1UE5iaIkZj7qAyia04BY13jkQehn4gDbiaKibE/0', 4),
(41, 7, 4, '78787', '186*****629', '1478758892', '/Public/Home/img/default.jpg', 0),
(42, NULL, 4, '匿名', '白猫', '1478758903', 'http://wx.qlogo.cn/mmopen/8KvRU2Omsj2vJatJeX9dyJeKvRjcWmicsEM1VYZzyuS6UcddeeicBnBRkQ6AB2Yv1UE5iaIkZj7qAyia04BY13jkQehn4gDbiaKibE/0', 4),
(43, NULL, 4, '李云', '白猫', '1478758908', 'http://wx.qlogo.cn/mmopen/8KvRU2Omsj2vJatJeX9dyJeKvRjcWmicsEM1VYZzyuS6UcddeeicBnBRkQ6AB2Yv1UE5iaIkZj7qAyia04BY13jkQehn4gDbiaKibE/0', 4),
(44, 7, 4, '你是地方ID', '186*****629', '1478759105', '/Public/Home/img/default.jpg', 0),
(45, NULL, 5, '1111', '白猫', '1478759593', 'http://wx.qlogo.cn/mmopen/8KvRU2Omsj2vJatJeX9dyJeKvRjcWmicsEM1VYZzyuS6UcddeeicBnBRkQ6AB2Yv1UE5iaIkZj7qAyia04BY13jkQehn4gDbiaKibE/0', 4),
(46, NULL, 5, '啊啊啊吧', '白猫', '1478759597', 'http://wx.qlogo.cn/mmopen/8KvRU2Omsj2vJatJeX9dyJeKvRjcWmicsEM1VYZzyuS6UcddeeicBnBRkQ6AB2Yv1UE5iaIkZj7qAyia04BY13jkQehn4gDbiaKibE/0', 4),
(47, 7, 5, 'nnninsdfndi', '186*****629', '1478759600', '/Public/Home/img/default.jpg', 0),
(48, NULL, 5, '哈哈', '白猫', '1478759601', 'http://wx.qlogo.cn/mmopen/8KvRU2Omsj2vJatJeX9dyJeKvRjcWmicsEM1VYZzyuS6UcddeeicBnBRkQ6AB2Yv1UE5iaIkZj7qAyia04BY13jkQehn4gDbiaKibE/0', 4),
(49, 7, 5, 'ndifdn', '186*****629', '1478759609', '/Public/Home/img/default.jpg', 0),
(50, 2, 5, '31231231231', '182*****805', '1478759963', '/Public/Home/img/default.jpg', 0),
(51, 2, 5, '2342342342', '182*****805', '1478759965', '/Public/Home/img/default.jpg', 0),
(52, 7, 5, '423423423423423', '186*****629', '1478759971', '/Public/Home/img/default.jpg', 0),
(53, 7, 5, '78787878', '186*****629', '1478759974', '/Public/Home/img/default.jpg', 0),
(54, 7, 5, '123123', '186*****629', '1478760070', '/Public/Home/img/default.jpg', 0),
(55, 7, 5, '4234234', '186*****629', '1478760073', '/Public/Home/img/default.jpg', 0),
(56, 7, 5, '234234234234', '186*****629', '1478760220', '/Public/Home/img/default.jpg', 0),
(57, 7, 5, '45*5*5*', '186*****629', '1478760222', '/Public/Home/img/default.jpg', 0),
(58, 2, 5, '45*5*', '182*****805', '1478760228', '/Public/Home/img/default.jpg', 0),
(59, 2, 5, '8678768', '182*****805', '1478760230', '/Public/Home/img/default.jpg', 0),
(60, 7, 5, '4234234', '186*****629', '1478760426', '/Public/Home/img/default.jpg', 0),
(61, 7, 5, '34534', '186*****629', '1478760428', '/Public/Home/img/default.jpg', 0),
(62, 2, 5, '4234234234', '182*****805', '1478760467', '/Public/Home/img/default.jpg', 0),
(63, 2, 5, 'pppppp', '182*****805', '1478760471', '/Public/Home/img/default.jpg', 0),
(64, 2, 5, '42342342', '182*****805', '1478760572', '/Public/Home/img/default.jpg', 0),
(65, 7, 5, '34534535', '186*****629', '1478760577', '/Public/Home/img/default.jpg', 0),
(66, 7, 5, '2434234234', '186*****629', '1478760605', '/Public/Home/img/default.jpg', 0),
(67, 2, 5, '53453453', '182*****805', '1478760613', '/Public/Home/img/default.jpg', 0),
(68, 7, 5, '131231', '186*****629', '1478760988', '/Public/Home/img/default.jpg', 0),
(69, 7, 5, '243234', '186*****629', '1478760990', '/Public/Home/img/default.jpg', 0),
(70, 2, 5, '4323423', '182*****805', '1478760998', '/Public/Home/img/default.jpg', 0),
(71, 2, 5, '哈哈哈哈', '182*****805', '1478761002', '/Public/Home/img/default.jpg', 0),
(72, 7, 5, 'ndfidsf ', '186*****629', '1478761092', '/Public/Home/img/default.jpg', 0),
(73, 2, 5, '是的发送到发送到', '182*****805', '1478761100', '/Public/Home/img/default.jpg', 0),
(74, 2, 5, '发生的发生地方', '182*****805', '1478761105', '/Public/Home/img/default.jpg', 0),
(75, 7, 5, 'sdfsdfsdfosdffsdf', '186*****629', '1478761167', '/Public/Home/img/default.jpg', 0),
(76, 2, 5, '大方的说法都是', '182*****805', '1478761173', '/Public/Home/img/default.jpg', 0),
(77, 7, 5, 'nishfdifsdfsdf', '186*****629', '1478761209', '/Public/Home/img/default.jpg', 0),
(78, 7, 4, '防守打法你是打飞机', '186*****629', '1478827757', '/Public/Home/img/default.jpg', 0),
(79, 7, 4, '发送到发送到水电费', '186*****629', '1478827763', '/Public/Home/img/default.jpg', 0),
(80, 7, 4, '而为繁荣', '186*****629', '1478827768', '/Public/Home/img/default.jpg', 0),
(81, 7, 4, '而他认为任务', '186*****629', '1478827789', '/Public/Home/img/default.jpg', 0),
(82, 7, 4, '王企鹅无', '186*****629', '1478827807', '/Public/Home/img/default.jpg', 0),
(83, 7, 4, '得分王', '186*****629', '1478827817', '/Public/Home/img/default.jpg', 0),
(84, 7, 4, '双方都收到', '186*****629', '1478827819', '/Public/Home/img/default.jpg', 0),
(85, 7, 4, '飞', '186*****629', '1478827822', '/Public/Home/img/default.jpg', 0),
(86, 7, 4, '二恶', '186*****629', '1478827826', '/Public/Home/img/default.jpg', 0),
(87, 7, 4, '发送到发送到发送到', '186*****629', '1478827838', '/Public/Home/img/default.jpg', 0),
(88, 7, 4, '打我大所', '186*****629', '1478827842', '/Public/Home/img/default.jpg', 0),
(89, 7, 4, '得到', '186*****629', '1478827848', '/Public/Home/img/default.jpg', 0),
(90, 7, 4, '大神', '186*****629', '1478828107', '/Public/Home/img/default.jpg', 0),
(91, 7, 4, '违法他人委托任务二', '186*****629', '1478828690', '/Public/Home/img/default.jpg', 0),
(92, 7, 4, '我是这样的', '186*****629', '1478829291', '/Public/Home/img/default.jpg', 0),
(93, 7, 4, '我是这样的', '186*****629', '1478829424', '/Public/Home/img/default.jpg', 0),
(94, 7, 4, '突然耸人听闻', '186*****629', '1478829479', '/Public/Home/img/default.jpg', 0),
(95, 7, 4, '发个非官方的', '186*****629', '1478829516', '/Public/Home/img/default.jpg', 0),
(96, 2, 4, '永结同心', '182*****805', '1478829543', '/Public/Home/img/default.jpg', 0),
(97, 7, 4, '阿斯达所多', '186*****629', '1478829878', '/Public/Home/img/default.jpg', 0),
(98, 7, 4, '阿斯达所', '186*****629', '1478829880', '/Public/Home/img/default.jpg', 0),
(99, 7, 4, '阿斯达所多', '186*****629', '1478829882', '/Public/Home/img/default.jpg', 0),
(100, 7, 4, '阿斯达所多', '186*****629', '1478829887', '/Public/Home/img/default.jpg', 0),
(101, 7, 4, '阿斯达所大所', '186*****629', '1478829889', '/Public/Home/img/default.jpg', 0),
(102, 7, 4, '阿斯达所大所多', '186*****629', '1478829893', '/Public/Home/img/default.jpg', 0),
(103, 2, 4, '123', '182*****805', '1478830157', '/Public/Home/img/default.jpg', 0),
(104, 2, 4, '123', '182*****805', '1478830158', '/Public/Home/img/default.jpg', 0),
(105, 2, 4, '123', '182*****805', '1478830159', '/Public/Home/img/default.jpg', 0),
(106, 2, 4, '123', '182*****805', '1478830170', '/Public/Home/img/default.jpg', 0),
(107, 2, 4, '123', '182*****805', '1478830171', '/Public/Home/img/default.jpg', 0),
(108, 2, 4, '123', '182*****805', '1478830172', '/Public/Home/img/default.jpg', 0),
(109, 2, 4, 'fff ', '182*****805', '1478830320', '/Public/Home/img/default.jpg', 0),
(110, 2, 4, 'dff ', '182*****805', '1478830325', '/Public/Home/img/default.jpg', 0),
(111, 2, 4, 'qweqwe', '182*****805', '1478830790', '/Public/Home/img/default.jpg', 0),
(112, 2, 4, 'qweqwe', '182*****805', '1478830791', '/Public/Home/img/default.jpg', 0),
(113, 2, 4, 'weqwe', '182*****805', '1478830792', '/Public/Home/img/default.jpg', 0),
(114, 2, 4, 'hdh ', '182*****805', '1478832034', '/Public/Home/img/default.jpg', 0),
(115, 2, 4, 'hdhd ', '182*****805', '1478832037', '/Public/Home/img/default.jpg', 0),
(116, 2, 4, 'jdhdh ', '182*****805', '1478832041', '/Public/Home/img/default.jpg', 0),
(117, 2, 4, 'bdhdh ', '182*****805', '1478832103', '/Public/Home/img/default.jpg', 0),
(118, 2, 4, 'hdhdh ', '182*****805', '1478832105', '/Public/Home/img/default.jpg', 0),
(119, 7, 4, '你是这丫g', '186*****629', '1478832122', '/Public/Home/img/default.jpg', 0),
(120, 2, 4, 'ffff ', '182*****805', '1478832207', '/Public/Home/img/default.jpg', 0),
(121, 2, 4, '-dxdff', '182*****805', '1478832210', '/Public/Home/img/default.jpg', 0),
(122, 2, 4, 'fccccc', '182*****805', '1478832212', '/Public/Home/img/default.jpg', 0),
(123, 7, 4, '你是说的福收到发送到发', '186*****629', '1478832254', '/Public/Home/img/default.jpg', 0),
(124, 7, 4, '你是谁啊', '186*****629', '1478832263', '/Public/Home/img/default.jpg', 0),
(125, 7, 4, '你师父', '186*****629', '1478832276', '/Public/Home/img/default.jpg', 0),
(126, 2, 4, 'asd', '182*****805', '1478832317', '/Public/Home/img/default.jpg', 0),
(127, 2, 4, 'asd', '182*****805', '1478832318', '/Public/Home/img/default.jpg', 0),
(128, 2, 4, 'sd', '182*****805', '1478832319', '/Public/Home/img/default.jpg', 0),
(129, 2, 4, 'asd', '182*****805', '1478832325', '/Public/Home/img/default.jpg', 0),
(130, 2, 4, 'asd', '182*****805', '1478832327', '/Public/Home/img/default.jpg', 0),
(131, NULL, 4, '你好啊 ', '白猫', '1478832354', 'http://wx.qlogo.cn/mmopen/8KvRU2Omsj2vJatJeX9dyJeKvRjcWmicsEM1VYZzyuS6UcddeeicBnBRkQ6AB2Yv1UE5iaIkZj7qAyia04BY13jkQehn4gDbiaKibE/0', 4),
(132, 7, 4, '你好啊啊 ', '186*****629', '1478832363', '/Public/Home/img/default.jpg', 0),
(133, 7, 4, '兔兔', '186*****629', '1478833393', '/Public/Home/img/default.jpg', 0),
(134, NULL, 4, '是的发送到发送到', '白猫', '1478833445', 'http://wx.qlogo.cn/mmopen/8KvRU2Omsj2vJatJeX9dyJeKvRjcWmicsEM1VYZzyuS6UcddeeicBnBRkQ6AB2Yv1UE5iaIkZj7qAyia04BY13jkQehn4gDbiaKibE/0', 4),
(135, 7, 4, '水电费水电费', '186*****629', '1478833448', '/Public/Home/img/default.jpg', 0),
(136, NULL, 4, '水电费水电费', '白猫', '1478833453', 'http://wx.qlogo.cn/mmopen/8KvRU2Omsj2vJatJeX9dyJeKvRjcWmicsEM1VYZzyuS6UcddeeicBnBRkQ6AB2Yv1UE5iaIkZj7qAyia04BY13jkQehn4gDbiaKibE/0', 4),
(137, 7, 4, '发的说说的开发商的', '186*****629', '1478833587', '/Public/Home/img/default.jpg', 0),
(138, NULL, 4, '出发斯蒂芬', '白猫', '1478833591', 'http://wx.qlogo.cn/mmopen/8KvRU2Omsj2vJatJeX9dyJeKvRjcWmicsEM1VYZzyuS6UcddeeicBnBRkQ6AB2Yv1UE5iaIkZj7qAyia04BY13jkQehn4gDbiaKibE/0', 4),
(139, 7, 4, '是的发送到', '186*****629', '1478833601', '/Public/Home/img/default.jpg', 0),
(140, 7, 4, '热污染翁人', '186*****629', '1478833637', '/Public/Home/img/default.jpg', 0),
(141, NULL, 4, '打啊阿斯达所多', '白猫', '1478833644', 'http://wx.qlogo.cn/mmopen/8KvRU2Omsj2vJatJeX9dyJeKvRjcWmicsEM1VYZzyuS6UcddeeicBnBRkQ6AB2Yv1UE5iaIkZj7qAyia04BY13jkQehn4gDbiaKibE/0', 4),
(142, 7, 4, '额绯闻绯闻', '186*****629', '1478833675', '/Public/Home/img/default.jpg', 0),
(143, NULL, 4, '方式发生地方', '白猫', '1478833681', 'http://wx.qlogo.cn/mmopen/8KvRU2Omsj2vJatJeX9dyJeKvRjcWmicsEM1VYZzyuS6UcddeeicBnBRkQ6AB2Yv1UE5iaIkZj7qAyia04BY13jkQehn4gDbiaKibE/0', 4),
(144, 7, 4, '沃尔沃二无', '186*****629', '1478834093', '/Public/Home/img/default.jpg', 0),
(145, 0, 4, '分手大师地方', '白猫', '1478834097', 'http://wx.qlogo.cn/mmopen/8KvRU2Omsj2vJatJeX9dyJeKvRjcWmicsEM1VYZzyuS6UcddeeicBnBRkQ6AB2Yv1UE5iaIkZj7qAyia04BY13jkQehn4gDbiaKibE/0', 4),
(146, 7, 4, '水电费水电费', '186*****629', '1478834152', '/Public/Home/img/default.jpg', 0),
(147, 0, 4, '发生的发生的', '白猫', '1478834171', 'http://wx.qlogo.cn/mmopen/8KvRU2Omsj2vJatJeX9dyJeKvRjcWmicsEM1VYZzyuS6UcddeeicBnBRkQ6AB2Yv1UE5iaIkZj7qAyia04BY13jkQehn4gDbiaKibE/0', 4),
(148, 7, 4, NULL, '186*****629', '1478840910', '/Public/Home/img/default.jpg', 0),
(149, 7, 4, NULL, '186*****629', '1478840944', '/Public/Home/img/default.jpg', 0),
(150, 7, 4, 'hh', '186*****629', '1478841070', '/Public/Home/img/default.jpg', 0),
(151, 7, 4, 'vb', '186*****629', '1478841073', '/Public/Home/img/default.jpg', 0),
(152, 7, 4, NULL, '186*****629', '1478843780', '/Public/Home/img/default.jpg', 0),
(153, 7, 4, NULL, '186*****629', '1478843781', '/Public/Home/img/default.jpg', 0),
(154, 7, 4, 'asd', '186*****629', '1478845399', '/Public/Home/img/default.jpg', 0),
(155, 7, 4, 'asd', '186*****629', '1478845400', '/Public/Home/img/default.jpg', 0),
(156, 7, 4, 'asd', '186*****629', '1478845401', '/Public/Home/img/default.jpg', 0),
(157, 7, 4, NULL, '186*****629', '1478845422', '/Public/Home/img/default.jpg', 0),
(158, 7, 4, '心心相印', '186*****629', '1478845503', '/Public/Home/img/default.jpg', 0),
(159, 7, 4, 'frwer ', '186*****629', '1478845506', '/Public/Home/img/default.jpg', 0),
(160, 2, 4, '百年好合', '182*****805', '1478845677', '/Public/Home/img/default.jpg', 0),
(161, 2, 4, '回电话', '182*****805', '1478845683', '/Public/Home/img/default.jpg', 0),
(162, 2, 4, '觉得九点半', '182*****805', '1478845690', '/Public/Home/img/default.jpg', 0),
(163, 2, 4, 'sss', '182*****805', '1478846143', '/Public/Home/img/default.jpg', 0),
(164, 2, 4, 'xxx', '182*****805', '1478846159', '/Public/Home/img/default.jpg', 0),
(165, 2, 4, 'xx', '182*****805', '1478846162', '/Public/Home/img/default.jpg', 0),
(166, 2, 4, 'bhh', '182*****805', '1478846177', '/Public/Home/img/default.jpg', 0),
(167, 2, 4, 'ddd', '182*****805', '1478846180', '/Public/Home/img/default.jpg', 0),
(168, 2, 4, 'hdhdh', '182*****805', '1478846192', '/Public/Home/img/default.jpg', 0),
(169, 2, 4, 'ddd', '182*****805', '1478846441', '/Public/Home/img/default.jpg', 0),
(170, 2, 4, 'ddd', '182*****805', '1478846444', '/Public/Home/img/default.jpg', 0),
(171, 2, 4, 'dd', '182*****805', '1478846448', '/Public/Home/img/default.jpg', 0),
(172, 2, 4, 'hdbd', '182*****805', '1478846462', '/Public/Home/img/default.jpg', 0),
(173, 2, 4, 'ff', '182*****805', '1478846654', '/Public/Home/img/default.jpg', 0),
(174, 2, 4, 'cf', '182*****805', '1478846656', '/Public/Home/img/default.jpg', 0),
(175, 2, 4, 'gg', '182*****805', '1478846658', '/Public/Home/img/default.jpg', 0),
(176, 2, 4, 'vvv', '182*****805', '1478847176', '/Public/Home/img/default.jpg', 0),
(177, 2, 4, 'xdd', '182*****805', '1478847185', '/Public/Home/img/default.jpg', 0),
(178, 2, 4, 'ddd', '182*****805', '1478847211', '/Public/Home/img/default.jpg', 0),
(179, 2, 8, 'ddd', '182*****805', '1478847258', '/Public/Home/img/default.jpg', 0),
(180, 2, 8, 'xxd', '182*****805', '1478847261', '/Public/Home/img/default.jpg', 0),
(181, 2, 8, 'xxd', '182*****805', '1478847263', '/Public/Home/img/default.jpg', 0),
(182, 2, 9, 'asd', '182*****805', '1478847300', '/Public/Home/img/default.jpg', 0),
(183, 2, 9, 'asd', '182*****805', '1478847301', '/Public/Home/img/default.jpg', 0),
(184, 2, 9, 'asd', '182*****805', '1478847302', '/Public/Home/img/default.jpg', 0),
(185, 2, 9, 'asd', '182*****805', '1478847317', '/Public/Home/img/default.jpg', 0),
(186, 2, 9, 'asd', '182*****805', '1478847318', '/Public/Home/img/default.jpg', 0),
(187, 2, 9, 'asd', '182*****805', '1478847320', '/Public/Home/img/default.jpg', 0),
(188, 2, 4, 'djdh', '182*****805', '1478847606', '/Public/Home/img/default.jpg', 0),
(189, 2, 4, 'xjjd', '182*****805', '1478847608', '/Public/Home/img/default.jpg', 0),
(190, 2, 4, 'jdjd ', '182*****805', '1478847612', '/Public/Home/img/default.jpg', 0),
(191, 2, 4, 'hshd', '182*****805', '1478848094', '/Public/Home/img/default.jpg', 0),
(192, 2, 4, 'dd', '182*****805', '1478848097', '/Public/Home/img/default.jpg', 0),
(193, 2, 4, 'dd', '182*****805', '1478848099', '/Public/Home/img/default.jpg', 0),
(194, 2, 4, 'dd', '182*****805', '1478848146', '/Public/Home/img/default.jpg', 0),
(195, 2, 4, 'cf', '182*****805', '1478848148', '/Public/Home/img/default.jpg', 0),
(196, 2, 4, 'cx', '182*****805', '1478848152', '/Public/Home/img/default.jpg', 0),
(197, 2, 4, 'xxd', '182*****805', '1478848297', '/Public/Home/img/default.jpg', 0),
(198, 2, 4, 'hjj', '182*****805', '1478848299', '/Public/Home/img/default.jpg', 0),
(199, 2, 4, 'bh', '182*****805', '1478848302', '/Public/Home/img/default.jpg', 0),
(200, 2, 4, 'gg', '182*****805', '1478848676', '/Public/Home/img/default.jpg', 0),
(201, 2, 4, 'hh', '182*****805', '1478848679', '/Public/Home/img/default.jpg', 0),
(202, 2, 4, 'gh', '182*****805', '1478848681', '/Public/Home/img/default.jpg', 0),
(203, 2, 4, '相亲相爱', '182*****805', '1478848696', '/Public/Home/img/default.jpg', 0),
(204, 2, 4, 'qq', '182*****805', '1478848786', '/Public/Home/img/default.jpg', 0),
(205, 2, 4, 'ddj', '182*****805', '1478848790', '/Public/Home/img/default.jpg', 0),
(206, 2, 4, 'hdj', '182*****805', '1478848793', '/Public/Home/img/default.jpg', 0),
(207, 2, 4, 'nsjsb', '182*****805', '1478848897', '/Public/Home/img/default.jpg', 0),
(208, 2, 4, 'nshsv', '182*****805', '1478848900', '/Public/Home/img/default.jpg', 0),
(209, 2, 4, 'dd', '182*****805', '1478849590', '/Public/Home/img/default.jpg', 0),
(210, 2, 4, 'xx', '182*****805', '1478849592', '/Public/Home/img/default.jpg', 0),
(211, 2, 4, 'dd', '182*****805', '1478849595', '/Public/Home/img/default.jpg', 0),
(212, 2, 9, 'dd', '182*****805', '1478849634', '/Public/Home/img/default.jpg', 0),
(213, 2, 9, 'xd', '182*****805', '1478849639', '/Public/Home/img/default.jpg', 0),
(214, 2, 9, 'zss', '182*****805', '1478849648', '/Public/Home/img/default.jpg', 0),
(215, 2, 9, '相亲相爱', '182*****805', '1478849651', '/Public/Home/img/default.jpg', 0),
(216, 2, 4, 'ddd', '182*****805', '1478849736', '/Public/Home/img/default.jpg', 0),
(217, 2, 4, 'xdd', '182*****805', '1478849738', '/Public/Home/img/default.jpg', 0),
(218, 2, 4, 'dd', '182*****805', '1478849747', '/Public/Home/img/default.jpg', 0),
(219, 2, 9, 'xdd', '182*****805', '1478849764', '/Public/Home/img/default.jpg', 0),
(220, 2, 9, 'xxd', '182*****805', '1478849766', '/Public/Home/img/default.jpg', 0),
(221, 2, 9, 'd', '182*****805', '1478849787', '/Public/Home/img/default.jpg', 0),
(222, 2, 9, 'dd', '182*****805', '1478849790', '/Public/Home/img/default.jpg', 0),
(223, 2, 9, 'ss', '182*****805', '1478849792', '/Public/Home/img/default.jpg', 0),
(224, 7, 4, 'asd', '186*****629', '1478849898', '/Public/Home/img/default.jpg', 0),
(225, 7, 4, 'asd', '186*****629', '1478849899', '/Public/Home/img/default.jpg', 0),
(226, 7, 4, 'asd', '186*****629', '1478849900', '/Public/Home/img/default.jpg', 0),
(227, 7, 4, 'asd', '186*****629', '1478849901', '/Public/Home/img/default.jpg', 0),
(228, 7, 4, 'asd', '186*****629', '1478849920', '/Public/Home/img/default.jpg', 0),
(229, 7, 4, 'asd', '186*****629', '1478849921', '/Public/Home/img/default.jpg', 0),
(230, 7, 4, 'asd', '186*****629', '1478849922', '/Public/Home/img/default.jpg', 0),
(231, 7, 4, 'AS', '186*****629', '1478849946', '/Public/Home/img/default.jpg', 0),
(232, 7, 4, 'AS', '186*****629', '1478849948', '/Public/Home/img/default.jpg', 0),
(233, 7, 4, 'AS', '186*****629', '1478849949', '/Public/Home/img/default.jpg', 0),
(234, 7, 4, 'AS', '186*****629', '1478849972', '/Public/Home/img/default.jpg', 0),
(235, 7, 4, 'AS', '186*****629', '1478849975', '/Public/Home/img/default.jpg', 0),
(236, 7, 4, 'AS', '186*****629', '1478849984', '/Public/Home/img/default.jpg', 0),
(239, 7, 8, 'nsihfisdf', '186*****629', '1479212440', '/Public/Home/img/default.jpg', 0),
(240, 0, 13, '心心相印', '电商时代', '1479361134', 'http://wx.qlogo.cn/mmopen/kGhHMicKKJS2oEbG7sTCMRFHwD7DRv1DXkwZ52XSmUvUPtcTwd4OLrJgxCMP3P2NwpZCBmkZy6HhXfh2L4GRia7QanU250Rmdl/0', 23),
(241, 0, 13, '东东我爱你', '盛开在今天', '1479365876', 'http://wx.qlogo.cn/mmopen/icxFL5aarYWLr3tSicmSWA9hBDD4NMfRe9lQcfA9jSzFI3XzMfJ0RRTLQ6qQXpP6eWV0sr4N48YchKQIXBicoc8EA/0', 43),
(242, 0, 13, '赞 业界良心', '张飛（策划农场、直播、婚礼）', '1479367114', 'http://wx.qlogo.cn/mmopen/ajNVdqHZLLBjt7bVYmvcmlkWkOk5crJF8q8YTRNoA9EgKfMIsjLNgicaXWm6OUicZcF8S2MxbcNnsAFK94kI5QeQ/0', 3),
(243, 0, 14, '更衣时间 一会继续直播 ', '且行且珍惜', '1479523085', 'http://wx.qlogo.cn/mmopen/ajNVdqHZLLBaZGiaicicKHwT6FibtaHqqYiaJbZs9WxZQ1UgaicBvqJpibxB9FGqxkRXAdnibKpuc10QD3aAytKbBwAhWw/0', 68),
(244, 0, 14, '就想看', '张飛（策划农场、直播、婚礼）', '1479523127', 'http://wx.qlogo.cn/mmopen/ajNVdqHZLLBjt7bVYmvcmlkWkOk5crJF8q8YTRNoA9EgKfMIsjLNgicaXWm6OUicZcF8S2MxbcNnsAFK94kI5QeQ/0', 3),
(245, 0, 14, '好玩嘛', '༄ཎཽཾ།', '1479524346', 'http://wx.qlogo.cn/mmopen/0pygn8iaZdEcF50OoSibBYxcbeKgXVSDy2TFt6WhBZsVSvrYlJD6iaGpvYD3G7BNqFyVTt6ptlribMhZzP9EJD1jjQ/0', 88),
(246, 0, 14, '太了，没去现场的可以在家看直播', '梦想那地方(●––●)', '1479531628', 'http://wx.qlogo.cn/mmopen/ajNVdqHZLLAaiaFGvB2J04L5hrfNTEXicn8Gn1zuJl3UvJEf05iaruG17umeSwqfX3WjOF4cxJ8KFsTLn3NKcSDPA/0', 77),
(247, 0, 14, '只是这直播有问题吧，有时能看有时不能看', '梦想那地方(●––●)', '1479531662', 'http://wx.qlogo.cn/mmopen/ajNVdqHZLLAaiaFGvB2J04L5hrfNTEXicn8Gn1zuJl3UvJEf05iaruG17umeSwqfX3WjOF4cxJ8KFsTLn3NKcSDPA/0', 77),
(248, 0, 14, '小伟啊', '平安综合金融', '1479533017', 'http://wx.qlogo.cn/mmopen/0pygn8iaZdEe5TOJbNbSFv5zib16NNosaj6egO0b5Px5HiaRmfUcAETKIzhEhKL0RzdRUctkzLB1nZiaT6qMWjCmJg/0', 103),
(249, 0, 15, '图像分辨率比较不好。', 'Liuwencan', '1479550426', 'http://wx.qlogo.cn/mmopen/Q3auHgzwzM7DGeeic42reEbCnOxcaQrRYXa2sYVwVia6hkStoVgaucxO1nUnPygKZTPVQ6VgpB3pAbBAwN6liamKA/0', 123),
(250, 1, 15, '现场网速不行', '137*****535', '1479551303', '/Public/Home/img/default.jpg', 0),
(251, 0, 16, '背景音乐有些大', '张飛（策划农场、直播、婚礼）', '1479884346', 'http://wx.qlogo.cn/mmopen/ajNVdqHZLLBjt7bVYmvcmlkWkOk5crJF8q8YTRNoA9EgKfMIsjLNgicaXWm6OUicZcF8S2MxbcNnsAFK94kI5QeQ/0', 3),
(252, 0, 16, '大家如果有什么关于普洱茶的问题可', '袁博', '1479885452', 'http://wx.qlogo.cn/mmopen/kGhHMicKKJS2oEbG7sTCMROqSvkQ2Z6QHGXdEq4eceS3oEWK8D26fBaqy9KLHdjquwGOmadvf3XdciatImQaHrjExzicxOM3uEu/0', 15),
(253, 0, 16, '好赞哦 ', '一只耳', '1479885465', 'http://wx.qlogo.cn/mmopen/whUJfy7DZTiciaUBk6NCDjEjkHR8WY500vh6uSesBnJYCE5yrllfv7xwzdmQSap5IIkJ8BEhiaTbKZjU3UMlUdJmxVxKPGP4gqh/0', 9),
(254, 0, 16, '以提问', '袁博', '1479885470', 'http://wx.qlogo.cn/mmopen/kGhHMicKKJS2oEbG7sTCMROqSvkQ2Z6QHGXdEq4eceS3oEWK8D26fBaqy9KLHdjquwGOmadvf3XdciatImQaHrjExzicxOM3uEu/0', 15),
(255, 0, 16, '直播结束了么？', '张飛（策划农场、直播、婚礼）', '1479887436', 'http://wx.qlogo.cn/mmopen/ajNVdqHZLLBjt7bVYmvcmlkWkOk5crJF8q8YTRNoA9EgKfMIsjLNgicaXWm6OUicZcF8S2MxbcNnsAFK94kI5QeQ/0', 3),
(256, 0, 16, '老师很优雅', '张飛（策划农场、直播、婚礼）', '1479895704', 'http://wx.qlogo.cn/mmopen/ajNVdqHZLLBjt7bVYmvcmlkWkOk5crJF8q8YTRNoA9EgKfMIsjLNgicaXWm6OUicZcF8S2MxbcNnsAFK94kI5QeQ/0', 3),
(257, 2, 13, 'asdfsadf', '182*****805', '1479981663', '/Public/Home/img/default.jpg', 0),
(258, 2, 13, 'asd', '182*****805', '1479982373', '/Public/Home/img/default.jpg', 0),
(259, 2, 13, 'hhh', '182*****805', '1479982647', '/Public/Home/img/default.jpg', 0),
(260, 2, 13, '123', '182*****805', '1479982803', '/Public/Home/img/default.jpg', 0),
(261, 2, 13, 'asd', '182*****805', '1479983073', '/Public/Home/img/default.jpg', 0),
(262, 2, 13, '1', '182*****805', '1479983091', '/Public/Home/img/default.jpg', 0),
(263, 2, 13, '123', '182*****805', '1479983132', '/Public/Home/img/default.jpg', 0),
(264, 2, 13, '123', '182*****805', '1479983261', '/Public/Home/img/default.jpg', 0),
(265, 2, 13, '11111', '182*****805', '1479983877', '/Public/Home/img/default.jpg', 0),
(266, 2, 13, 'asdasd', '182*****805', '1479983943', '/Public/Home/img/default.jpg', 0),
(267, 2, 14, '8错', '182*****805', '1480126858', '/Public/Home/img/default.jpg', 0),
(268, 0, 16, '哈喽', '单车我的初恋小情人', '1480144402', 'http://wx.qlogo.cn/mmopen/0pygn8iaZdEcs996BfzAYMFjHaXoDlUrgBTYxue7Ax1o6uibmVoEV0Pb8cctWMMVXu41icEdbHjyEYO0QsprHMwcFjKicBcqSuqr/0', 4),
(269, 0, 18, '不错哦！看见了熟悉的身影', '丫丫蛋蛋三宝', '1480230421', 'http://wx.qlogo.cn/mmopen/PiajxSqBRaEIlX0g5UsAollIicgqaYoSMXaqeiaUsOk3LXTV32FB42vCQfOq8Kw6XrqN6RtJ178ykdpwPcHTbxyUA/0', 232),
(270, 0, 18, '大吉岭，麝香葡萄味', '袁博', '1480230434', 'http://wx.qlogo.cn/mmopen/kGhHMicKKJS2oEbG7sTCMROqSvkQ2Z6QHGXdEq4eceS3oEWK8D26fBaqy9KLHdjquwGOmadvf3XdciatImQaHrjExzicxOM3uEu/0', 15),
(271, 0, 18, '好茶', '真真', '1480230519', 'http://wx.qlogo.cn/mmopen/PiajxSqBRaEIDzxu7MaHsTDRK7IJiboiaZibVmJ6kGF2BGxrdibdAxOVic8z5iaUe6uP8QnSNILNic3eGHEUibFeq9d5nfA/0', 249),
(272, 0, 18, '个人感觉锡兰红茶好过大吉岭', '丫丫蛋蛋三宝', '1480230676', 'http://wx.qlogo.cn/mmopen/PiajxSqBRaEIlX0g5UsAollIicgqaYoSMXaqeiaUsOk3LXTV32FB42vCQfOq8Kw6XrqN6RtJ178ykdpwPcHTbxyUA/0', 232),
(273, 0, 18, '一会给你带一盒', '袁博', '1480231012', 'http://wx.qlogo.cn/mmopen/kGhHMicKKJS2oEbG7sTCMROqSvkQ2Z6QHGXdEq4eceS3oEWK8D26fBaqy9KLHdjquwGOmadvf3XdciatImQaHrjExzicxOM3uEu/0', 15),
(274, 0, 18, '喝锡兰红茶已经多年啦，家里有许多不用啦，谢谢', '丫丫蛋蛋三宝', '1480231100', 'http://wx.qlogo.cn/mmopen/PiajxSqBRaEIlX0g5UsAollIicgqaYoSMXaqeiaUsOk3LXTV32FB42vCQfOq8Kw6XrqN6RtJ178ykdpwPcHTbxyUA/0', 232),
(275, 0, 18, '什么饼？茶点？', '袁博', '1480232090', 'http://wx.qlogo.cn/mmopen/kGhHMicKKJS2oEbG7sTCMROqSvkQ2Z6QHGXdEq4eceS3oEWK8D26fBaqy9KLHdjquwGOmadvf3XdciatImQaHrjExzicxOM3uEu/0', 15),
(276, 0, 18, '非常专业的讲座', '墨茗其妙4193', '1480232147', 'http://wx.qlogo.cn/mmopen/ajNVdqHZLLAzkTJX5icezicf57gvTZsCLyraicdlRbkkcgteTcabVvl9waRLiadRwWSwfOmnlh8FJ4Eic2ibJC5CEQTg/0', 165),
(277, 0, 18, '问东风好', '丫丫蛋蛋三宝', '1480232198', 'http://wx.qlogo.cn/mmopen/PiajxSqBRaEIlX0g5UsAollIicgqaYoSMXaqeiaUsOk3LXTV32FB42vCQfOq8Kw6XrqN6RtJ178ykdpwPcHTbxyUA/0', 232),
(278, 0, 18, '这款格雷伯爵杯底有花蜜香', '袁博', '1480232708', 'http://wx.qlogo.cn/mmopen/kGhHMicKKJS2oEbG7sTCMROqSvkQ2Z6QHGXdEq4eceS3oEWK8D26fBaqy9KLHdjquwGOmadvf3XdciatImQaHrjExzicxOM3uEu/0', 15),
(279, 0, 18, '奶茶以亚麻布色为标准色', '袁博', '1480234295', 'http://wx.qlogo.cn/mmopen/kGhHMicKKJS2oEbG7sTCMROqSvkQ2Z6QHGXdEq4eceS3oEWK8D26fBaqy9KLHdjquwGOmadvf3XdciatImQaHrjExzicxOM3uEu/0', 15),
(280, 0, 18, '尼尔吉里水果茶味道太赞啦！', '袁博', '1480234570', 'http://wx.qlogo.cn/mmopen/kGhHMicKKJS2oEbG7sTCMROqSvkQ2Z6QHGXdEq4eceS3oEWK8D26fBaqy9KLHdjquwGOmadvf3XdciatImQaHrjExzicxOM3uEu/0', 15),
(281, 0, 18, '下面一款是印度拉茶', '袁博', '1480234991', 'http://wx.qlogo.cn/mmopen/kGhHMicKKJS2oEbG7sTCMROqSvkQ2Z6QHGXdEq4eceS3oEWK8D26fBaqy9KLHdjquwGOmadvf3XdciatImQaHrjExzicxOM3uEu/0', 15),
(282, 0, 18, '很赞', '单车我的初恋小情人', '1480239229', 'http://wx.qlogo.cn/mmopen/0pygn8iaZdEcs996BfzAYMFjHaXoDlUrgBTYxue7Ax1o6uibmVoEV0Pb8cctWMMVXu41icEdbHjyEYO0QsprHMwcFjKicBcqSuqr/0', 4),
(283, 0, 18, '很不错', '张飛（策划农场、直播、婚礼）', '1480302083', 'http://wx.qlogo.cn/mmopen/ajNVdqHZLLBjt7bVYmvcmlkWkOk5crJF8q8YTRNoA9EgKfMIsjLNgicaXWm6OUicZcF8S2MxbcNnsAFK94kI5QeQ/0', 3),
(284, 0, 18, '你好', '九月荷香', '1480329214', 'http://wx.qlogo.cn/mmopen/Q3auHgzwzM4U8ItEuz2svsfNFicVVScLR3AzrCJYc7rcAxKVlrAjDbgkvKjhtESLe5N0JPDh8WRNWSHLh9Msziag/0', 275);

--
-- Indexes for dumped tables
--

--
-- Indexes for table `hl_admin`
--
ALTER TABLE `hl_admin`
  ADD PRIMARY KEY (`admin_id`),
  ADD UNIQUE KEY `name` (`name`);

--
-- Indexes for table `hl_app`
--
ALTER TABLE `hl_app`
  ADD PRIMARY KEY (`appid`);

--
-- Indexes for table `hl_guanggao`
--
ALTER TABLE `hl_guanggao`
  ADD PRIMARY KEY (`id`);

--
-- Indexes for table `hl_guankan`
--
ALTER TABLE `hl_guankan`
  ADD PRIMARY KEY (`gk_id`);

--
-- Indexes for table `hl_hongbao`
--
ALTER TABLE `hl_hongbao`
  ADD PRIMARY KEY (`hb_id`);

--
-- Indexes for table `hl_hx_video`
--
ALTER TABLE `hl_hx_video`
  ADD PRIMARY KEY (`hx_id`);

--
-- Indexes for table `hl_jx_video`
--
ALTER TABLE `hl_jx_video`
  ADD PRIMARY KEY (`jx_id`);

--
-- Indexes for table `hl_lunbo`
--
ALTER TABLE `hl_lunbo`
  ADD PRIMARY KEY (`id`);

--
-- Indexes for table `hl_qy`
--
ALTER TABLE `hl_qy`
  ADD PRIMARY KEY (`qy_id`);

--
-- Indexes for table `hl_user`
--
ALTER TABLE `hl_user`
  ADD PRIMARY KEY (`userid`);

--
-- Indexes for table `hl_video`
--
ALTER TABLE `hl_video`
  ADD PRIMARY KEY (`v_id`);

--
-- Indexes for table `hl_wuser`
--
ALTER TABLE `hl_wuser`
  ADD PRIMARY KEY (`wid`);

--
-- Indexes for table `hl_zan`
--
ALTER TABLE `hl_zan`
  ADD PRIMARY KEY (`zan_id`);

--
-- Indexes for table `hl_zcr`
--
ALTER TABLE `hl_zcr`
  ADD PRIMARY KEY (`zcr_id`);

--
-- Indexes for table `hl_zhufu`
--
ALTER TABLE `hl_zhufu`
  ADD PRIMARY KEY (`zhu_id`);

--
-- 在导出的表使用AUTO_INCREMENT
--

--
-- 使用表AUTO_INCREMENT `hl_admin`
--
ALTER TABLE `hl_admin`
  MODIFY `admin_id` int(11) UNSIGNED NOT NULL AUTO_INCREMENT COMMENT '婚礼直播管理员主键id', AUTO_INCREMENT=15;
--
-- 使用表AUTO_INCREMENT `hl_app`
--
ALTER TABLE `hl_app`
  MODIFY `appid` int(10) UNSIGNED NOT NULL AUTO_INCREMENT COMMENT '主键id', AUTO_INCREMENT=7;
--
-- 使用表AUTO_INCREMENT `hl_guanggao`
--
ALTER TABLE `hl_guanggao`
  MODIFY `id` int(11) UNSIGNED NOT NULL AUTO_INCREMENT COMMENT '主键id', AUTO_INCREMENT=26;
--
-- 使用表AUTO_INCREMENT `hl_guankan`
--
ALTER TABLE `hl_guankan`
  MODIFY `gk_id` int(11) UNSIGNED NOT NULL AUTO_INCREMENT COMMENT '观看记录表主键id', AUTO_INCREMENT=1686;
--
-- 使用表AUTO_INCREMENT `hl_hongbao`
--
ALTER TABLE `hl_hongbao`
  MODIFY `hb_id` int(11) UNSIGNED NOT NULL AUTO_INCREMENT, AUTO_INCREMENT=5;
--
-- 使用表AUTO_INCREMENT `hl_hx_video`
--
ALTER TABLE `hl_hx_video`
  MODIFY `hx_id` int(255) NOT NULL AUTO_INCREMENT, AUTO_INCREMENT=2;
--
-- 使用表AUTO_INCREMENT `hl_jx_video`
--
ALTER TABLE `hl_jx_video`
  MODIFY `jx_id` int(11) NOT NULL AUTO_INCREMENT COMMENT '主键id', AUTO_INCREMENT=47;
--
-- 使用表AUTO_INCREMENT `hl_lunbo`
--
ALTER TABLE `hl_lunbo`
  MODIFY `id` int(11) UNSIGNED NOT NULL AUTO_INCREMENT COMMENT '主键id', AUTO_INCREMENT=13;
--
-- 使用表AUTO_INCREMENT `hl_qy`
--
ALTER TABLE `hl_qy`
  MODIFY `qy_id` int(11) UNSIGNED NOT NULL AUTO_INCREMENT COMMENT '添加的区域id', AUTO_INCREMENT=5;
--
-- 使用表AUTO_INCREMENT `hl_user`
--
ALTER TABLE `hl_user`
  MODIFY `userid` int(11) NOT NULL AUTO_INCREMENT, AUTO_INCREMENT=29;
--
-- 使用表AUTO_INCREMENT `hl_video`
--
ALTER TABLE `hl_video`
  MODIFY `v_id` int(11) NOT NULL AUTO_INCREMENT, AUTO_INCREMENT=20;
--
-- 使用表AUTO_INCREMENT `hl_wuser`
--
ALTER TABLE `hl_wuser`
  MODIFY `wid` int(11) NOT NULL AUTO_INCREMENT, AUTO_INCREMENT=287;
--
-- 使用表AUTO_INCREMENT `hl_zan`
--
ALTER TABLE `hl_zan`
  MODIFY `zan_id` int(11) UNSIGNED NOT NULL AUTO_INCREMENT COMMENT '主键id', AUTO_INCREMENT=48;
--
-- 使用表AUTO_INCREMENT `hl_zcr`
--
ALTER TABLE `hl_zcr`
  MODIFY `zcr_id` int(11) UNSIGNED NOT NULL AUTO_INCREMENT COMMENT '主持人id', AUTO_INCREMENT=9;
--
-- 使用表AUTO_INCREMENT `hl_zhufu`
--
ALTER TABLE `hl_zhufu`
  MODIFY `zhu_id` int(11) UNSIGNED NOT NULL AUTO_INCREMENT, AUTO_INCREMENT=285;
/*!40101 SET CHARACTER_SET_CLIENT=@OLD_CHARACTER_SET_CLIENT */;
/*!40101 SET CHARACTER_SET_RESULTS=@OLD_CHARACTER_SET_RESULTS */;
/*!40101 SET COLLATION_CONNECTION=@OLD_COLLATION_CONNECTION */;
